file,window_idx,mean_ax_m/s/s,mean_ay_m/s/s,mean_az_m/s/s,mean_gx_deg/s,mean_gy_deg/s,mean_gz_deg/s,std_ax_m/s/s,std_ay_m/s/s,std_az_m/s/s,std_gx_deg/s,std_gy_deg/s,std_gz_deg/s,sma,dominant_freq_ax_m/s/s,dominant_freq_ay_m/s/s,dominant_freq_az_m/s/s,dominant_freq_gx_deg/s,dominant_freq_gy_deg/s,dominant_freq_gz_deg/s,activity
A001_1585,0,2.682741803920675,-9.931248351024184,3.3364734554500437,-0.02265564098184316,0.028487584778319204,0.6839594036031776,0.4316996200403185,1.1542219193557706,1.4498253045449598,0.24234790796272077,0.16669674775650728,0.7248835883382778,15.9504636103949,2.0000000000000426,2.0000000000000426,2.0000000000000426,2.0000000000000426,2.0000000000000426,2.0000000000000426,walk
A001_1585,1,2.4784928461146647,-10.788069060344263,3.004372532616084,0.2500846734794798,-0.1947532962219504,-0.9429228103873174,0.6251908079622098,1.0972282753075426,1.758154491139176,0.34298514195623303,0.4313828339986547,1.3929827111318833,16.270934439075013,2.0000000000000426,4.000000000000085,2.0000000000000426,2.0000000000000426,2.0000000000000426,2.0000000000000426,walk
A011_1585,0,1.9561892986802492,-9.579382944992302,2.3330741198999276,-0.024269530616361997,-0.0006394146847822585,0.03496008318205507,0.05659693681833733,0.020409579161738033,0.11424588820470118,0.006287645549872288,0.021522491325586052,0.007357002733013815,13.868646363572475,4.000000000000085,4.000000000000085,2.0000000000000426,2.0000000000000426,4.000000000000085,2.0000000000000426,walk
A011_1585,1,1.8135547319247747,-9.446231446281034,2.6823001149220227,-0.011335662912556553,-0.0764446191962833,0.03160649736873308,0.24969407643228336,0.2066132717245177,0.34652879243553425,0.03012569204792289,0.08731660098798594,0.016246008637612393,13.94208629312783,2.0000000000000426,2.0000000000000426,2.0000000000000426,2.0000000000000426,2.0000000000000426,6.000000000000128,walk
A111_1585,0,3.4612167017071354,-9.35823020962259,1.0515882855440435,-0.0073736397014857805,-0.00011710077088592648,0.01820276960396117,0.015853441884115697,0.014393888957852354,0.019254209473152366,0.0022517056706058544,0.003969808432465873,0.0025955134259617813,13.871035196873766,4.000000000000085,4.000000000000085,2.0000000000000426,2.0000000000000426,4.000000000000085,4.000000000000085,walk
A111_1585,1,3.4670861242000326,-9.358618699435544,1.0578093929403978,-0.006710501902351404,-0.004369216798189805,0.01877378807044328,0.02422756466498104,0.010037138017246122,0.00637597286079045,0.0019952472358857366,0.007553554368008744,0.0021134601861001984,13.883514216575975,4.000000000000085,2.0000000000000426,4.000000000000085,2.0000000000000426,4.000000000000085,4.000000000000085,walk
B001_1585,0,1.5511730822501781,-9.185724064060981,3.772891236756717,0.12406003061323059,-0.5442897073259219,0.31707043847655253,0.20621648861060468,0.2551737812654314,0.14615389379073684,0.09381932645410143,0.2202409655533701,0.100827719542377,14.509788383067876,4.000000000000085,2.0000000000000426,2.0000000000000426,2.0000000000000426,2.0000000000000426,2.0000000000000426,walk
B001_1585,1,1.4159620721286907,-9.075230381869366,3.8549484904692077,0.0718854756155745,-0.7210970538254302,0.38631897205705756,0.3230702643287069,0.511391519446249,0.14830136603852304,0.281565057844515,0.45396291497713637,0.050426678435591704,14.346140944467265,2.0000000000000426,2.0000000000000426,2.0000000000000426,2.0000000000000426,2.0000000000000426,2.0000000000000426,walk
B001_1585,2,1.248103789966279,-9.09915923182581,4.580407216936433,-0.28355805090516023,-0.17799860429713213,0.2444817899900979,0.4018181003112096,0.8657467832838295,0.8471984564849812,0.38297308762343196,0.765461284860001,0.14053287356058575,14.927670238728524,4.000000000000085,2.0000000000000426,2.0000000000000426,2.0000000000000426,2.0000000000000426,2.0000000000000426,walk
B002_1585,0,1.9880164178395054,-9.343383264613998,3.4238230137267736,-0.14068939570376673,0.0038770837988700534,0.2829522138563667,0.30172134904214676,0.2846121325688156,0.46635571634974826,0.10806079961613169,0.43043060912602427,0.22389017681088827,14.755222696180276,2.0000000000000426,4.000000000000085,2.0000000000000426,2.0000000000000426,2.0000000000000426,2.0000000000000426,walk
B002_1585,1,1.927446236957443,-10.150923496035238,3.322226104584624,0.045601058380965356,-0.4620103774506502,0.387932052250831,0.4175848464995103,1.3535113766253106,0.4542827558442629,0.17237950930414114,0.22815010646914374,0.19240643725984521,15.400595837577304,2.0000000000000426,2.0000000000000426,2.0000000000000426,2.0000000000000426,4.000000000000085,4.000000000000085,walk
B003_1585,0,1.9045879139540842,-9.305719337614706,3.3970413921317504,-0.04768842956647652,0.016537363301462132,0.11107515061391542,0.11662961686145623,0.05711562307360904,0.11385487982440733,0.032326630007889795,0.018339818320267792,0.08634330821585708,14.60734864370054,2.0000000000000426,2.0000000000000426,2.0000000000000426,2.0000000000000426,2.0000000000000426,2.0000000000000426,walk
B003_1585,1,1.927125722430015,-9.345215521123661,3.554608555905882,-0.03373566328809359,-0.06373156937299455,0.2115715177654175,0.21167840731603532,0.13172353224543396,0.14454990344556767,0.06526554562122597,0.13035800681243942,0.05048368503203327,14.826949799459562,2.0000000000000426,2.0000000000000426,2.0000000000000426,2.0000000000000426,2.0000000000000426,2.0000000000000426,walk
B003_1585,2,1.3918715603659235,-9.285595023558725,3.8482759219084284,0.014092020437913974,-0.23893359260466462,0.2132721935354102,0.5840785824834759,0.29387752668412953,0.2698838393791654,0.12914295134862436,0.28537067853028697,0.06144151199723229,14.525742505833078,2.0000000000000426,4.000000000000085,2.0000000000000426,2.0000000000000426,2.0000000000000426,4.000000000000085,walk
B011_1585,0,2.5560216822721666,-9.043831635178035,3.667257583840057,0.059388335620010106,-0.22479266387263597,0.14674469839953003,0.08862894563641005,0.09394515239595545,0.18115940025290178,0.10964537709780978,0.1989011969860761,0.09384184395745261,15.267110901290264,2.0000000000000426,4.000000000000085,2.0000000000000426,2.0000000000000426,4.000000000000085,2.0000000000000426,walk
B011_1585,1,2.4686819561540263,-9.044041231526238,3.713859051633368,0.1258916196910009,-0.5381747820430074,0.2970413348114674,0.1501904499860759,0.23673232504691175,0.2936889095663352,0.15762659216027558,0.2682379860322027,0.09682375666695522,15.226582239313633,4.000000000000085,4.000000000000085,2.0000000000000426,2.0000000000000426,2.0000000000000426,2.0000000000000426,walk
B011_1585,2,2.1356816156020506,-8.615927714134095,4.3208570181045385,-0.0955049055211088,-0.38246280476490485,0.29438806753936186,0.44135958538871106,0.7279818787496908,0.7820973194609987,0.2930563073882534,0.39542627896042953,0.12177879188572087,15.072466347840681,2.0000000000000426,2.0000000000000426,2.0000000000000426,2.0000000000000426,2.0000000000000426,2.0000000000000426,walk
B012_1585,0,2.963636693297645,-9.083480902670036,3.240010789588134,0.06632498824966171,-0.27351073405381754,0.1767719071343455,0.2054227677126194,0.08642712979405397,0.18447687088872355,0.15456208656753312,0.28658998474448477,0.07444158086625427,15.287128385555816,2.0000000000000426,4.000000000000085,2.0000000000000426,2.0000000000000426,2.0000000000000426,2.0000000000000426,walk
B012_1585,1,2.5952565769479503,-8.856688753279336,3.624271453372237,0.10600061453894867,-0.5409117843171333,0.27818400551388506,0.3892175305232791,0.7421284936373219,0.46750506921213725,0.27132796677156806,0.441271786621897,0.07902365993200017,15.076216783599525,2.0000000000000426,2.0000000000000426,2.0000000000000426,2.0000000000000426,2.0000000000000426,4.000000000000085,walk
B012_1585,2,2.5477895374475956,-8.985716160473824,4.298449402452365,-0.3064240658574004,-0.05029872327216623,0.3790851311745901,0.6308455187484427,1.47024838712476,0.5946624628151903,0.46005466268067013,0.7888671032157033,0.15192556883785935,15.831955100373786,2.0000000000000426,2.0000000000000426,2.0000000000000426,2.0000000000000426,2.0000000000000426,2.0000000000000426,walk
B013_1585,0,2.9777717388460627,-8.955115156990638,3.4548445319207293,0.02274647610992136,-0.16997835703561331,0.12112019291122142,0.10625658765066842,0.12474250392284869,0.18442559040845471,0.031273134664688756,0.1425601367456837,0.10026977386060934,15.38773142775743,2.0000000000000426,4.000000000000085,2.0000000000000426,2.0000000000000426,2.0000000000000426,2.0000000000000426,walk
B013_1585,1,2.9598556016931794,-8.933554523151942,3.5960080202633242,0.1643063407987614,-0.44249432311823467,0.23095813217295408,0.23124172233281884,0.19450745935440458,0.10092536242685843,0.15874691969484317,0.20983919429136771,0.07360234243797324,15.489418145108445,2.0000000000000426,4.000000000000085,2.0000000000000426,2.0000000000000426,2.0000000000000426,2.0000000000000426,walk
B013_1585,2,2.62475163141593,-8.800661613443884,3.848800208727489,0.12448873296823681,-0.532706989052475,0.26447779167287794,0.38399840304351723,0.4505942644673831,0.40860725767977746,0.2791775067413215,0.277781887447496,0.08531962303436841,15.2742134535873,4.000000000000085,4.000000000000085,2.0000000000000426,2.0000000000000426,2.0000000000000426,2.0000000000000426,walk
B101_1585,0,1.68642452020847,-9.362873888292286,3.3688623811020375,-0.0077172003985382705,-0.010503586317348006,0.028472454773475823,0.06988765753703931,0.053650180311704515,0.2160495189774306,0.095300121750261,0.0645777119211878,0.0314302138720424,14.418160789602789,2.0000000000000426,4.000000000000085,2.0000000000000426,2.0000000000000426,2.0000000000000426,2.0000000000000426,walk
B101_1585,1,1.6496375430677004,-9.340034575629142,3.413677409884049,0.015998118147238786,-0.09887365418348233,0.0992294821254471,0.137301494731275,0.13552398977426924,0.19516341620470906,0.10950421480102052,0.12718421101378782,0.12398019586924279,14.403349528580888,2.0000000000000426,4.000000000000085,2.0000000000000426,2.0000000000000426,2.0000000000000426,2.0000000000000426,walk
B101_1585,2,1.3895572190073406,-9.240303695276701,3.5163153864064607,0.03380656473449463,-0.3646498298824072,0.2948741167885144,0.34504976328132664,0.29418277938951176,0.3029682124410799,0.10906537312870059,0.2967722116582669,0.1751779987735914,14.146176300690502,2.0000000000000426,4.000000000000085,2.0000000000000426,2.0000000000000426,2.0000000000000426,2.0000000000000426,walk
B102_1585,0,1.7396840909177442,-9.193757905918737,3.5264637242728,0.06975882051711264,-0.43542579865365666,0.2801650088629991,0.22441222100209648,0.043662430910561524,0.0532923356808272,0.08417894542069834,0.25545882020731314,0.09547216910977462,14.459905721109278,2.0000000000000426,4.000000000000085,4.000000000000085,2.0000000000000426,2.0000000000000426,2.0000000000000426,walk
B102_1585,1,1.6085115319286274,-8.902596429411307,3.9652022085902687,-0.09098014964875216,-0.44180096636682725,0.36264491016260236,0.2408806816545347,0.41434459376944954,0.6182934324268223,0.29131220784121137,0.42154501401792516,0.05862132522344675,14.476310169930205,4.000000000000085,2.0000000000000426,2.0000000000000426,2.0000000000000426,2.0000000000000426,4.000000000000085,walk
B102_1585,2,1.7030027233943417,-9.628820564037854,5.019641300533781,-0.33415863964568515,0.35431761923927046,0.19173579728781526,0.3465834252795024,1.323348955489535,0.7939638744399705,0.29074082947331065,0.9321129908882484,0.2751284887027493,16.351464587965978,4.000000000000085,2.0000000000000426,2.0000000000000426,2.0000000000000426,2.0000000000000426,2.0000000000000426,walk
B103_1585,0,1.5887164960860105,-9.173333321450395,3.790586224977896,-0.08067677213482699,-0.055565203387228534,0.024841574080164287,0.12833120635466552,0.049925316164018914,0.08800971661524284,0.1166640068238554,0.16239968076313643,0.00992904966839705,14.552636042514301,2.0000000000000426,2.0000000000000426,4.000000000000085,2.0000000000000426,2.0000000000000426,4.000000000000085,walk
B103_1585,1,1.6077256754664004,-9.124575198243246,3.7349715521618583,-0.2513046727185411,0.14291608879810302,0.12738374830494875,0.19096562215285873,0.42017379954649176,0.1617119926450788,0.09868468062672066,0.16164742224136672,0.15906378802835577,14.467272425871501,2.0000000000000426,4.000000000000085,2.0000000000000426,2.0000000000000426,2.0000000000000426,2.0000000000000426,walk
B103_1585,2,1.9596867518389665,-9.255166706911012,3.5207050645062616,-0.23327616131378334,-0.0431106354514915,0.32079617767984564,0.3074340727202625,0.6429320800970839,0.24517989143674576,0.10710521638226653,0.3366522418995696,0.19094719784130154,14.735558523256241,2.0000000000000426,4.000000000000085,4.000000000000085,2.0000000000000426,2.0000000000000426,2.0000000000000426,walk
B111_1585,0,2.7655340457601643,-9.191175307525253,3.0450602525379704,0.08936481173818586,-0.3566571864742513,0.19597260698364458,0.12074890133072674,0.10735377856929729,0.18568633616064115,0.1030032689202652,0.282731778863925,0.1189197501507882,15.001769605823387,2.0000000000000426,2.0000000000000426,2.0000000000000426,2.0000000000000426,2.0000000000000426,2.0000000000000426,walk
B111_1585,1,2.641666355468765,-9.079251650570136,3.281589115381984,0.18951583800017818,-0.7522813704800471,0.3436545031184204,0.4221554568432127,0.44419438205481865,0.47244401498716326,0.183267894051521,0.4649204123268484,0.08106249260935092,15.002507121420884,2.0000000000000426,2.0000000000000426,2.0000000000000426,2.0000000000000426,2.0000000000000426,2.0000000000000426,walk
B111_1585,2,2.4913889100033493,-8.995774366219923,4.273430564045003,-0.21369535119594477,-0.16941123349221368,0.32916549782109333,0.6122514860647561,0.963070102842485,1.0019382424214591,0.48411097707600637,0.9259860887328677,0.08798228036846456,15.760593840268275,4.000000000000085,2.0000000000000426,2.0000000000000426,2.0000000000000426,2.0000000000000426,2.0000000000000426,walk
B113_1585,0,1.748999124329173,-9.253735613481917,3.7051348207363657,0.08980517285218916,-0.3779099541496362,0.23508643538777194,0.15856457095287013,0.20197554170753346,0.30453326633784333,0.09202961168013721,0.32602429850890596,0.17063222037005243,14.707869558547456,4.000000000000085,4.000000000000085,2.0000000000000426,2.0000000000000426,2.0000000000000426,2.0000000000000426,walk
B113_1585,1,1.6116253921900503,-9.105128657201194,3.9945161879023527,0.19279073160968888,-0.8337084873807883,0.4091747648066105,0.4668939194708244,0.3284110794820148,0.1827868929991512,0.15950151857194805,0.47545329542103903,0.09626780638727382,14.711270237293597,4.000000000000085,4.000000000000085,4.000000000000085,2.0000000000000426,4.000000000000085,2.0000000000000426,walk
B113_1585,2,1.385225415508478,-8.741290940317718,4.647810985426469,-0.15430743570816205,-0.3020041461647787,0.29738702217587093,0.5783796666573394,0.8963247816350014,0.7087100991599654,0.4276507334349998,0.8481902390233921,0.15941617390688534,14.774327341252665,4.000000000000085,2.0000000000000426,2.0000000000000426,2.0000000000000426,2.0000000000000426,2.0000000000000426,walk
C001_1585,0,0.8696879447780558,9.311834911258067,1.6547004950798294,0.011893984406764513,-0.03506466793741434,-0.034468051356642444,0.09952155966041573,0.19130734594295415,0.04097981239404229,0.02137224939861833,0.035953469363323234,0.02568040039201841,11.836223351115953,2.0000000000000426,2.0000000000000426,2.0000000000000426,2.0000000000000426,2.0000000000000426,2.0000000000000426,walk
C001_1585,1,0.7994468915995568,9.369491784113672,2.002822055889459,0.017833136367781735,-0.11369014577423686,-0.06654624222926951,0.23674943084848285,0.4277179400371188,0.4733216600559221,0.03679653538687839,0.12809333783211013,0.054238864162302176,12.17176073160269,2.0000000000000426,4.000000000000085,2.0000000000000426,4.000000000000085,4.000000000000085,4.000000000000085,walk
C001_1585,2,0.7792114357211807,9.26835906142283,2.435472661171097,-0.018402255741807892,-0.293111263364691,-0.08550793229202235,0.2555946358530458,0.4762343146267777,0.3178069062335913,0.05973730242879646,0.18444553757524954,0.058218054527408046,12.483043158315105,4.000000000000085,2.0000000000000426,4.000000000000085,2.0000000000000426,2.0000000000000426,4.000000000000085,walk
C001_1585,3,1.1770909822427815,9.548491289628553,2.522566466758091,0.03455200973063881,-0.4071349238006556,-0.0876995133848855,0.2971783276702441,0.675596414810336,0.24898913475720436,0.11554913605883663,0.12469461089600885,0.06981803980034411,13.248148738629425,2.0000000000000426,2.0000000000000426,2.0000000000000426,2.0000000000000426,6.000000000000128,2.0000000000000426,walk
C001_1585,4,1.18301835127674,9.63499916640778,1.9577119822027018,0.006584734621581174,0.16404346862012353,0.10237754418107796,0.2808617474818935,0.6216408832018769,0.6630341000528877,0.1521281649964962,0.5971941559809892,0.20661441130551783,12.775729499887223,2.0000000000000426,2.0000000000000426,2.0000000000000426,2.0000000000000426,2.0000000000000426,2.0000000000000426,walk
C002_1585,0,1.259987020429266,9.11198751886274,2.0971527943621555,0.12178200654279409,0.06412844714661502,-0.06140238441579327,0.14367063334802938,0.5362554305607025,0.4033116271831865,0.07735745275258817,0.1328904583208372,0.062473407912795556,12.46912733365416,2.0000000000000426,4.000000000000085,2.0000000000000426,2.0000000000000426,4.000000000000085,2.0000000000000426,walk
C002_1585,1,1.9576692866046157,9.457366198689055,2.04591610570028,0.06853416335368522,-0.015176510532493541,-0.03201419138703114,0.7290407521485969,1.4187024393788268,0.5188413622425702,0.1331914095846057,0.22685318332097926,0.10782157563818774,13.460951590993949,2.0000000000000426,4.000000000000085,2.0000000000000426,2.0000000000000426,2.0000000000000426,2.0000000000000426,walk
C002_1585,2,2.3272445310387386,9.518625673038597,1.697397699851253,-0.1024509231857343,0.031121167035419867,0.039169267360770116,0.5499294245318664,1.6935771421292647,0.3449182595438525,0.1334263889841693,0.3578663772378902,0.10259543143421171,13.54326790392859,2.0000000000000426,4.000000000000085,4.000000000000085,4.000000000000085,4.000000000000085,4.000000000000085,walk
C003_1585,0,0.5154746420625093,9.443080731828312,1.4549804994848272,0.025158972959887643,-0.20875254331985968,-0.18258569675986058,0.5480879883094661,0.4251899977586238,0.17325929239599552,0.1603494476005335,0.25760923883387743,0.1880701537718915,11.499344554681361,2.0000000000000426,4.000000000000085,2.0000000000000426,2.0000000000000426,2.0000000000000426,2.0000000000000426,walk
C003_1585,1,0.6294216160587021,9.219120499052968,1.6808692768021785,0.18931954202351947,-0.6406588381424201,-0.40443703762967503,0.7936607404391757,0.6125129290809189,0.36292486940576235,0.21762503041558318,0.4509236788499509,0.1790007029254497,11.615220073219561,2.0000000000000426,4.000000000000085,2.0000000000000426,2.0000000000000426,4.000000000000085,2.0000000000000426,walk
C003_1585,2,1.3922088633625294,10.002317635602845,2.274370817910886,0.2306694507308472,-0.35166073866129693,-0.2476309809704919,0.5609622108357596,1.1770793930074042,0.4001287575426701,0.16934422584355335,0.6769052915673546,0.41520555348868865,13.668897316876262,2.0000000000000426,2.0000000000000426,2.0000000000000426,2.0000000000000426,2.0000000000000426,2.0000000000000426,walk
C011_1585,0,1.418224552917473,8.986111287246493,2.071630902535212,-0.007485497896037521,-0.453660148614952,-0.11000100822683018,0.8202676356837464,0.6115860597705539,0.4177937275294707,0.2801962062870163,0.9611290718051776,0.0867584287774245,12.475966742699176,2.0000000000000426,2.0000000000000426,2.0000000000000426,2.0000000000000426,2.0000000000000426,2.0000000000000426,walk
C011_1585,1,2.8259929713052965,8.862659928028089,1.6195017575093766,0.14638560207311385,0.0033239087305626945,0.028710488880647464,0.8542964811941748,1.2475174701311984,0.4153501226608625,0.21874649109057406,0.5029789136137881,0.2247182284126623,13.30815465684276,2.0000000000000426,4.000000000000085,4.000000000000085,2.0000000000000426,2.0000000000000426,2.0000000000000426,walk
C011_1585,2,2.966121104378949,9.67077987317409,1.3629161666587288,0.034135284844106,0.13013340202350157,0.14620677630671292,0.889965705475839,1.4115354388023948,0.3386647277967937,0.1792274207223274,0.5809595269223832,0.12995900704914756,13.999817144211766,2.0000000000000426,2.0000000000000426,6.000000000000128,2.0000000000000426,2.0000000000000426,2.0000000000000426,walk
C012_1585,0,0.70757816692817,9.397714433934743,1.602183086491072,0.09631390569659842,0.06684862127899445,-0.02046248594785058,0.09614885581926264,0.06614763506795239,0.14730133142077145,0.06676110413047898,0.08983978153664789,0.03727461895418754,11.707475687353984,2.0000000000000426,4.000000000000085,2.0000000000000426,2.0000000000000426,4.000000000000085,2.0000000000000426,walk
C012_1585,1,0.7970160532201683,9.40910327243487,1.6336962882522301,0.18012408837781732,0.32181952202169223,-0.1134530669629958,0.3864646625100548,1.24113224478545,0.16655978879833175,0.053155639034470244,0.25463865633275984,0.14125726259809354,11.839815613907268,2.0000000000000426,4.000000000000085,2.0000000000000426,2.0000000000000426,2.0000000000000426,4.000000000000085,walk
C012_1585,2,1.2307929705627672,9.24180669336997,1.621604771035375,0.09689691432660083,0.22055601392349874,-0.053442225731296505,0.49087441906117213,1.6310200016552066,0.2501428415184933,0.12398842528283918,0.46221332863114833,0.2018484188787441,12.09420443496811,2.0000000000000426,4.000000000000085,4.000000000000085,2.0000000000000426,2.0000000000000426,2.0000000000000426,walk
C012_1585,3,1.0053591210222461,9.94179861179542,1.444895011976699,-0.04098326776026503,-0.2241715921519822,0.034108663440695824,0.6997969025376267,1.4536140966586213,0.33616844433173865,0.046668449987636744,0.5051104511668235,0.14533416388567186,12.457125363397733,2.0000000000000426,2.0000000000000426,2.0000000000000426,6.000000000000128,4.000000000000085,2.0000000000000426,walk
C013_1585,0,1.5717015746139507,9.245290488829943,1.3646190174051032,0.17782309113872807,-0.009034253284542904,-0.11437429090450481,0.4374142105166439,0.9982841436759105,0.13605335256847434,0.06482990125645376,0.4115984966912936,0.0855495799000159,12.181611080848997,2.0000000000000426,4.000000000000085,2.0000000000000426,4.000000000000085,4.000000000000085,4.000000000000085,walk
C013_1585,1,1.500630257394859,9.991450273415493,1.3541699978154638,0.12415113741770355,0.10369358426239444,-0.09981566782611194,0.5613793462557018,1.10099494944091,0.1904889081739045,0.1383922048984943,0.48201754731885793,0.10626481344711541,12.847562853302883,2.0000000000000426,2.0000000000000426,2.0000000000000426,2.0000000000000426,2.0000000000000426,4.000000000000085,walk
C013_1585,2,0.4175570635095317,9.933883474774667,0.9340769259895353,-0.10405131438069926,-0.2287571283319613,-0.04321642025941214,0.8397883478278129,0.9510852899940634,0.5799844083068126,0.22253120884359268,0.7016573081442672,0.08052509191849294,11.6283945982776,2.0000000000000426,2.0000000000000426,2.0000000000000426,2.0000000000000426,2.0000000000000426,4.000000000000085,walk
C101_1585,0,1.4172286412998785,9.162818597530654,2.1032972218087003,0.012867022527417908,-0.04161323216207571,-0.039285161840265245,0.3554169813360828,0.5696185344196865,0.5727960999511206,0.0714320786535822,0.18310825820424895,0.12538375352741946,12.683344460639232,2.0000000000000426,6.000000000000128,2.0000000000000426,2.0000000000000426,2.0000000000000426,4.000000000000085,walk
C101_1585,1,2.2857429514019514,9.206734974350013,1.8055812720263809,-0.016868803170000137,-0.1500464516879215,0.053393936839617885,0.6993843398074695,1.2501403554449075,0.9199335047974166,0.0956029202423699,0.255683974678359,0.19563394564018444,13.298059197778349,2.0000000000000426,4.000000000000085,2.0000000000000426,2.0000000000000426,2.0000000000000426,2.0000000000000426,walk
C101_1585,2,2.1996242564846895,9.564641740245598,1.2831371169502637,0.03582367329614125,0.2572439596468552,-0.003894423055074636,1.0807338367604158,1.5815474314571911,0.559824918203402,0.1310848238527356,0.688714549992716,0.23516383703420146,13.063254498170068,2.0000000000000426,4.000000000000085,2.0000000000000426,2.0000000000000426,2.0000000000000426,2.0000000000000426,walk
C102_1585,0,1.1825743032975187,9.319408810699258,1.3113252659145627,-0.041865606521507635,-0.2305098737536142,-0.07983456276360691,0.15318004377600147,0.23083725995388465,0.1249025190513358,0.11072112169840793,0.32045512290478584,0.07004310356815359,11.813308379911339,2.0000000000000426,4.000000000000085,4.000000000000085,2.0000000000000426,2.0000000000000426,2.0000000000000426,walk
C102_1585,1,1.0908433061896696,9.255200434368957,1.5257949568239064,0.000526100594890238,-0.398352564431939,-0.2620898933154121,0.20302701146216615,0.6415121048354224,0.3571442216143799,0.1508618940261697,0.28954257053397375,0.15238137317285969,11.871838697382533,2.0000000000000426,4.000000000000085,4.000000000000085,2.0000000000000426,4.000000000000085,2.0000000000000426,walk
C102_1585,2,1.2525469372060487,9.549639094182378,2.0524108752435795,0.1586270749668813,-0.4247696426118264,-0.4876643754530115,0.3318997306957947,0.877145609725174,0.5649783257297487,0.1151858933791226,0.24067280798305796,0.17691972092419578,12.854596906632002,2.0000000000000426,2.0000000000000426,4.000000000000085,2.0000000000000426,2.0000000000000426,2.0000000000000426,walk
C103_1585,0,1.0589121461283661,9.403027327961444,1.4906532487424662,-0.08264045705503001,-0.29659955321230486,-0.012480562185956697,0.3498373973865129,0.3251746123620231,0.2077959451868664,0.2036749962468474,0.44612111733573173,0.15833779774726958,11.952592722832275,2.0000000000000426,4.000000000000085,2.0000000000000426,2.0000000000000426,2.0000000000000426,2.0000000000000426,walk
C103_1585,1,0.9313751002699684,9.260809317551278,1.6943443427978742,0.03673977771446213,-0.6083849614123557,-0.39536420610413,0.48197334727188396,0.4856537424202278,0.21775222857899457,0.30914870781897247,0.310923347839263,0.4855351585899162,11.886528760619122,2.0000000000000426,4.000000000000085,2.0000000000000426,2.0000000000000426,2.0000000000000426,2.0000000000000426,walk
C103_1585,2,1.2488673084153215,9.879648959770766,2.175236707675048,0.2459272854059778,-0.5150905025929761,-0.5977768516944847,0.5441514833175459,0.9518114339866769,0.3735985287164765,0.0993027043641013,0.2440520832396891,0.36279299152673333,13.303752975861137,2.0000000000000426,2.0000000000000426,2.0000000000000426,2.0000000000000426,2.0000000000000426,2.0000000000000426,walk
C111_1585,0,0.8867741322200896,9.406735986295654,1.6322143623463328,0.04382438447048895,-0.12021823788694012,-0.048268476402372903,0.2089399046487189,0.055438179070051004,0.2835637847418095,0.031525023551774424,0.17124106928738783,0.06638364206611153,11.925724480862078,2.0000000000000426,4.000000000000085,2.0000000000000426,2.0000000000000426,2.0000000000000426,2.0000000000000426,walk
C111_1585,1,1.07363176355993,9.177371573796611,1.716871731769597,0.13564619353586813,-0.09502275203413506,-0.15672157664954633,0.5612570993503666,0.709628772594034,0.267166774360965,0.08014446808821363,0.2608804930512211,0.06464963674408152,11.967875069126137,2.0000000000000426,2.0000000000000426,2.0000000000000426,2.0000000000000426,2.0000000000000426,2.0000000000000426,walk
C111_1585,2,2.066504301474437,9.24805578997212,1.4232134559375869,0.06832365433557042,0.008098179105359588,0.027449369447255602,0.8487898126468489,1.398825796117243,0.3400165274586483,0.15027623366593337,0.423717940953494,0.2741261873667981,12.737773547384144,2.0000000000000426,4.000000000000085,2.0000000000000426,2.0000000000000426,4.000000000000085,2.0000000000000426,walk
C111_1585,3,1.7996531589195295,9.979262980029924,1.0971671216719645,-0.15822692674434127,-0.14433374833527654,0.236170647861084,1.2203786488322625,1.3560229249775309,0.2981907330773089,0.1403096905352602,0.6519135393634066,0.2118292233058406,12.939847878351424,2.0000000000000426,4.000000000000085,2.0000000000000426,2.0000000000000426,2.0000000000000426,4.000000000000085,walk
C112_1585,0,0.8946830748611316,9.40682744411249,1.2855703085182808,-0.03378683534929688,-0.4222707155071946,-0.11519610934404972,0.3712521560783401,0.37666083127682765,0.10125409384776206,0.1187792196738363,0.5498935061585036,0.09766305114726258,11.587080827491903,2.0000000000000426,4.000000000000085,2.0000000000000426,2.0000000000000426,2.0000000000000426,4.000000000000085,walk
C112_1585,1,0.9112813955521935,9.435741657721064,1.6221852400529206,0.07710887181989802,-0.710786174126771,-0.45805737044483125,0.5378607017169428,0.39165578147722196,0.4126509131583949,0.23136217305355544,0.41863609857736184,0.3405651030692506,11.969208293326176,2.0000000000000426,4.000000000000085,2.0000000000000426,2.0000000000000426,2.0000000000000426,2.0000000000000426,walk
C113_1585,0,1.0271106656453353,9.180622696265702,1.8423330809175333,0.13329039812997243,0.020353145463477235,-0.09371507922957145,0.35038331155703484,0.4371579656494285,0.2984436784009551,0.07912267787187097,0.13690665508359323,0.05400850898631833,12.05006644282857,2.0000000000000426,2.0000000000000426,2.0000000000000426,2.0000000000000426,2.0000000000000426,2.0000000000000426,walk
C113_1585,1,1.6736996698577309,9.245589201308679,1.7534349084302625,0.01788463099948877,-0.0580511337638759,-0.014332342743130857,0.6083368216690673,1.0901714197190662,0.34582883276315707,0.19044115427471903,0.3231278374326329,0.1720831843096302,12.672723779596673,2.0000000000000426,4.000000000000085,2.0000000000000426,2.0000000000000426,4.000000000000085,2.0000000000000426,walk
C113_1585,2,1.900726641543532,9.816471134729595,1.3866078508313393,-0.12401136798679654,0.07535950726891234,0.07293991701936171,0.4458475400200312,1.1722372941655685,0.12179987570350494,0.07277276929822467,0.45196719334067154,0.13693430174434704,13.103805627104464,2.0000000000000426,2.0000000000000426,6.000000000000128,4.000000000000085,2.0000000000000426,4.000000000000085,walk
D001_1585,0,2.373664123038265,-9.407687704283651,1.9058249843835071,-0.03263486653186811,-0.1319975701090932,0.1371744478664782,0.23119782342835976,0.3468108638064486,0.2505197910084541,0.07699441283282976,0.22305277664029097,0.12210267065111473,13.687176811705422,2.0000000000000426,2.0000000000000426,2.0000000000000426,2.0000000000000426,2.0000000000000426,2.0000000000000426,walk
D001_1585,1,3.2669247549096343,-9.4778704890046,1.9487957628207997,-0.15430966879470465,0.08806354519830834,0.12058317683436517,1.0306952262644964,0.6185673896436913,0.267731242363245,0.13341080689442064,0.31858435268117063,0.2912497535842164,14.693591006735035,2.0000000000000426,4.000000000000085,2.0000000000000426,2.0000000000000426,4.000000000000085,2.0000000000000426,walk
D001_1585,2,3.4462364225949016,-9.45814490696918,1.9744924390524268,0.017886936248955078,0.22782249742918168,-0.20960345088244292,0.8883200238628028,0.6477701266214133,0.31273501788370345,0.2885577758316328,0.19853683537074635,0.38321643831787866,14.878873768616506,2.0000000000000426,4.000000000000085,2.0000000000000426,2.0000000000000426,2.0000000000000426,2.0000000000000426,walk
D011_1585,0,2.438317711288487,-9.33273538887215,2.202322809221457,-0.1799412753579279,0.0017219204253075787,0.18366885109175324,0.4997062765547319,0.32401544905503177,0.1601876118846785,0.130330050830095,0.13056947773761526,0.13171860644097702,13.973375909382094,2.0000000000000426,4.000000000000085,2.0000000000000426,2.0000000000000426,2.0000000000000426,2.0000000000000426,walk
D011_1585,1,3.2433140983388413,-9.348690518192006,2.1588080954751554,-0.19899609226764486,0.21312537255251396,0.047483521089364454,0.7729073380028914,0.4940931157714454,0.14695257948516885,0.17249464366814343,0.25780826753091496,0.3311800057631379,14.750812712006,2.0000000000000426,4.000000000000085,2.0000000000000426,2.0000000000000426,4.000000000000085,2.0000000000000426,walk
D011_1585,2,2.990193716962064,-10.006709709904257,1.9683795798086912,0.055287621760941465,0.19156786264598666,-0.12903345149478296,1.0066328104675903,0.9078192525652277,0.3613618578583566,0.2600140060534897,0.39475301213658864,0.3049327648859546,14.965283006675014,2.0000000000000426,2.0000000000000426,2.0000000000000426,2.0000000000000426,2.0000000000000426,2.0000000000000426,walk
D012_1585,0,2.5817202189549113,-9.217330713302571,2.3281527421074104,-0.09484046300818091,0.007204980073486381,0.05754749431040274,0.24623770985217244,0.28242759185168625,0.27117863591585195,0.0859045397647228,0.0354413271955078,0.05159191471738603,14.127203674364894,2.0000000000000426,4.000000000000085,2.0000000000000426,2.0000000000000426,4.000000000000085,2.0000000000000426,walk
D012_1585,1,3.244932330533445,-9.267360030717045,2.4104237317922035,-0.2003666535281579,0.175896213975334,-0.029348848712530295,0.6800860476313036,0.48250411029216467,0.30595630912057836,0.17736784491551819,0.18904977560427472,0.23874714851336634,14.922716093042695,2.0000000000000426,4.000000000000085,2.0000000000000426,2.0000000000000426,2.0000000000000426,4.000000000000085,walk
D012_1585,2,3.3075250592121197,-9.356852405272013,2.3287595957121527,-0.07930319227839144,0.19695576674849555,-0.08901788239138149,0.6178471128989271,0.6013194179308596,0.2872163145932127,0.2494625695715557,0.1742695790788178,0.3050511238853548,14.993137060196288,2.0000000000000426,2.0000000000000426,2.0000000000000426,2.0000000000000426,2.0000000000000426,2.0000000000000426,walk
D013_1585,0,2.3970628392897093,-9.40679305386063,2.093013521369156,0.09213831238279195,-0.10871404566509021,0.08283801292588439,0.9487314980002122,0.29699299049528344,0.45137395393702323,0.18472935412663388,0.4991460007994043,0.25259816788009254,13.896869414519495,2.0000000000000426,4.000000000000085,2.0000000000000426,2.0000000000000426,2.0000000000000426,2.0000000000000426,walk
D013_1585,1,1.8833370343478588,-9.328872028771915,2.1293195406310903,-0.04224790167477007,-0.5418371905244428,0.5401713894155572,0.45074253390875224,0.29016506766179834,0.6027511060272487,0.30515436430782095,0.42251619603268215,0.5134126032945348,13.341528603750863,2.0000000000000426,4.000000000000085,2.0000000000000426,2.0000000000000426,2.0000000000000426,2.0000000000000426,walk
D101_1585,0,2.5479794688343156,-9.336255531136,1.949669526943904,-0.049494055348312756,-0.2480028167768942,0.2238054428424574,0.5648204354988202,0.33830664207964245,0.16665316617274356,0.1507415402057835,0.29800878465141717,0.1483762716888003,13.833904526914218,2.0000000000000426,4.000000000000085,4.000000000000085,2.0000000000000426,2.0000000000000426,2.0000000000000426,walk
D101_1585,1,3.6395229723893174,-9.372236946235386,1.978842327324192,-0.14898136562366143,0.16200097624204204,0.06033280542220599,1.0432858779834202,0.5534297702700984,0.29691369966881104,0.18521181235537337,0.3314285665249218,0.4543995817445504,14.990602245948894,2.0000000000000426,4.000000000000085,2.0000000000000426,2.0000000000000426,2.0000000000000426,2.0000000000000426,walk
D101_1585,2,3.5001124130419665,-9.88495641123252,1.8408048188914017,0.03502320248943372,0.2790006715266324,-0.21510146350476497,1.1679797500176152,1.1610035209279947,0.43599617685955,0.26174571152560294,0.32118310144565165,0.47364996639112644,15.22587364316589,2.0000000000000426,2.0000000000000426,2.0000000000000426,2.0000000000000426,2.0000000000000426,2.0000000000000426,walk
D102_1585,0,2.5479794688343156,-9.336255531136,1.949669526943904,-0.049494055348312756,-0.2480028167768942,0.2238054428424574,0.5648204354988202,0.33830664207964245,0.16665316617274356,0.1507415402057835,0.29800878465141717,0.1483762716888003,13.833904526914218,2.0000000000000426,4.000000000000085,4.000000000000085,2.0000000000000426,2.0000000000000426,2.0000000000000426,walk
D102_1585,1,3.6395229723893174,-9.372236946235386,1.978842327324192,-0.14898136562366143,0.16200097624204204,0.06033280542220599,1.0432858779834202,0.5534297702700984,0.29691369966881104,0.18521181235537337,0.3314285665249218,0.4543995817445504,14.990602245948894,2.0000000000000426,4.000000000000085,2.0000000000000426,2.0000000000000426,2.0000000000000426,2.0000000000000426,walk
D102_1585,2,3.5001124130419665,-9.88495641123252,1.8408048188914017,0.03502320248943372,0.2790006715266324,-0.21510146350476497,1.1679797500176152,1.1610035209279947,0.43599617685955,0.26174571152560294,0.32118310144565165,0.47364996639112644,15.22587364316589,2.0000000000000426,2.0000000000000426,2.0000000000000426,2.0000000000000426,2.0000000000000426,2.0000000000000426,walk
D103_1585,0,2.347124163819346,-9.448086726192075,1.828802049026779,-0.08218733933108088,-0.2178336523918091,0.22255924994095833,0.6132875405420746,0.27450494564624395,0.15489029593469056,0.11659844542464931,0.21177542187932635,0.14275203743157266,13.624012939038202,2.0000000000000426,4.000000000000085,2.0000000000000426,2.0000000000000426,2.0000000000000426,2.0000000000000426,walk
D103_1585,1,3.4157668967306334,-9.40723317844921,1.81789532692313,-0.19096363344727474,0.17025386913467527,0.10530375147409042,1.0277527644364586,0.40537584020792505,0.33466230577385525,0.14636424390876265,0.35411711973392235,0.3654149353624016,14.640895402102972,2.0000000000000426,4.000000000000085,2.0000000000000426,2.0000000000000426,2.0000000000000426,2.0000000000000426,walk
D103_1585,2,3.2055598147366826,-10.14157783017831,1.6286332693773609,0.05419460329869926,0.26270447019546955,-0.20511199812642558,1.211451603325094,1.025633990231256,0.4604307840212491,0.3163331727414659,0.39111611919221445,0.39246134880116723,14.975770914292356,2.0000000000000426,2.0000000000000426,2.0000000000000426,2.0000000000000426,2.0000000000000426,2.0000000000000426,walk
D111_1585,0,2.419621006207098,-9.446099162606531,2.129300076219012,-0.02735844709941138,-0.17758267082415713,0.17353864677327674,0.2674247369168061,0.12639965011246376,0.30922289746148346,0.04880817178835132,0.20869175983004998,0.15483595751434498,13.995020245032642,2.0000000000000426,2.0000000000000426,2.0000000000000426,2.0000000000000426,2.0000000000000426,2.0000000000000426,walk
D111_1585,1,3.2993451199399044,-9.4288117719079,1.9619714281324516,-0.21834250849681033,0.024411916058612815,0.2137731641940688,1.054338082312402,0.6154042848264698,0.46917715737161275,0.21224936540177552,0.3432314762340632,0.1820183268591769,14.690128319980259,2.0000000000000426,4.000000000000085,2.0000000000000426,2.0000000000000426,2.0000000000000426,2.0000000000000426,walk
D111_1585,2,3.7248266989451277,-9.355299714691402,1.8196085168281109,-0.13038769079223525,0.5325811514217983,-0.30249578480120504,0.9048924067641051,0.6582104439012666,0.32495388825218463,0.31909744477747487,0.30433758734270816,0.4979282221346783,14.899734930464643,2.0000000000000426,4.000000000000085,2.0000000000000426,2.0000000000000426,2.0000000000000426,2.0000000000000426,walk
D112_1585,0,2.270652841472487,-9.513347595184518,2.0421842055651362,-0.027543167609613485,-0.21360172883265405,0.16460211629608043,0.23707405804491893,0.10377792432355236,0.1982837056003558,0.048110134807548555,0.17051835414126434,0.13982520805640802,13.826184642222138,2.0000000000000426,2.0000000000000426,2.0000000000000426,2.0000000000000426,2.0000000000000426,2.0000000000000426,walk
D112_1585,1,2.833977395446655,-9.46450882020874,1.9967411278846572,-0.16922684375325217,-0.17210524401201538,0.285591078676964,0.9911936023951936,0.5474767977215345,0.2518392063965285,0.15809094549900649,0.20813103955200918,0.08660402387228015,14.295227343540052,2.0000000000000426,4.000000000000085,2.0000000000000426,2.0000000000000426,2.0000000000000426,2.0000000000000426,walk
D112_1585,2,3.533158576949168,-9.376275532948434,2.0147850800244513,-0.11109114844171702,0.32133433443128273,-0.15635596511809155,0.9891369536878794,0.714897933753892,0.294770850945807,0.25671197512113797,0.3478612807065094,0.5137010685703985,14.924219189922052,2.0000000000000426,4.000000000000085,2.0000000000000426,2.0000000000000426,2.0000000000000426,2.0000000000000426,walk
D113_1585,0,2.9710350925206694,-9.445570088124516,1.9557832462003686,0.010347893843499814,-0.02763980731695241,0.05611915222085209,0.31228038763682536,0.11507990082001329,0.20107894478066463,0.08582354291009395,0.10538066275607127,0.0971114618955253,14.37238842684555,2.0000000000000426,4.000000000000085,2.0000000000000426,2.0000000000000426,2.0000000000000426,2.0000000000000426,walk
D113_1585,1,2.372646231785524,-9.5402111368841,1.8296636079889033,0.10066174670859876,-0.35689657716271156,0.2589849793527444,0.6458528989965094,0.12079425938716308,0.25004928175877067,0.08247504410263734,0.3116767233819161,0.28160114148619964,13.742520976658527,2.0000000000000426,6.000000000000128,2.0000000000000426,2.0000000000000426,2.0000000000000426,2.0000000000000426,walk
D113_1585,2,1.9910951836452133,-9.392913457437583,2.242816026329491,-0.10034825605893954,-0.5087011240271856,0.7369255279504654,0.2896735342732474,0.4866730438140536,0.8316331959164316,0.25626492230614356,0.25814029115290255,0.3042217491630495,13.626824667412288,2.0000000000000426,4.000000000000085,2.0000000000000426,2.0000000000000426,2.0000000000000426,2.0000000000000426,walk
D113_1585,3,2.7643870294101434,-10.25872374324166,2.5334391545931583,-0.2089074424028662,-0.18607031261786303,0.4243968137234708,0.7077323653003825,1.2239888721116325,0.8217875642951344,0.17341442656436268,0.3852794599823482,0.7145789979083632,15.556549927244957,2.0000000000000426,2.0000000000000426,2.0000000000000426,2.0000000000000426,4.000000000000085,2.0000000000000426,walk
E001_1585,0,3.7508021954796877,-9.205572005027985,0.992449278853316,-0.04886347329373087,-0.0045869837365897,0.04379850492255216,0.120553426731344,0.09034196590671116,0.16344356631541435,0.04030520111791633,0.008001205898256083,0.029543571662741328,13.948823479360989,2.0000000000000426,2.0000000000000426,2.0000000000000426,2.0000000000000426,4.000000000000085,2.0000000000000426,walk
E001_1585,1,3.8632558548063436,-9.131000153632579,1.1300230525667379,-0.1318453099422376,0.061535413949996884,0.06865892641177726,0.14996207414718266,0.07320903466489403,0.12049546751078664,0.05396790541763058,0.09239224732140426,0.02533012763653432,14.12427906100566,4.000000000000085,4.000000000000085,2.0000000000000426,2.0000000000000426,2.0000000000000426,2.0000000000000426,walk
E001_1585,2,4.12812799883611,-9.152690366131282,0.7254820358175759,-0.13251091764462555,0.17223391305343672,0.0661797906816091,0.3249278064210988,0.11482691171347924,0.4663539845242975,0.0547358463513247,0.08150121197377733,0.044038798014885076,14.006300400784964,2.0000000000000426,2.0000000000000426,2.0000000000000426,2.0000000000000426,2.0000000000000426,4.000000000000085,walk
E003_1585,0,4.365126756974044,-9.978091610707443,1.2273598676667863,-0.005511568848508031,0.6087424963997894,-0.15505730905595874,0.9110593977378099,1.0520157372967125,0.7717043512999149,0.28346942401648134,0.5074498138610442,0.5712415139637508,15.594461820678369,2.0000000000000426,2.0000000000000426,2.0000000000000426,2.0000000000000426,2.0000000000000426,2.0000000000000426,walk
E003_1585,1,3.2029710831627383,-9.163675302643243,0.42474871730716385,0.19176381999746084,0.48546765927611785,-0.4803969964267372,0.8960144777882808,1.0182605966983223,0.5358711553549961,0.2031937073754234,0.6257748746024898,0.47068946747710066,12.915259052762412,2.0000000000000426,2.0000000000000426,2.0000000000000426,2.0000000000000426,2.0000000000000426,2.0000000000000426,walk
E003_1585,2,2.9314430452613247,-9.593278680825554,0.8906105517040062,0.10031377527787529,-0.3345630123153223,0.13061550908942257,0.5180565648310281,1.5979789705215839,0.8563699911530054,0.17284218949192173,0.4320797560812864,0.7095052847523504,13.531476079259434,2.0000000000000426,2.0000000000000426,2.0000000000000426,2.0000000000000426,2.0000000000000426,2.0000000000000426,walk
E011_1585,0,3.779461195775016,-9.092850360161377,1.112094097726858,-0.1956373384768939,0.07965055874219985,0.18595146867800366,0.2115973801086079,0.2182677285624357,0.4600990987523933,0.1577052521353796,0.2370433990562553,0.22269420707903428,13.984405653663252,4.000000000000085,2.0000000000000426,2.0000000000000426,2.0000000000000426,2.0000000000000426,2.0000000000000426,walk
E011_1585,1,4.202002799717093,-9.281743587521937,1.0442244015511861,-0.1999051120743687,0.22855551864448642,0.2108400294832139,0.5298650277745741,0.34980149083250534,0.6523522964647019,0.19419390617366442,0.2674482761490399,0.27478035191672084,14.56668720947075,2.0000000000000426,2.0000000000000426,2.0000000000000426,2.0000000000000426,2.0000000000000426,2.0000000000000426,walk
E011_1585,2,4.248040230726496,-9.190986943762919,0.24528638607384756,0.025551637390140037,0.14770561034010607,0.019423011493687775,0.5591225811819664,0.5068646083088799,0.6069566321415087,0.18797214194648984,0.2780342835766901,0.27568925513147885,13.879945183405537,2.0000000000000426,2.0000000000000426,2.0000000000000426,2.0000000000000426,2.0000000000000426,2.0000000000000426,walk
E012_1585,0,3.675142638897844,-8.9701298776212,2.768021687340056,-0.250293578191633,-0.38255376275297465,0.02750554906531859,0.8040690089696317,0.22843267493415753,0.6467234077946876,0.10490425974730057,0.2114262668968467,0.09651853886441061,15.413294203859103,2.0000000000000426,2.0000000000000426,2.0000000000000426,2.0000000000000426,2.0000000000000426,2.0000000000000426,walk
E012_1585,1,4.336451762340775,-8.888223858022567,1.878490569279087,-0.18187780302702333,0.0029021425527567947,0.0836170304807391,0.2950993259874752,0.38734609403657244,0.5279721378565633,0.10837719834410922,0.49001704566269555,0.1738384791894969,15.10316618964243,2.0000000000000426,2.0000000000000426,2.0000000000000426,2.0000000000000426,2.0000000000000426,2.0000000000000426,walk
E101_1585,0,3.6113345420522807,-9.196968867186532,0.8522953935567084,-0.014066702619984132,-0.2297361352853384,0.10675989431210121,0.15771048296961,0.14195704529593425,0.19446879051668473,0.03311278373677861,0.15586100368543657,0.09836245862235961,13.660598802795523,2.0000000000000426,2.0000000000000426,2.0000000000000426,2.0000000000000426,2.0000000000000426,2.0000000000000426,walk
E101_1585,1,4.654716305260702,-9.073015912194846,0.612893912820675,-0.10815164055574948,-0.2005027698881558,0.027806085908750826,1.1958724833556915,0.12844309988481928,0.5172739894379846,0.09912552918903962,0.2459998588013728,0.24866277224962585,14.436723668700875,2.0000000000000426,2.0000000000000426,2.0000000000000426,2.0000000000000426,2.0000000000000426,2.0000000000000426,walk
E101_1585,2,4.911460117968053,-8.93305750658039,0.28533053457790136,-0.04404598075891594,0.0851465430468666,-0.11943262500201991,1.0754893444557823,0.3595230923738209,0.3618944657450782,0.2279274360104672,0.27858626433276884,0.2787741647411815,14.226516863514332,2.0000000000000426,2.0000000000000426,2.0000000000000426,2.0000000000000426,2.0000000000000426,2.0000000000000426,walk
E103_1585,0,3.6876594790953128,-9.209813437059005,1.1197344672128318,-0.04738125771868296,-0.09573335705628137,0.08133477278284515,0.24988203504483328,0.12077296007878251,0.29003805472440025,0.0764855331396623,0.0409489424325426,0.09184524771965684,14.017207383367147,2.0000000000000426,2.0000000000000426,2.0000000000000426,2.0000000000000426,6.000000000000128,2.0000000000000426,walk
E103_1585,1,4.285812150039241,-9.14619903518016,1.0867455281495648,-0.10475301197701148,-0.017240468637065024,0.011773148998295483,0.7284937233137394,0.2802344243187358,0.3974954385252982,0.04500146103050213,0.1460957143307962,0.1683394355030907,14.51875671336897,2.0000000000000426,4.000000000000085,2.0000000000000426,2.0000000000000426,2.0000000000000426,2.0000000000000426,walk
E103_1585,2,4.502090974787729,-8.749285850886832,0.581692058745411,-0.055484743397890994,0.03782679799378724,0.012822850086486329,0.579391232814772,0.7194984490983327,0.36388376768514574,0.06806783960928041,0.15180003820287205,0.2888305348158524,13.833068884419973,2.0000000000000426,2.0000000000000426,2.0000000000000426,2.0000000000000426,2.0000000000000426,2.0000000000000426,walk
E111_1585,0,4.219921826530993,-9.027359979652807,1.2682249255837046,-0.13505341828360773,-0.12880914173633073,0.1155279513092221,0.7351470323901901,0.2390241325232241,0.3423537715591249,0.12407754718186985,0.1835237590371076,0.17367058567793672,14.515506731767507,2.0000000000000426,4.000000000000085,2.0000000000000426,2.0000000000000426,2.0000000000000426,2.0000000000000426,walk
E111_1585,1,5.2950678966477485,-8.727067262173028,0.9413694607180172,-0.19704414058178224,0.21693554912758717,-0.21009961639367694,1.1132268332191078,0.39216961375039683,0.5410867845346355,0.080573286206666,0.3357316961649684,0.46522116345159775,14.963504619538794,2.0000000000000426,2.0000000000000426,2.0000000000000426,2.0000000000000426,2.0000000000000426,2.0000000000000426,walk
E112_1585,0,3.6525431613304535,-9.452619679706132,0.8054682404530524,0.2559840787108123,-0.6768508628721277,0.4545549026943682,0.7791835620319024,2.469395484923589,0.764887787165958,0.214178161409157,0.7415545137649496,1.2173560263951522,14.091997967883513,2.0000000000000426,2.0000000000000426,2.0000000000000426,2.0000000000000426,4.000000000000085,2.0000000000000426,walk
E113_1585,0,3.9682821655042515,-9.005226341912508,1.1782717562588163,-0.18480333382847622,0.05192451100222367,0.1795811228753558,0.2276221781401127,0.09431948944480906,0.201382896727057,0.15693112208120666,0.21706002099042748,0.1565667062451532,14.151780263675573,2.0000000000000426,2.0000000000000426,2.0000000000000426,2.0000000000000426,2.0000000000000426,2.0000000000000426,walk
E113_1585,1,4.506873837813129,-9.206327607140299,1.005018425904026,-0.19254317991211786,0.11422013675054274,0.09620977983331634,0.5205117808210151,0.29433850729380606,0.5995979633462789,0.19239525896799414,0.4125242081187971,0.3205969381044353,14.801839145648648,2.0000000000000426,2.0000000000000426,2.0000000000000426,2.0000000000000426,2.0000000000000426,2.0000000000000426,walk
E113_1585,2,4.745203553305263,-8.993487345085944,0.21464271759376252,-0.016230263795377873,0.20016968062449803,-0.20946875950802427,0.4670357882668098,0.544541957187546,0.7292374184027289,0.18760864582992934,0.44030393656645417,0.3418118980831311,14.34472643217372,2.0000000000000426,2.0000000000000426,2.0000000000000426,4.000000000000085,2.0000000000000426,2.0000000000000426,walk
F001_1585,0,2.0759860050925254,-9.588320599337125,1.9116657354169502,0.07329774928650654,-0.5488408047729267,0.1057849687830445,0.1982701336623266,0.2866126397035877,0.178277937716999,0.17183293414323617,0.5935153830912903,0.11492050571133763,13.5759723398466,2.0000000000000426,2.0000000000000426,2.0000000000000426,2.0000000000000426,2.0000000000000426,2.0000000000000426,walk
F001_1585,1,1.9803083400374921,-9.457851284083889,2.2710492989313398,0.01636012189328192,-0.8942229867091718,0.48247035040737607,0.19452009884350754,0.5817886670648961,0.3681716920485372,0.23009138598289608,0.3886384523965312,0.46713679392642765,13.709208923052723,2.0000000000000426,2.0000000000000426,2.0000000000000426,2.0000000000000426,2.0000000000000426,2.0000000000000426,walk
F002_1585,0,2.2405579670023594,-9.629739358654966,1.8902766750703224,0.1412815272537494,-0.5666785761665063,0.10151433582567997,0.11645433534580364,0.3309500154915962,0.21812784179545686,0.19631247269537896,0.4574740576913685,0.11492471722066108,13.760574000727647,2.0000000000000426,2.0000000000000426,2.0000000000000426,2.0000000000000426,2.0000000000000426,2.0000000000000426,walk
F002_1585,1,2.117858249982075,-9.375122451539756,2.2213036828904857,0.04556307429762931,-0.7707339773578913,0.44125468732430795,0.2324412650166287,0.6875339517691216,0.3737522360800858,0.29842934626578815,0.2997655873449464,0.49271272036328473,13.714284384412316,2.0000000000000426,2.0000000000000426,2.0000000000000426,2.0000000000000426,2.0000000000000426,2.0000000000000426,walk
F002_1585,2,2.3623120635407004,-9.978039892715548,2.7836149382923856,-0.21429607661362846,-0.40325452758331365,0.6947599688218932,0.44250890793875663,1.2857813425645601,0.3877948942722592,0.11181708399530352,0.3010951237794177,0.4007452166307442,15.123966894548632,2.0000000000000426,2.0000000000000426,2.0000000000000426,2.0000000000000426,4.000000000000085,2.0000000000000426,walk
F003_1585,0,2.144510119068188,-9.674581612187056,1.6920700703002423,0.07559869513336195,-0.5294661856088713,0.16244296039537828,0.15556239606291028,0.4046643284300231,0.3123558013713161,0.16460742878164955,0.48977615709320066,0.1014446917178993,13.511161801555483,4.000000000000085,2.0000000000000426,2.0000000000000426,2.0000000000000426,2.0000000000000426,4.000000000000085,walk
F003_1585,1,2.167814577669885,-9.351219343137307,2.2123220202377682,-0.028392096150964923,-0.7497934656742247,0.5478991757646117,0.3015680158778218,0.735122581626728,0.7386726864273432,0.2490296648080008,0.3638498910431942,0.40474796845382044,13.731355941044962,4.000000000000085,2.0000000000000426,2.0000000000000426,2.0000000000000426,2.0000000000000426,2.0000000000000426,walk
F011_1585,0,2.0746950187566644,-9.400710118709275,2.5868907716725045,-0.005500993153057676,-0.2561818804683725,0.1821338154665492,0.20279212256196677,0.41799598038102115,0.19588460765939822,0.04275979238027816,0.24604788638682787,0.20502429702411593,14.062295909138445,4.000000000000085,4.000000000000085,2.0000000000000426,2.0000000000000426,2.0000000000000426,2.0000000000000426,walk
F011_1585,1,1.9786523828781404,-9.396840383657981,2.6451145164248504,0.0956997058734867,-0.6936283732795787,0.23930380756640518,0.2543007456105084,0.4704388036617901,0.2517248650451917,0.1504239387107739,0.2859211093791813,0.20405667149849466,14.020607282960974,2.0000000000000426,2.0000000000000426,2.0000000000000426,2.0000000000000426,2.0000000000000426,2.0000000000000426,walk
F011_1585,2,1.812713720727057,-9.399364797004502,3.0561049726752105,-0.028396349549462067,-0.6017075180070794,0.4637121318922945,0.20751436115444244,0.43891085246114475,0.5908428354158815,0.2479996313526802,0.371014610183566,0.33297814988326185,14.26818349040677,2.0000000000000426,2.0000000000000426,2.0000000000000426,2.0000000000000426,2.0000000000000426,2.0000000000000426,walk
F012_1585,0,2.059507015051392,-9.470429353850255,2.631859344271545,0.10326040285572965,-0.6159991755935114,0.1699322515555938,0.08909758748825672,0.6132213654217511,0.3275143798829643,0.20922412155192907,0.4736216936004339,0.09861512110893596,14.161795713173195,4.000000000000085,2.0000000000000426,2.0000000000000426,2.0000000000000426,2.0000000000000426,4.000000000000085,walk
F012_1585,1,2.2198474634836973,-9.328422390993769,2.8714170228773908,0.04660827682925255,-0.822079996454451,0.4631812439837102,0.37946720766253733,0.6805142191779782,0.40810729624815745,0.26950715893906674,0.33629761233197913,0.2865815597924884,14.419686877354854,2.0000000000000426,2.0000000000000426,2.0000000000000426,2.0000000000000426,2.0000000000000426,2.0000000000000426,walk
F013_1585,0,2.078605560355804,-9.429445102759667,2.6394584502200247,0.07444715896846957,-0.6199636312429949,0.21015017930491292,0.13174059878264285,0.4188978431401132,0.2657096425164211,0.15914109017786768,0.28533439027429486,0.11288673768810298,14.147509113335497,6.000000000000128,4.000000000000085,2.0000000000000426,2.0000000000000426,2.0000000000000426,2.0000000000000426,walk
F013_1585,1,1.991140188999551,-9.283151111017133,3.10244719848085,-0.1309528278496316,-0.5480357085294729,0.5759986111944171,0.21614398575236599,0.5579092650932727,0.6114866528286378,0.2492287740396745,0.25850185161186395,0.32025382279383846,14.376738498497534,4.000000000000085,4.000000000000085,2.0000000000000426,2.0000000000000426,2.0000000000000426,2.0000000000000426,walk
F101_1585,0,2.5510840366167793,-9.226817834726731,3.0274370119575047,0.05581975756314323,-0.3085042529208264,0.004519787973725068,0.867407831930231,0.31278491064701475,0.6200342330562183,0.10237511068681986,0.16783424728752014,0.13548922161194632,14.805338883301017,2.0000000000000426,4.000000000000085,2.0000000000000426,2.0000000000000426,2.0000000000000426,2.0000000000000426,walk
F101_1585,1,3.2477851379545966,-8.843828897094697,3.1873131674674937,-0.021214752425161524,-0.11840651993306177,0.05497720804308209,0.4669543108413798,0.4727145724549287,0.5971720194440849,0.060788828785197146,0.1713842436717195,0.11026596821314937,15.278927202516789,2.0000000000000426,2.0000000000000426,2.0000000000000426,2.0000000000000426,2.0000000000000426,4.000000000000085,walk
F101_1585,2,2.7968523655324073,-10.009967498388637,2.1500416140204717,0.01784414767763984,-0.21886260495660806,0.13208665801201025,0.6665675335567366,1.6967830760897504,0.8559611587610669,0.11806913905123068,0.2819042391805064,0.18714096049527032,14.956861477941516,2.0000000000000426,2.0000000000000426,2.0000000000000426,4.000000000000085,2.0000000000000426,2.0000000000000426,walk
F111_1585,0,2.3836698293951004,-9.386960491056648,2.183097339142014,0.1425266855543171,-0.4780937176849861,0.22343498057395803,0.3317712844890949,0.6712624816149706,0.44432339877263755,0.14830064010926125,0.36920734941396016,0.22276588708811498,13.953727659593762,2.0000000000000426,2.0000000000000426,2.0000000000000426,2.0000000000000426,4.000000000000085,2.0000000000000426,walk
F111_1585,1,2.220961013600948,-9.221590829741075,2.663237873792617,-0.042341083108415,-0.3453315981799918,0.3837441869099042,0.24728314920708108,0.5343960462085172,0.5468988642161513,0.14089535065431816,0.3305628705967142,0.29361958630568685,14.10578971713464,4.000000000000085,2.0000000000000426,4.000000000000085,2.0000000000000426,4.000000000000085,2.0000000000000426,walk
F112_1585,0,2.3675329176948954,-9.491248073782026,1.988450994399238,0.07927252900874629,-0.37907349695456843,0.09723777771292429,0.11830755914226006,0.28516200028641575,0.21648774131426465,0.20776690026885014,0.48567000651010067,0.08145607427089636,13.84723198587616,2.0000000000000426,2.0000000000000426,2.0000000000000426,2.0000000000000426,2.0000000000000426,2.0000000000000426,walk
F112_1585,1,2.164821484443887,-9.395463969624732,2.1849275232170746,0.12446623529126581,-0.824679352746164,0.2985568482897041,0.23618262762978243,0.5432247228593857,0.4170160482513535,0.21816043080812822,0.41535467707959656,0.28395842534800386,13.745212977285695,2.0000000000000426,2.0000000000000426,2.0000000000000426,2.0000000000000426,2.0000000000000426,2.0000000000000426,walk
F112_1585,2,2.424647202532179,-9.511651797187081,2.6976617153479405,-0.030187737742083658,-0.7411338516789435,0.7006432204810237,0.5131487377553737,0.6462643330042487,0.6866767068850002,0.1827720786711577,0.36456967153327025,0.4187099895583771,14.6339607150672,2.0000000000000426,2.0000000000000426,2.0000000000000426,2.0000000000000426,2.0000000000000426,2.0000000000000426,walk
F113_1585,0,2.22655139585673,-9.737188170777081,1.8552680381671425,0.09054986085603085,-0.28106669366398784,-0.006138092133483009,0.35356344259335454,0.20620530770837156,0.5105341444798414,0.14921075171655512,0.37057688926294396,0.06958660139687768,13.819007604800957,2.0000000000000426,2.0000000000000426,2.0000000000000426,2.0000000000000426,2.0000000000000426,2.0000000000000426,walk
F113_1585,1,2.9567196007065952,-9.16489040137608,2.2744361323599493,0.14984042813481094,-0.4394544487419816,-0.008943518492108388,1.066424047918488,0.8234431056998398,0.4375853916875818,0.15319251811955067,0.2899087491611191,0.16012459807637405,14.396046134442622,2.0000000000000426,2.0000000000000426,2.0000000000000426,2.0000000000000426,2.0000000000000426,2.0000000000000426,walk
F113_1585,2,4.1404179166409385,-8.472331325072421,2.205034636969833,-0.07715512959747035,-0.03835411942630786,-0.06421214423772968,0.7352875525077657,0.6548691833011017,0.3779355608021409,0.2462657712118167,0.3927637897865187,0.2994698836845852,14.817783878683192,2.0000000000000426,4.000000000000085,2.0000000000000426,2.0000000000000426,2.0000000000000426,2.0000000000000426,walk
G001_1585,0,3.955099062724855,8.441532574330711,2.6117831176100266,0.04967511369218988,0.12950332743469176,-0.0939754333030696,0.2506462772524695,0.375821058903165,0.0972377147046908,0.07700945345486969,0.13430691307203013,0.07082842548215108,15.00841475466559,2.0000000000000426,2.0000000000000426,4.000000000000085,2.0000000000000426,2.0000000000000426,2.0000000000000426,walk
G001_1585,1,3.5077840063418675,8.58320144631622,2.9967816852596205,0.05292233480125453,0.10708401770937527,-0.1379287569766994,0.8672326043973808,0.8315419627383801,0.499577169612986,0.11156798632257311,0.18491682261876094,0.0543867023859612,15.087767137917709,2.0000000000000426,2.0000000000000426,2.0000000000000426,2.0000000000000426,4.000000000000085,2.0000000000000426,walk
G002_1585,0,3.752928511664672,8.208518632049335,2.811935527473206,0.10387322332731165,-0.06314443323242416,0.004250348115944133,0.21193732364890255,0.4389678251047288,0.2300464948766862,0.06374956561791038,0.12937738689007777,0.0814922258505705,14.773382671187214,2.0000000000000426,2.0000000000000426,2.0000000000000426,2.0000000000000426,4.000000000000085,2.0000000000000426,walk
G002_1585,1,4.318133128618575,8.174893183479142,2.2629248581019814,0.28328817684512075,0.12626692029514908,-0.1097788842483754,0.5228510301536591,0.6392726253998381,0.7093002562574777,0.14289818995116627,0.3689735213478604,0.18725120838469664,14.7559511701997,2.0000000000000426,4.000000000000085,2.0000000000000426,2.0000000000000426,2.0000000000000426,2.0000000000000426,walk
G003_1585,0,3.8154636894410343,8.37400600563421,2.853941441261685,-0.057011595478592074,-0.19726537843401548,-0.13808855890559327,0.22198864274209187,0.1597433496330042,0.12046171350709535,0.06716516974994703,0.14016106174804346,0.06440826340395592,15.043411136336928,2.0000000000000426,6.000000000000128,2.0000000000000426,2.0000000000000426,2.0000000000000426,2.0000000000000426,walk
G003_1585,1,3.446245728785226,8.121117168182344,3.0405590110814646,0.012955748680021244,-0.28565321247985326,-0.2407772813940516,0.5878230184995318,0.8364579623298773,0.2775014601183232,0.1453168023434361,0.10288986046825456,0.09774442538848803,14.607921908049038,2.0000000000000426,2.0000000000000426,2.0000000000000426,2.0000000000000426,2.0000000000000426,2.0000000000000426,walk
G012_1585,0,3.110603232723573,8.227780906631013,3.217472987233858,0.039302914340445694,-0.0710772460114487,-0.03676322533022871,0.1332827516298424,0.5962600563030317,0.32343293944919865,0.07637666702273936,0.16159330466092972,0.0700730510834058,14.555857126588446,2.0000000000000426,2.0000000000000426,2.0000000000000426,2.0000000000000426,2.0000000000000426,2.0000000000000426,walk
G012_1585,1,4.086172703039873,8.219337433463096,2.6490776327582406,0.16302101782536982,-0.23496997874068096,-0.11729271331938146,1.1762710435852672,0.9798934516005582,0.891378343311058,0.09321045628627042,0.459313405463926,0.2223530047575079,14.95458776926121,2.0000000000000426,4.000000000000085,2.0000000000000426,2.0000000000000426,2.0000000000000426,4.000000000000085,walk
G012_1585,2,4.407432998258913,9.229331737445097,1.8571166740183727,0.1257084981658256,-0.0021284254040007146,-0.07671696827602835,0.9906502991902256,1.552723181614103,0.4160799273542605,0.22523877518726365,0.6386588544858962,0.24598835788853007,15.493881409722384,2.0000000000000426,2.0000000000000426,2.0000000000000426,2.0000000000000426,2.0000000000000426,2.0000000000000426,walk
G013_1585,0,2.8733385225052666,8.851475896825386,2.4607041770429863,0.04278915975668521,-0.00998044547388064,0.002418914833687535,0.11521616688351187,0.06446698133093821,0.18606743651372223,0.04711721555086321,0.06511777638592083,0.02204755639054733,14.18551859637364,2.0000000000000426,2.0000000000000426,2.0000000000000426,2.0000000000000426,2.0000000000000426,4.000000000000085,walk
G013_1585,1,3.296773467163356,8.583595507102086,2.4954529343282843,0.12244438684034532,0.06175471702569382,-0.09365877420875039,0.566005187377915,0.8610263059114116,0.4265195488900748,0.1296986756721111,0.14056391948963448,0.18949010628419702,14.375821908593723,2.0000000000000426,2.0000000000000426,2.0000000000000426,2.0000000000000426,2.0000000000000426,2.0000000000000426,walk
G013_1585,2,3.7203186119869502,8.435581215157752,2.2866721436459745,0.30480974783845705,0.2811323490347635,-0.09032648398961726,0.6064308662030771,1.0401650204764998,0.5526148545415194,0.12402941208210519,0.16500475678301058,0.24633591139499314,14.442571970790677,2.0000000000000426,4.000000000000085,2.0000000000000426,2.0000000000000426,4.000000000000085,4.000000000000085,walk
G101_1585,0,3.2898702628731873,8.292472227902945,3.1676178694706913,0.0495217328817713,-0.20313051865551693,0.009058281669583446,0.3240311228766303,0.38239023712624753,0.3423844202087776,0.03246091882175817,0.26397050856655185,0.051395753467960444,14.749960360246824,2.0000000000000426,2.0000000000000426,2.0000000000000426,2.0000000000000426,4.000000000000085,4.000000000000085,walk
G101_1585,1,4.4345547998256425,8.050580673703859,2.5511412685608703,0.2112870333946546,-0.13167740745058498,-0.10455311738729373,1.1442759347080391,0.3343758490927027,0.9457838695234988,0.19275172499432308,0.5637432024522071,0.16284706457285342,15.036276742090372,2.0000000000000426,4.000000000000085,2.0000000000000426,2.0000000000000426,2.0000000000000426,2.0000000000000426,walk
G102_1585,0,3.457402523298211,8.217601546589194,3.048622944867259,0.061688404061805494,-0.19720171957757335,0.0030376298087636754,0.3158354965287778,0.46679920995427227,0.3067947714456587,0.038696262362075184,0.3185382141869459,0.056062873235856084,14.723627014754664,2.0000000000000426,2.0000000000000426,2.0000000000000426,2.0000000000000426,4.000000000000085,4.000000000000085,walk
G102_1585,1,4.495512271458478,8.105572026175295,2.349872868938898,0.2975190234489491,-0.011530391043603573,-0.12203370143542458,1.05621867268007,0.4426008295232545,0.8934119314370372,0.24236271077748264,0.7304512189902244,0.20066028429817373,14.950957166572673,2.0000000000000426,4.000000000000085,2.0000000000000426,2.0000000000000426,2.0000000000000426,2.0000000000000426,walk
G103_1585,0,3.52802002285472,8.297617434952297,2.988502842442963,0.03816858748056531,-0.019018987211015564,0.009702572354599273,0.19862301584251288,0.3878345809170127,0.29988624990514834,0.03114874601792456,0.04726415767700434,0.05424601848677115,14.814140300249983,2.0000000000000426,2.0000000000000426,2.0000000000000426,2.0000000000000426,4.000000000000085,2.0000000000000426,walk
G103_1585,1,4.2299753939733105,8.156620909659006,2.5593253339492144,0.2073340220396033,-0.0753067399874772,-0.08371136281651374,0.7314798517673009,0.5317424570570062,0.8194099420387304,0.19543135196844588,0.3267435688702723,0.18146086314062088,14.945921637581527,2.0000000000000426,2.0000000000000426,2.0000000000000426,2.0000000000000426,4.000000000000085,2.0000000000000426,walk
G111_1585,0,2.4324232946973314,9.16474887168927,1.7044920577310692,-0.173087737624146,0.26047159312949536,0.18438678428148392,1.2169198921524793,2.6034306375792315,1.023979171943109,0.2947242283525585,0.4983704689339708,0.44046735869209547,13.301664224117674,2.0000000000000426,2.0000000000000426,2.0000000000000426,2.0000000000000426,2.0000000000000426,2.0000000000000426,walk
G111_1585,1,2.114748815935041,7.833468363125629,1.6575292746646426,-0.1281335745044699,-0.27335784913032024,-0.14014203698435854,0.5022475926604955,1.1310258498732972,0.8722872188839401,0.29250118565907146,0.32718392470875235,0.3330371696905354,11.60574645372531,2.0000000000000426,2.0000000000000426,2.0000000000000426,2.0000000000000426,2.0000000000000426,2.0000000000000426,walk
G112_1585,0,3.672687347659793,8.188125305277898,2.79247692627497,0.10086941679350468,-0.16620934979239455,-0.03681491420675404,0.21820019154703416,0.4592434743304818,0.09713599281628103,0.1166322886901507,0.11940865061992109,0.03385447398280543,14.653289579212661,2.0000000000000426,4.000000000000085,2.0000000000000426,2.0000000000000426,2.0000000000000426,2.0000000000000426,walk
G112_1585,1,4.520989805264958,8.178589644430453,2.3224613115370447,0.2740368482881873,-0.009899431000878724,-0.2300987843155158,0.9120463317101039,0.5597248552607919,0.6344133070675124,0.1208914946382179,0.3560773754147906,0.24072885232109079,15.022040761232455,2.0000000000000426,4.000000000000085,2.0000000000000426,2.0000000000000426,2.0000000000000426,2.0000000000000426,walk
G112_1585,2,4.589557373513919,8.971351579667209,2.015992298610228,0.10914403627564422,0.28922827269850604,-0.12756770279289756,0.931974615755028,1.0795116332417065,0.42662927030300624,0.3401103625136567,0.4070896298808499,0.32684646605595913,15.576901251791355,2.0000000000000426,6.000000000000128,2.0000000000000426,2.0000000000000426,2.0000000000000426,2.0000000000000426,walk
G113_1585,0,3.4725235741571145,8.702237249685759,2.6169641230607357,-0.00011492627136953759,-0.0004801742951401389,-0.09526494308038518,0.40208540925575365,0.7727582468433736,0.11829419006018745,0.18730248884126321,0.32860725716712313,0.2235489699418838,14.791724946903612,4.000000000000085,4.000000000000085,4.000000000000085,2.0000000000000426,2.0000000000000426,2.0000000000000426,walk
G113_1585,1,2.9931437454087675,8.422335064759869,2.8018222877303702,-0.04499685373222781,-0.26370339952509686,-0.23536412116880662,0.6682608405519385,1.084218998984805,0.2109083103358298,0.18354368363773724,0.3313572117109896,0.2722239794808792,14.217301097899005,2.0000000000000426,2.0000000000000426,2.0000000000000426,2.0000000000000426,2.0000000000000426,2.0000000000000426,walk
G113_1585,2,3.2638400300805173,8.543870893324426,3.30488040559219,0.08961740738550397,-0.28292840572241507,-0.3660309338019696,0.9444742469069328,1.5596793339098822,0.47708999342260516,0.16040190113543823,0.25164709670578167,0.30351452791560507,15.11259132899713,2.0000000000000426,2.0000000000000426,2.0000000000000426,2.0000000000000426,4.000000000000085,2.0000000000000426,walk
H001_1585,0,1.3927558962639006,-9.667455365903674,2.769650015625719,-0.006501690737554391,-0.17058555152530266,0.1700388776385806,0.21346677582741716,0.21410926834817587,0.1811115701053228,0.02920618256862728,0.10295664266915595,0.12683164016147697,13.829861277793292,2.0000000000000426,2.0000000000000426,2.0000000000000426,2.0000000000000426,2.0000000000000426,2.0000000000000426,walk
H001_1585,1,0.9883909871067996,-9.777977304759826,2.7530150882863706,-0.16293533772111915,-0.18914486139618236,0.3290678756331003,0.36619037822184836,0.19467776993872124,0.19519690628694783,0.16761510230195234,0.08912379529551273,0.05818364977353407,13.519383380152997,2.0000000000000426,4.000000000000085,2.0000000000000426,2.0000000000000426,2.0000000000000426,2.0000000000000426,walk
H001_1585,2,0.6719733729106777,-9.154279592410928,3.135935143469232,-0.4058165074964908,-0.127270655589799,0.40790301917485466,0.19487952838806616,0.6364925392011884,0.3143290214380613,0.15022993822611785,0.08969765401272038,0.047852623685604216,12.962188108790837,2.0000000000000426,2.0000000000000426,2.0000000000000426,2.0000000000000426,2.0000000000000426,2.0000000000000426,walk
H002_1585,0,1.0196811058857305,-9.566121744216979,2.7408152260669643,0.03767984711300092,-0.3567833085823068,0.332443262361802,0.21619496938744648,0.39040791780138073,0.14893562191320817,0.17545072568117218,0.1544979993482396,0.2408641323154923,13.326618076169671,2.0000000000000426,4.000000000000085,2.0000000000000426,2.0000000000000426,2.0000000000000426,2.0000000000000426,walk
H002_1585,1,0.7826841491977173,-9.387175248750776,3.336215605816454,-0.22650973067481744,-0.2788267809808834,0.4936772142120088,0.2049552424806387,0.5522188583740791,0.6955368637939464,0.23123123401821447,0.18512046983428673,0.23198423104255766,13.506075003764945,2.0000000000000426,2.0000000000000426,2.0000000000000426,2.0000000000000426,2.0000000000000426,2.0000000000000426,walk
H002_1585,2,0.8443391818972646,-9.134533370864952,3.9715862706329097,-0.34663159655676784,-0.042948060636630314,0.3442920143321518,0.40736484616756136,0.6501870243520846,0.32651564224286017,0.07636800405850293,0.20159027567220128,0.2894850162447656,13.95045882339513,2.0000000000000426,2.0000000000000426,2.0000000000000426,2.0000000000000426,4.000000000000085,2.0000000000000426,walk
H003_1585,0,1.2899490612371594,-9.673290072747095,2.678540576925713,-0.0038769694871934606,-0.08676109042135448,0.15500369604500455,0.12745476251494234,0.09188857515249803,0.11628039945843499,0.006407298552007499,0.13698211403789845,0.14544296415356467,13.641779710909969,2.0000000000000426,4.000000000000085,2.0000000000000426,4.000000000000085,2.0000000000000426,2.0000000000000426,walk
H003_1585,1,1.112024779309025,-9.731398411696462,2.4152800566295527,-0.11179385222602255,-0.2652572780847537,0.28320748983965766,0.17814901189847293,0.07424839841246368,0.28379402846540386,0.17081394402737038,0.2510374159825437,0.0757195462206722,13.25870324763504,4.000000000000085,2.0000000000000426,2.0000000000000426,2.0000000000000426,2.0000000000000426,2.0000000000000426,walk
H003_1585,2,0.7691618124861082,-9.294321914655955,2.5791394452060836,-0.4318106246761667,-0.39379569151946997,0.2983045376165217,0.3064341537005257,0.5776504114351589,0.47324781395586224,0.26863493701680147,0.3002483026462044,0.07784666658955992,12.642623172348147,2.0000000000000426,2.0000000000000426,2.0000000000000426,2.0000000000000426,2.0000000000000426,2.0000000000000426,walk
H011_1585,0,1.5559918984558663,-9.421853024751002,2.796674494940758,-0.0883805277966298,-0.07032334259558244,0.019764813136781547,0.47617136510198177,0.30509360993252554,0.18462931930877574,0.08842916849574131,0.09356617906561986,0.03513294917205071,13.774519418147626,2.0000000000000426,2.0000000000000426,2.0000000000000426,2.0000000000000426,4.000000000000085,4.000000000000085,walk
H011_1585,1,2.6828043205964036,-9.452271538791704,3.065455297652236,-0.16179660766538886,-0.15856784691070097,-0.18506174140167048,0.9419170381625869,0.4074801378848319,0.24199150589984386,0.07629023295189011,0.21456625016110953,0.2264092667632896,15.200531157040345,2.0000000000000426,2.0000000000000426,2.0000000000000426,2.0000000000000426,2.0000000000000426,2.0000000000000426,walk
H011_1585,2,3.4217288854049026,-9.579458364579017,3.15857589759265,0.06663918050385077,-0.04157190819114863,-0.4054662017869132,0.3893027743271361,0.4368999857394338,0.2129031957791387,0.2808906345902961,0.2759501882777126,0.17563687399574465,16.159763147576566,2.0000000000000426,2.0000000000000426,4.000000000000085,2.0000000000000426,2.0000000000000426,2.0000000000000426,walk
H012_1585,0,1.5033986314441448,-9.72413210944538,2.7531477555502373,0.0020070092961802337,-0.04216834269584867,0.1297750046710525,0.2101462421489774,0.2592086122389778,0.05200838410488953,0.022573397336417913,0.07797307849041175,0.10390982604999018,13.98067849643976,2.0000000000000426,2.0000000000000426,4.000000000000085,2.0000000000000426,4.000000000000085,2.0000000000000426,walk
H012_1585,1,1.200008729221467,-9.733348678786495,2.711267065267241,0.030858748479588895,-0.191048634617605,0.23046562376350593,0.451197815499837,0.25658884171875185,0.11562543244542128,0.052124881553756726,0.1519918580143082,0.05838178100581506,13.6446244732752,2.0000000000000426,2.0000000000000426,4.000000000000085,2.0000000000000426,2.0000000000000426,4.000000000000085,walk
H012_1585,2,0.766452024753183,-9.2015204857955,2.8930408504733744,-0.17109322820021786,-0.26960995640392066,0.27731586963437876,0.10729031523653816,0.5948133139110914,0.32250330394256915,0.2498213908124371,0.09983236020361867,0.07246403870768742,12.861013361022058,2.0000000000000426,2.0000000000000426,2.0000000000000426,2.0000000000000426,2.0000000000000426,4.000000000000085,walk
H013_1585,0,1.4497221977696026,-9.594109203530945,3.0274616490454087,0.0780652262445949,-0.17834777293906026,0.09840957690498893,0.18039922567754244,0.24162243468253328,0.32481389324366705,0.0827740574890479,0.18167600263552944,0.11709107264894321,14.071293050345952,2.0000000000000426,4.000000000000085,2.0000000000000426,2.0000000000000426,2.0000000000000426,2.0000000000000426,walk
H013_1585,1,1.1326676782205445,-9.608653214111092,2.8949777766403417,-0.032902674214391185,-0.2582045503637389,0.30863266541791373,0.34376136099634913,0.29534305060089966,0.3696779028194421,0.22279530910995646,0.14694358809433888,0.12761806231995212,13.636298668971975,2.0000000000000426,4.000000000000085,2.0000000000000426,2.0000000000000426,2.0000000000000426,2.0000000000000426,walk
H013_1585,2,0.8641585576172767,-8.995952635081874,3.457877746967396,-0.34878899744803604,-0.19376991275005773,0.40203390012038787,0.3609344310595423,0.6385639726493629,0.7137472170773218,0.19395154855442856,0.08233643176627564,0.055252982866820975,13.317988939666547,2.0000000000000426,2.0000000000000426,2.0000000000000426,2.0000000000000426,2.0000000000000426,4.000000000000085,walk
H101_1585,0,1.4434028788222104,-9.610972574537088,2.8107004670126354,0.012141168901357918,-0.07330518530795362,0.15143679081586933,0.12515340892355908,0.16319049998630644,0.0870594393771003,0.014271136721311885,0.07506486390176398,0.1331306165826148,13.865075920371932,2.0000000000000426,2.0000000000000426,2.0000000000000426,2.0000000000000426,2.0000000000000426,2.0000000000000426,walk
H101_1585,1,1.1414185288207461,-9.709869788875508,2.91022801186279,0.03786742342572809,-0.2678869486849619,0.19927994348093483,0.4148062115802182,0.21835068688364773,0.18463452375727168,0.07489158522274043,0.1884589437867398,0.10552684757220801,13.761516329559042,2.0000000000000426,2.0000000000000426,2.0000000000000426,2.0000000000000426,2.0000000000000426,2.0000000000000426,walk
H101_1585,2,0.661855251928569,-9.088765155022118,3.3223031501907303,-0.18565604018883328,-0.2822606551722014,0.2996700275997125,0.3158913465459782,0.8532442064443783,0.3598931705718878,0.2676319348390315,0.18325819060733103,0.2422300757122505,13.072923557141417,2.0000000000000426,2.0000000000000426,2.0000000000000426,2.0000000000000426,2.0000000000000426,2.0000000000000426,walk
H102_1585,0,1.3414021835684447,-9.563326762184595,2.7776935800428526,0.001119074471061186,-0.007541713694714467,0.01765631245687366,0.029440510452633708,0.012896223645022131,0.048313142929558336,0.00843205825508989,0.008576607264109687,0.006380973290194669,13.682422525795893,2.0000000000000426,2.0000000000000426,2.0000000000000426,2.0000000000000426,4.000000000000085,2.0000000000000426,walk
H102_1585,1,1.3487489544603548,-9.566897221787283,2.7908766759001598,0.0022570048419403932,-0.0013414250145722883,0.01960087155381616,0.036184616687718704,0.020499171890624855,0.05432312474361306,0.009172033293943104,0.006458617605917909,0.007544348126654387,13.706522852147796,2.0000000000000426,2.0000000000000426,2.0000000000000426,2.0000000000000426,2.0000000000000426,2.0000000000000426,walk
H102_1585,2,1.349868899094131,-9.573058751348505,2.7771025318307885,0.002881621591972159,-0.001512832726069689,0.012884723844853925,0.05332891583867618,0.028107951815138518,0.04976941844735483,0.008473557958453436,0.008138302610346804,0.01072086440952812,13.700030182273428,2.0000000000000426,2.0000000000000426,2.0000000000000426,2.0000000000000426,4.000000000000085,2.0000000000000426,walk
H111_1585,0,1.4500775986771415,-9.640948087206612,2.8607546018639685,0.06143071873141236,-0.0881983293114568,0.12586028238332958,0.20577559223345565,0.21176079365081696,0.1506198764443049,0.03306750311380252,0.11275480476649669,0.12596806251621553,13.951780287747724,2.0000000000000426,4.000000000000085,2.0000000000000426,2.0000000000000426,4.000000000000085,2.0000000000000426,walk
H111_1585,1,1.267555745061153,-9.634423704218442,2.839239782085108,0.01504915578123596,-0.24403214004991175,0.2561488749828497,0.3568218924693052,0.23169605007822128,0.21788755556190276,0.14578707780527103,0.1706569704642744,0.08520738495227262,13.7412192313647,2.0000000000000426,4.000000000000085,2.0000000000000426,2.0000000000000426,2.0000000000000426,4.000000000000085,walk
H111_1585,2,0.6899961455238646,-9.03495191584713,3.2669349840894357,-0.2919504162986346,-0.2247758893704685,0.3205275159709952,0.3509100807766452,0.7606242924326541,0.5824789599608007,0.28598629784779717,0.293937616045808,0.06351453293959097,12.99188304546043,2.0000000000000426,2.0000000000000426,2.0000000000000426,2.0000000000000426,2.0000000000000426,4.000000000000085,walk
H112_1585,0,1.3851812986406093,-9.779324908377411,2.687763569235663,0.06867894569793022,-0.1043869281247108,0.1977328296961598,0.2504970710807487,0.2605663260096009,0.0604339771163129,0.03152213839047253,0.0964559754697206,0.13792741035757206,13.852269776253683,2.0000000000000426,4.000000000000085,2.0000000000000426,2.0000000000000426,2.0000000000000426,2.0000000000000426,walk
H112_1585,1,1.0213701307950391,-9.598350161401838,2.924775481468574,-0.018366099264591405,-0.2111834069235563,0.32271862545020347,0.4270212463909266,0.43664023230261695,0.3710834121442769,0.15233142140336614,0.08873046495685838,0.0395127412598597,13.544495773665451,2.0000000000000426,2.0000000000000426,2.0000000000000426,2.0000000000000426,2.0000000000000426,4.000000000000085,walk
H112_1585,2,0.8457084169744091,-8.797092405379624,3.6069634584784533,-0.301757075418457,-0.014986128798893987,0.3642725781206426,0.33856866989646195,0.6041329050018712,0.538360257481904,0.21822250182478894,0.292792560129819,0.07095451418985542,13.249764280832487,2.0000000000000426,2.0000000000000426,2.0000000000000426,2.0000000000000426,2.0000000000000426,4.000000000000085,walk
H113_1585,0,1.4453147745109067,-9.674439631257881,2.758053870427002,0.14245344709073998,-0.2772536001396581,0.260284268272568,0.4640260292228103,0.32714188716832804,0.20137226813761055,0.08691635016708875,0.13351065813113247,0.26396640933864624,13.87780827619579,2.0000000000000426,2.0000000000000426,2.0000000000000426,2.0000000000000426,2.0000000000000426,2.0000000000000426,walk
H113_1585,1,0.9593452383367156,-9.229886491361231,2.9660402818277696,-0.14683564338827013,-0.24759659258938582,0.561297023184154,0.19179099858884313,0.7221700744952224,0.46089391479126196,0.33057968257118775,0.17346943925664324,0.14249864107960564,13.15527201152572,4.000000000000085,4.000000000000085,2.0000000000000426,2.0000000000000426,2.0000000000000426,2.0000000000000426,walk
H113_1585,2,0.8951429176892068,-8.895122419305846,3.8161087466311523,-0.5048426427154175,0.06156473791723873,0.5359791548183527,0.15086410772232473,0.7132163938683905,0.6146496529955894,0.1945936752487162,0.3103705362145115,0.21447076011251248,13.606374083626203,4.000000000000085,2.0000000000000426,2.0000000000000426,2.0000000000000426,2.0000000000000426,2.0000000000000426,walk
I001_1585,0,0.9729008689406109,-9.346120239575278,2.2027647648514384,-0.20589808610788427,-0.20818504662096124,0.4598653529493395,0.38798002859466335,0.782965444744726,0.23055300754400002,0.23683267366129776,0.27264973392832925,0.198414978341151,12.521785873367328,2.0000000000000426,2.0000000000000426,2.0000000000000426,2.0000000000000426,2.0000000000000426,2.0000000000000426,walk
I001_1585,1,0.5059533700178723,-9.855779339133429,2.420218404640161,-0.4506178566948051,-0.22790588435772163,0.5683839635235696,0.2662483352997722,1.2013933667053487,0.2398832672663629,0.13177761668446078,0.22534776161353418,0.15731899486326262,12.781951113791461,2.0000000000000426,2.0000000000000426,2.0000000000000426,2.0000000000000426,2.0000000000000426,2.0000000000000426,walk
I002_1585,0,1.970534138592436,-9.271536125008629,2.3414175920813864,-0.15433838520122456,0.13842375982007912,0.29450455927400054,0.6184342134667439,0.49769463776962536,0.3910311079622739,0.1656748698615743,0.5435865665581358,0.414273994683732,13.58348785568245,2.0000000000000426,2.0000000000000426,4.000000000000085,2.0000000000000426,2.0000000000000426,2.0000000000000426,walk
I002_1585,1,2.4797891894969433,-9.495464520224694,2.455488493976836,-0.12901861924650473,0.3326521727042558,0.21873637650014177,0.6907856749147013,0.6943803044083359,0.47758884059523304,0.2507744639444747,0.7899011553173265,0.7709033315657821,14.430742203698472,2.0000000000000426,2.0000000000000426,2.0000000000000426,2.0000000000000426,2.0000000000000426,2.0000000000000426,walk
I002_1585,2,2.285096327726043,-10.645069397372476,2.502175513236209,0.1102043649469693,-0.024130163742822522,-0.1856647642015978,0.7838188671270779,1.0803277262128483,0.38812365215856026,0.22966145778944047,0.8014343630268791,0.7921632138511152,15.432341238334729,2.0000000000000426,2.0000000000000426,2.0000000000000426,2.0000000000000426,2.0000000000000426,2.0000000000000426,walk
I011_1585,0,1.8216274088814433,-9.518061278596091,2.2136160490414794,0.015059691601311567,-0.41428276512235096,0.2634800643927806,0.34932177367190403,0.46589360749776615,0.2897963590404424,0.1782646813346946,0.5962786262192157,0.2907441866892458,13.553304736519017,2.0000000000000426,4.000000000000085,2.0000000000000426,2.0000000000000426,2.0000000000000426,2.0000000000000426,walk
I011_1585,1,1.4277260835776926,-9.350555671792243,2.586136660675268,-0.20148155969724488,-0.2754881922021107,0.49641481059887727,0.3593538863009885,0.3829172642380361,0.2910211210320136,0.246589998904178,0.5584511009804541,0.2611017597903,13.364418416045204,2.0000000000000426,2.0000000000000426,2.0000000000000426,2.0000000000000426,2.0000000000000426,2.0000000000000426,walk
I012_1585,0,2.3070517341462153,-9.644897274655943,2.022546131901618,-0.06680427634153786,0.13567558355763037,0.17587258127288827,0.23273508544980137,0.2589206038627036,0.09634681493538043,0.05546611069172973,0.10144309980038932,0.10729726373180042,13.974495140703775,2.0000000000000426,2.0000000000000426,4.000000000000085,2.0000000000000426,2.0000000000000426,2.0000000000000426,walk
I012_1585,1,1.4248252392540008,-9.730335369478084,1.895007914181126,-0.06461535692465527,-0.4280748092602317,0.3132256770027843,1.0707223145630964,0.3721388395762171,0.35212078828604404,0.07559911724837982,0.6965872600801962,0.15767026561099803,13.116235269840322,2.0000000000000426,4.000000000000085,2.0000000000000426,2.0000000000000426,2.0000000000000426,2.0000000000000426,walk
I012_1585,2,0.7633752310418142,-9.474576053402673,1.845405845279049,-0.23186405842916044,-0.2755657491055928,0.46971668130723643,0.6232834076945891,0.5198165237180303,0.41767314281258605,0.24361037476791572,0.863707094685839,0.18952325079973179,12.166623137230916,2.0000000000000426,4.000000000000085,2.0000000000000426,2.0000000000000426,2.0000000000000426,2.0000000000000426,walk
I013_1585,0,0.3991010238776957,-10.089526278449494,2.2382925386014194,-0.4424372136976624,-0.30625685169393524,0.4814455621182659,0.455667306102584,0.7949272258484607,0.6168206574421714,0.18880757538790802,0.429990622538764,0.1457711689839859,12.880325901817125,4.000000000000085,2.0000000000000426,2.0000000000000426,2.0000000000000426,2.0000000000000426,2.0000000000000426,walk
I013_1585,1,1.0376241715725805,-10.673478401642747,2.2294194645165484,-0.04802659764240267,0.25827473061543016,-0.03588975206600437,0.9400819604362537,0.9423016743132404,0.594714150269935,0.5510098264512776,0.8709653218015037,0.49572520910252754,14.093928098620392,2.0000000000000426,2.0000000000000426,2.0000000000000426,2.0000000000000426,2.0000000000000426,2.0000000000000426,walk
I101_1585,0,2.732044449055439,-9.73243140417842,2.3946846113431417,0.06767482036287625,0.5189043951702835,-0.0843126904889277,0.5973476848901209,0.5003761803106209,0.6612061176935112,0.4169935093149656,0.7048282843925026,0.5960637999842562,14.859160464577004,2.0000000000000426,2.0000000000000426,2.0000000000000426,2.0000000000000426,2.0000000000000426,2.0000000000000426,walk
I101_1585,1,2.061922616025446,-10.454787944404556,2.1442146452184225,0.3434791070066441,-0.26323283241016876,-0.33872573237560827,0.8359453454744392,0.8671615849495643,0.9315016135204706,0.2652115144922666,0.8976290482249121,0.5996465246175787,14.660925205648425,2.0000000000000426,2.0000000000000426,2.0000000000000426,2.0000000000000426,2.0000000000000426,2.0000000000000426,walk
I102_1585,0,1.9063850430934186,-9.574094187717106,1.9076423384731738,-0.032643815267796805,0.09204281690957541,0.2708311258257556,0.8778463227688034,0.3104636073715707,0.10852032850289131,0.0445273145218997,0.2563577296287609,0.1577200617334734,13.420071928115982,2.0000000000000426,4.000000000000085,4.000000000000085,2.0000000000000426,2.0000000000000426,2.0000000000000426,walk
I102_1585,1,0.844237422289594,-9.639072093885137,1.774165426532802,-0.179789877921255,-0.21347570531216545,0.5113911314818792,1.058701400707297,0.602164069652968,0.22883294852181177,0.2401104469058803,0.4343904911625632,0.16276549516994085,12.346464061425262,2.0000000000000426,4.000000000000085,2.0000000000000426,2.0000000000000426,2.0000000000000426,2.0000000000000426,walk
I102_1585,2,0.37404837084915904,-9.816480517606688,2.154932826082101,-0.45230529075703496,-0.336442899971029,0.5842648810973797,0.3653696438998511,0.7720069149245923,0.5688819223114846,0.23976661751568634,0.33868942738254537,0.22784876023266964,12.424979486676877,2.0000000000000426,2.0000000000000426,2.0000000000000426,2.0000000000000426,2.0000000000000426,2.0000000000000426,walk
I111_1585,0,2.020558810671943,-9.580284378259622,1.9760619972552318,0.01230318322429217,-0.05611442047497964,0.11392246451308356,0.48099010082272614,0.09306308939411116,0.22538613795632348,0.08054528563613352,0.34705922708217857,0.03941162103157024,13.576905186186796,2.0000000000000426,4.000000000000085,2.0000000000000426,2.0000000000000426,2.0000000000000426,2.0000000000000426,walk
I111_1585,1,1.6256541455917133,-9.535905443360686,1.9511634840608125,-0.03391959236467379,-0.5679309338059375,0.31435061841535095,0.5396575755797627,0.389713704112285,0.21691944410493502,0.20483356062530186,0.721854411844839,0.2406630600482441,13.11272307301321,2.0000000000000426,4.000000000000085,2.0000000000000426,2.0000000000000426,2.0000000000000426,2.0000000000000426,walk
I111_1585,2,1.1668174049489946,-9.608486556759441,2.3844794369748055,-0.28981807087409583,-0.26055253166422226,0.5566039557081857,0.5646061340988702,0.5103956385873144,0.35078977254512045,0.27213405230483384,0.9597067646895084,0.2293587644918188,13.159783398683238,2.0000000000000426,2.0000000000000426,2.0000000000000426,2.0000000000000426,2.0000000000000426,2.0000000000000426,walk
I112_1585,0,1.7870755926664605,-9.686897902742142,1.8909843982055101,0.07707618885472556,-0.4941659585717432,0.16860794133494283,0.4743863359048106,0.26601147787991813,0.34781038797761726,0.17686194498406893,0.3517541896286982,0.294086306319174,13.364957893614115,2.0000000000000426,2.0000000000000426,4.000000000000085,2.0000000000000426,2.0000000000000426,2.0000000000000426,walk
I112_1585,1,1.663862843573561,-9.404541437310408,2.5652890828798096,-0.1557716328302291,-0.2217541128254955,0.3282355007359135,0.4733040200485746,0.19816120624172961,0.5497599057205883,0.28264832616546254,0.539052985641277,0.2365227038436877,13.633693363763783,2.0000000000000426,2.0000000000000426,2.0000000000000426,2.0000000000000426,2.0000000000000426,2.0000000000000426,walk
I112_1585,2,1.4191883498938165,-9.669217743183689,2.909787987689734,-0.27448149147544115,-0.0414578068044821,0.5017075979771576,0.5134110829814531,0.7558190765537607,0.23510054694678167,0.16095435408783704,0.4641500547790832,0.1345902276177211,13.998194080767236,2.0000000000000426,2.0000000000000426,2.0000000000000426,2.0000000000000426,2.0000000000000426,2.0000000000000426,walk
I113_1585,0,0.4468024955899675,-9.689307607491935,2.084274337875903,-0.16016356536503337,-0.3405836410723784,0.567932393566753,0.6297876562912035,0.8907098580296553,0.26918067083422453,0.17367500710719305,0.7833982565640951,0.15418602955555383,12.431693666368124,2.0000000000000426,2.0000000000000426,2.0000000000000426,2.0000000000000426,2.0000000000000426,2.0000000000000426,walk
I113_1585,1,-0.0946626786902339,-10.27553991505152,1.9936792671623025,-0.41138623787841566,0.1613730230362561,0.6587672965418317,0.4948379653251696,1.290347734261556,0.24029280949851706,0.1838351083336264,0.4762502758234056,0.1348199977992419,12.70862495111843,2.0000000000000426,2.0000000000000426,2.0000000000000426,2.0000000000000426,2.0000000000000426,2.0000000000000426,walk
I113_1585,2,0.6458327516561013,-11.097123880097262,2.0736524971912145,0.21140375382966028,0.40098657229983176,-0.2073236332054885,0.9350762764639406,0.8632955055770314,0.2707779430137403,0.856575076952584,0.721136979166373,0.9808710221513431,14.186626239959223,2.0000000000000426,4.000000000000085,2.0000000000000426,2.0000000000000426,2.0000000000000426,2.0000000000000426,walk
J002_1585,0,1.5687834786965111,-9.364823674652813,3.1960274904841937,-0.07001613855642481,0.004062610926834487,0.03268273480495349,0.21169316175010475,0.07622365091061478,0.22612042424667603,0.04068270885214006,0.14016556966545576,0.018530019690423366,14.129634643833517,2.0000000000000426,2.0000000000000426,2.0000000000000426,2.0000000000000426,2.0000000000000426,2.0000000000000426,walk
J002_1585,1,1.9856098417925836,-9.353416584613445,3.0944613350785435,-0.09157243191979314,0.09976633826022,0.07261579217229414,0.34877215135964207,0.2746648903739797,0.2846368846150344,0.02374647266363427,0.13180488271834473,0.04365176167293988,14.433487761484576,2.0000000000000426,2.0000000000000426,2.0000000000000426,4.000000000000085,2.0000000000000426,2.0000000000000426,walk
J002_1585,2,2.11393100135383,-9.443117364195198,2.998463225857626,-0.07623419954707385,0.017747677053050404,0.13300100361991374,0.23480476385936516,0.4625886413611622,0.19781068408091715,0.03480346188288557,0.14985441461460147,0.07575425351335087,14.55551159140665,2.0000000000000426,2.0000000000000426,2.0000000000000426,4.000000000000085,4.000000000000085,2.0000000000000426,walk
J002_1585,3,1.7222625030325684,-10.008946083904881,2.865257302600613,0.022274873108161834,-0.022058500708396763,0.19301666176528964,0.4391259799392177,0.9826995050709854,0.3457232435102141,0.14177983065383112,0.11190515117378899,0.18668881179669802,14.596465889538058,6.000000000000128,2.0000000000000426,2.0000000000000426,2.0000000000000426,6.000000000000128,2.0000000000000426,walk
J003_1585,0,1.8423801768076613,-9.301601386478788,3.0373519678556993,-0.03241042160956072,-0.015834616172492908,0.04976932346368863,0.15456781672585607,0.1845317014969277,0.16198772537891726,0.07324446347744,0.18701767180684706,0.04366024684322009,14.181333531142148,2.0000000000000426,4.000000000000085,2.0000000000000426,2.0000000000000426,2.0000000000000426,2.0000000000000426,walk
J003_1585,1,2.432979519393075,-9.308387923019986,2.975637051789949,-0.08433339630770094,0.11602118490334189,-0.01025905985660102,0.6018715167938622,0.26800686446002164,0.12430933410470581,0.05061737252885057,0.1599400838934227,0.0961130311071921,14.71700449420301,2.0000000000000426,4.000000000000085,2.0000000000000426,2.0000000000000426,2.0000000000000426,2.0000000000000426,walk
J003_1585,2,2.921928262548872,-9.21273237065745,2.9285838009791205,-0.05315915726070923,0.13207617690497828,-0.037573442058312,0.3988518930640421,0.46404318941194067,0.06973372944235584,0.07047610837310744,0.13529434997838893,0.10682684016650164,15.063244434185444,2.0000000000000426,2.0000000000000426,2.0000000000000426,4.000000000000085,4.000000000000085,4.000000000000085,walk
J003_1585,3,2.524739378939175,-9.727404290579654,2.809501291679147,0.031172970550024447,0.0678618508090188,0.16526167168507833,0.5945368861242222,1.051704177511691,0.18074827410758804,0.08246597196221735,0.12163222815439294,0.19234593602504887,15.061644961197976,2.0000000000000426,2.0000000000000426,2.0000000000000426,2.0000000000000426,2.0000000000000426,2.0000000000000426,walk
J012_1585,0,1.5379541074860392,-9.284105311606503,3.2011332370408443,-0.09813059234877912,-0.004819776041828545,0.05665602617171144,0.602262223351771,0.3267354377299921,0.20940671986805542,0.10084486724198469,0.17451063875059522,0.07349851039586099,14.023192656133388,2.0000000000000426,2.0000000000000426,2.0000000000000426,2.0000000000000426,2.0000000000000426,2.0000000000000426,walk
J012_1585,1,2.5677369575787092,-9.183613285014514,3.4593398441137686,-0.11082173163686262,0.27525329319871017,-0.011023537108695216,0.9835315516120344,0.6030953004954711,0.18999004523642898,0.09334390531984611,0.24033456271997253,0.21985330722924631,15.210690086706993,2.0000000000000426,4.000000000000085,2.0000000000000426,2.0000000000000426,2.0000000000000426,2.0000000000000426,walk
J012_1585,2,2.53419858530627,-9.773626794852118,3.4590262621968373,0.0739034014631687,0.2684144381882352,-0.10308799505976589,0.9545019757759123,0.9797473854733335,0.22744196779335907,0.12949962871883697,0.34979035208821463,0.22856343398003304,15.766851642355228,2.0000000000000426,2.0000000000000426,4.000000000000085,2.0000000000000426,2.0000000000000426,2.0000000000000426,walk
J012_1585,3,1.1174077839449132,-9.772988739611327,2.8653852548721983,0.19748243852339947,-0.18509741593788845,0.09717596485911438,0.8113356231731783,1.2290414008852504,0.5425013274220506,0.10216433533236666,0.6063916551871682,0.26194821320237516,13.844593252558923,2.0000000000000426,2.0000000000000426,2.0000000000000426,4.000000000000085,4.000000000000085,2.0000000000000426,walk
J013_1585,0,1.467345090088312,-9.313463104120979,3.322697697197378,-0.09351288475067063,0.030675398866356226,0.037818136856067615,0.21909615985113132,0.07121343529228309,0.13925112242324644,0.0639691616947301,0.12403634945766726,0.040399876890784586,14.10350589140667,2.0000000000000426,4.000000000000085,2.0000000000000426,2.0000000000000426,2.0000000000000426,2.0000000000000426,walk
J013_1585,1,2.000689403318473,-9.338937120423516,3.3386859012405745,-0.1471225660914128,0.24371006072480728,0.07903605452904935,0.437399945610672,0.1321334364076079,0.10094269276827798,0.03857393356481703,0.16800962254340043,0.05094936938286269,14.678312424982565,2.0000000000000426,4.000000000000085,2.0000000000000426,2.0000000000000426,2.0000000000000426,4.000000000000085,walk
J013_1585,2,2.1344144005437222,-9.413626326969,3.201928229513679,-0.05380456789600834,0.29114626376469416,0.059159666177027594,0.3819172275523651,0.24724521688403894,0.06395796841565406,0.11315144683577968,0.12700815451953135,0.06239307100773277,14.749968957026397,2.0000000000000426,4.000000000000085,2.0000000000000426,2.0000000000000426,2.0000000000000426,2.0000000000000426,walk
J013_1585,3,1.2482841137436618,-9.929703386255655,2.951176472891412,0.12524834218810055,0.0757861114960004,0.10336400083457836,0.8786035922208946,1.0998218813172025,0.2889636839485775,0.1188370946274328,0.20614601686532202,0.16463540495676177,14.23919250452333,2.0000000000000426,2.0000000000000426,2.0000000000000426,2.0000000000000426,4.000000000000085,2.0000000000000426,walk
J111_1585,0,1.6554102430205517,-9.425050914365643,3.177473088202532,-0.019625701498523645,0.046186582200499995,0.1061496010171597,0.13638629131385302,0.06313959108175354,0.12967423955044408,0.027076500278205712,0.07948987340199094,0.07959303211672784,14.257934245588727,2.0000000000000426,4.000000000000085,2.0000000000000426,2.0000000000000426,2.0000000000000426,2.0000000000000426,walk
J111_1585,1,1.2721510367279856,-9.411628980722414,3.184090903865618,0.053534871454773134,-0.1465529225407067,0.2088623714242075,0.6222015564755897,0.18348538832961425,0.17632166268526742,0.09998903777433693,0.26818266270452085,0.058331945627515036,13.867870921316017,2.0000000000000426,4.000000000000085,2.0000000000000426,2.0000000000000426,2.0000000000000426,4.000000000000085,walk
J111_1585,2,0.8379384408452658,-9.130587799943967,3.4398227680060454,-0.06191254053924746,-0.3193425933306538,0.36296088623049433,0.3956849355941313,0.575424679236831,0.4276302657644682,0.22365356058955904,0.20333616163526666,0.14141820259034785,13.40834900879528,2.0000000000000426,4.000000000000085,2.0000000000000426,2.0000000000000426,2.0000000000000426,2.0000000000000426,walk
J111_1585,3,1.1692337303620608,-9.426572798485715,4.0730601628579395,-0.23614223655305705,-0.15352793695112474,0.32984364126266874,0.37913591758873305,1.1988983947805925,0.4602333969456635,0.11152168339001314,0.2668147302548206,0.22271221616759618,14.668866691705716,2.0000000000000426,2.0000000000000426,2.0000000000000426,2.0000000000000426,4.000000000000085,2.0000000000000426,walk
J112_1585,0,1.5089021617271887,-9.192338138810852,3.538693978522323,-0.09958261634152889,0.04383551226146784,0.07954829340852117,0.16707699182773922,0.1489832338467501,0.24595776933403662,0.07784760926947527,0.21170702953148146,0.05170353504922866,14.239934279060368,2.0000000000000426,2.0000000000000426,2.0000000000000426,2.0000000000000426,2.0000000000000426,2.0000000000000426,walk
J112_1585,1,2.0981432091942294,-9.231082948358273,3.367028034621751,-0.18224689477403921,0.32210641368252774,0.10867856510638749,0.5279556853535531,0.2731581615489803,0.3282675007132796,0.048973141994977,0.2089470944634506,0.09521832083179069,14.696254192174257,2.0000000000000426,2.0000000000000426,2.0000000000000426,2.0000000000000426,2.0000000000000426,2.0000000000000426,walk
J112_1585,2,2.26258056278279,-9.5388928265965,3.168141914149517,-0.08650462288506491,0.31564873687142686,0.017526188248559765,0.4581853857284278,0.5039382347147758,0.15533573214101445,0.131037303191071,0.17056764355271115,0.13007620699644515,14.969615303528805,2.0000000000000426,2.0000000000000426,2.0000000000000426,2.0000000000000426,2.0000000000000426,2.0000000000000426,walk
J112_1585,3,1.19701943192199,-10.001979913911677,2.8759644772252493,0.16846691661717858,-0.016692906870458726,0.0034320812272789812,1.0196325203508514,1.0857200996123884,0.5586498701681235,0.17589239654135577,0.3409857172522612,0.16027349769296056,14.289851084341057,2.0000000000000426,2.0000000000000426,2.0000000000000426,2.0000000000000426,4.000000000000085,2.0000000000000426,walk
K002_1585,0,-1.5221426479522122,9.174703060898267,2.5115178669464395,-0.14461264877488536,0.781134307493198,0.1537162824843915,0.08023615652167568,0.27398531304617446,0.28970847132846844,0.2211232496928539,0.539261147687066,0.10697955710578409,13.208363575796918,2.0000000000000426,4.000000000000085,2.0000000000000426,2.0000000000000426,2.0000000000000426,4.000000000000085,walk
K002_1585,1,-1.736913273691868,8.886665647031348,2.9422958449283074,-0.06880037218841939,0.8398537885667052,0.48542783594433414,0.32879331354374364,0.5727643219931908,0.36857204177714487,0.3015501585961224,0.4675633729455726,0.35051077959092614,13.565874765651527,2.0000000000000426,2.0000000000000426,2.0000000000000426,2.0000000000000426,2.0000000000000426,2.0000000000000426,walk
K003_1585,0,-1.7679716251828719,9.152632547202847,2.2427045540386352,-0.10931456591099402,0.569377575618414,0.18775861470556723,0.15026817058166184,0.19607233479189246,0.2999663568509311,0.177277587916058,0.4034080274641534,0.1027758840436569,13.163308726424352,4.000000000000085,2.0000000000000426,2.0000000000000426,2.0000000000000426,2.0000000000000426,4.000000000000085,walk
K003_1585,1,-2.1398421468987747,8.743307079493263,2.8494510757693092,-0.08893601057912331,0.8068474345119206,0.3789712369407034,0.5288796003856668,0.5834349285075627,0.45592709044426905,0.1949593676609428,0.24930787559844653,0.17706785574940034,13.732600302161345,2.0000000000000426,2.0000000000000426,2.0000000000000426,2.0000000000000426,4.000000000000085,2.0000000000000426,walk
K012_1585,0,-1.5149393742604615,9.320908176654095,1.8853592347018042,0.050549115586800815,0.015194271778136885,0.052418051915936875,0.0754704418318169,0.2501021809570466,0.1581060680524623,0.040166958041509326,0.09494607153311123,0.06922523419506664,12.721206785616362,2.0000000000000426,4.000000000000085,2.0000000000000426,2.0000000000000426,2.0000000000000426,2.0000000000000426,walk
K012_1585,1,-1.567340219429713,9.2994717364138,2.123459087946563,-0.1722973943887313,0.47745973377995166,0.08197631620096897,0.10495185416048804,0.2857225942119836,0.2534619596176,0.312964537588015,0.54292928570707,0.12548577745810158,12.990271043790075,2.0000000000000426,4.000000000000085,2.0000000000000426,2.0000000000000426,2.0000000000000426,2.0000000000000426,walk
K102_1585,0,-1.7677075232061141,9.167028365151717,2.1397258124094387,-0.0757199134787754,0.42100297643939755,0.15404501319345168,0.14099546202022065,0.3390188195331897,0.39902123866988676,0.13665086460098994,0.4711077957985287,0.12109101220029472,13.074461700767268,4.000000000000085,4.000000000000085,2.0000000000000426,2.0000000000000426,2.0000000000000426,2.0000000000000426,walk
K102_1585,1,-1.788535499430033,9.072752569369179,2.518976997887767,-0.1172802724424876,0.6410421611626043,0.2631353202189737,0.13786918193084582,0.40799839538207056,0.3150098917246816,0.15569151428058076,0.3427707405920969,0.058193979918791494,13.38026506668698,4.000000000000085,4.000000000000085,4.000000000000085,2.0000000000000426,2.0000000000000426,4.000000000000085,walk
K112_1585,0,-2.5144504636559426,8.91201617827354,2.526607891901645,-0.1135275362774104,0.6914885498971759,0.21554925365713495,0.786285267550059,0.7499390484539578,0.42939115923976623,0.11110835938123427,0.29834902229039467,0.3440226286002664,13.953074533831128,2.0000000000000426,2.0000000000000426,2.0000000000000426,2.0000000000000426,4.000000000000085,2.0000000000000426,walk
K112_1585,1,-3.2177336105558654,9.475853060619816,2.5394421620402965,7.452807852641116e-05,0.17624323679809376,0.31290624942635165,0.4848342435231218,1.5345908896031488,0.7832070956619626,0.060977550680444914,0.7121235483304339,0.28890512229591164,15.233028833215975,2.0000000000000426,2.0000000000000426,4.000000000000085,2.0000000000000426,2.0000000000000426,2.0000000000000426,walk
K113_1585,0,-1.6241682069755865,9.193644453121356,2.4738536731024428,-0.0668624246582117,0.503576264417064,0.11727067623957349,0.2252034472507918,0.525911759481731,0.4045771549260585,0.13576388086538005,0.46267063170159123,0.06804446962025297,13.29166633319939,2.0000000000000426,2.0000000000000426,2.0000000000000426,2.0000000000000426,2.0000000000000426,4.000000000000085,walk
K113_1585,1,-2.0995613701955036,8.807764125009317,2.956841366791344,-0.1465395011572964,0.8817319585063208,0.2103881343830831,0.7493600454436754,0.734049424888595,0.3346537413921429,0.07349010771749807,0.3700702971389173,0.0923268089136185,13.864166861996166,2.0000000000000426,2.0000000000000426,4.000000000000085,4.000000000000085,4.000000000000085,2.0000000000000426,walk
L001_1585,0,1.6565765151683696,-9.553227706883163,2.608344655460282,0.030553907913007956,-0.2288543076321493,-0.006049072953149999,1.182599649917474,0.2945074059552938,0.49245799205796903,0.09613186188260149,0.290967544947407,0.14031160412245464,13.818148877511815,2.0000000000000426,2.0000000000000426,2.0000000000000426,2.0000000000000426,2.0000000000000426,4.000000000000085,walk
L001_1585,1,3.6606955257623657,-9.07408094214415,2.972883205286979,0.005885272612380398,-0.21402842207551465,-0.44017105496231673,2.108797486528243,0.4390275342686854,0.39120863765237074,0.10371201969051831,0.33564180072627536,0.4799676830631378,15.707659673193495,2.0000000000000426,6.000000000000128,2.0000000000000426,2.0000000000000426,2.0000000000000426,2.0000000000000426,walk
L003_1585,0,1.2700491281667636,-9.404514113002735,2.5847687596597955,-0.02904185737597052,-0.3921339588393781,0.17366082434276262,0.692581300190656,0.30926601828454237,0.26404638576121753,0.037305057058961484,0.5107919563610234,0.1383903116755194,13.259332000829295,2.0000000000000426,2.0000000000000426,2.0000000000000426,2.0000000000000426,2.0000000000000426,2.0000000000000426,walk
L003_1585,1,3.751174278535781,-9.317793006252804,2.7495674597582407,0.02706841553669208,-0.4908237086539001,-0.317315776432977,2.541482760778171,0.8387070958097829,0.2558387960204229,0.10283253523486467,0.604385180958227,0.7334068655736602,15.818534744546826,2.0000000000000426,4.000000000000085,4.000000000000085,2.0000000000000426,2.0000000000000426,2.0000000000000426,walk
L011_1585,0,1.3556734404592987,-9.619503869016489,2.0913426520167078,-0.0923389996843806,-0.05703645716925742,0.05980049400149604,0.258352910067888,0.2415836412295405,0.35318381097230533,0.037381032481470254,0.0848399165020483,0.06662328403973396,13.066519961492498,2.0000000000000426,2.0000000000000426,2.0000000000000426,4.000000000000085,2.0000000000000426,4.000000000000085,walk
L011_1585,1,1.9321692919408742,-9.506271232134484,1.9825175528773358,-0.225041137321445,0.01567856886204773,0.26717717956716547,0.5903873388422181,0.358044970294685,0.3157891548604235,0.14126678485577537,0.17054451988985161,0.2118615701655639,13.420958076952694,2.0000000000000426,4.000000000000085,2.0000000000000426,2.0000000000000426,2.0000000000000426,2.0000000000000426,walk
L012_1585,0,1.296259393091996,-9.582201192556974,2.472881158699089,-0.06028442393351018,-0.021957685731829053,0.05390216335454749,0.13023932313672673,0.2110126983724696,0.2602816477185426,0.06488859146238721,0.05184666226260963,0.0489689052188125,13.351341744348058,2.0000000000000426,4.000000000000085,2.0000000000000426,2.0000000000000426,2.0000000000000426,2.0000000000000426,walk
L012_1585,1,1.5637680259315494,-9.533112955229312,2.4993222799276937,-0.12781927318017974,-0.00028863492613858386,0.12843614860439445,0.4970217623300923,0.4828832742785712,0.21622400588198357,0.05589674513222254,0.08338940119160862,0.057322502315827084,13.596203261088554,2.0000000000000426,4.000000000000085,2.0000000000000426,4.000000000000085,2.0000000000000426,4.000000000000085,walk
L101_1585,0,1.7251691435224805,-9.727403822563781,1.7991491539322642,0.00397275160799657,0.003767197847394634,0.06631977488300068,0.08210479793832831,0.14923419525377574,0.1019502318797534,0.01030183078649085,0.021873701192609497,0.06846105011586896,13.251722120018526,2.0000000000000426,2.0000000000000426,2.0000000000000426,4.000000000000085,2.0000000000000426,2.0000000000000426,walk
L101_1585,1,1.6900219826058247,-9.668928120875078,1.9753677699319787,0.062052595997744486,-0.1660653644555769,0.14227396142080076,0.1540170011315596,0.17041818107424106,0.2895474289688046,0.09186363063056399,0.17958448530812604,0.062055600360563956,13.334317873412878,2.0000000000000426,2.0000000000000426,2.0000000000000426,2.0000000000000426,2.0000000000000426,2.0000000000000426,walk
L101_1585,2,1.3622531276215863,-9.425154036832225,2.3476071087397425,0.026771125201305025,-0.36188314132304455,0.24988974964595173,0.30588026094483,0.6318162303398503,0.4040207008115528,0.18652621058401242,0.12730041936940695,0.12478561859959326,13.135014273193553,2.0000000000000426,4.000000000000085,4.000000000000085,2.0000000000000426,4.000000000000085,2.0000000000000426,walk
L102_1585,0,1.720055648427315,-9.69773841408746,2.0237579095071045,0.1490642213325782,-0.34551381893905725,0.11040712930589176,0.8429920458815683,0.49878538870191,0.4147357212477555,0.176385437257525,0.3504044666024748,0.17621974203214108,13.441551972021877,2.0000000000000426,2.0000000000000426,2.0000000000000426,2.0000000000000426,2.0000000000000426,4.000000000000085,walk
L102_1585,1,1.3672449891269636,-9.314981293598462,2.056113638023721,-0.20240102573953336,-0.41387848655971804,0.6117767226560864,0.630931005007192,1.1404942075778357,0.5267162173619001,0.5076131192540932,0.4256704134988998,0.5934253941447222,12.738339920749148,2.0000000000000426,2.0000000000000426,4.000000000000085,2.0000000000000426,2.0000000000000426,2.0000000000000426,walk
L103_1585,0,4.690779972668799,-8.46082174315081,2.1150024952951707,-0.06802912225360226,-0.34424296143895505,-0.7432472056589668,1.418211110575958,1.6765032912728546,0.997592906267739,0.14241122890107852,0.3988753121033862,0.6169693178751607,15.26660421111478,2.0000000000000426,2.0000000000000426,2.0000000000000426,2.0000000000000426,4.000000000000085,2.0000000000000426,walk
L103_1585,1,5.365624118992474,-7.827126149116927,0.4540708932627579,-0.23010853901442777,-0.791688358657031,-0.3669882201800725,0.5692531505416989,1.314506678915527,1.5146606819436794,0.3611073457274232,0.8553568030301348,0.6474549776138122,14.582625602824724,2.0000000000000426,2.0000000000000426,4.000000000000085,2.0000000000000426,2.0000000000000426,2.0000000000000426,walk
M001_1585,0,3.8966802195250887,-9.191369939065801,0.6907050164095978,0.16613267226388306,-0.304228139511311,0.15996253786651182,0.624827131319685,0.25821780961637275,0.11953510891960475,0.20461460226106257,0.38889296992630706,0.10601078406670202,13.77875517500049,2.0000000000000426,2.0000000000000426,2.0000000000000426,2.0000000000000426,2.0000000000000426,2.0000000000000426,walk
M001_1585,1,3.2584111972678667,-9.354924577922482,0.7411607571399373,0.13283561929360935,-0.611341636192104,0.5694414654493276,0.5953578270148571,0.23380007668848907,0.33411380125260254,0.2877873319501071,0.30004222472234887,0.37389939832376234,13.354496532330291,2.0000000000000426,2.0000000000000426,2.0000000000000426,2.0000000000000426,2.0000000000000426,2.0000000000000426,walk
M001_1585,2,3.761659300463583,-9.385035834507738,1.4547413406147578,-0.1465416151445265,-0.4765614322959866,0.7030055733018153,0.9987713327428073,0.3815321137761035,0.8231874748759096,0.24658793443798474,0.4591758074446215,0.3282515409174759,14.601436475586079,2.0000000000000426,2.0000000000000426,2.0000000000000426,4.000000000000085,4.000000000000085,2.0000000000000426,walk
M002_1585,0,4.0659341084157745,-9.129283417429237,0.8275434953920575,0.1308115257747348,-0.20136922614316435,0.15046864608178756,0.45303999883574053,0.1700618514360638,0.12201387300986875,0.12539458583431165,0.22700724653570634,0.10154541179666005,14.022761021237068,2.0000000000000426,2.0000000000000426,4.000000000000085,2.0000000000000426,2.0000000000000426,2.0000000000000426,walk
M002_1585,1,3.4736683857935544,-9.199469240533451,1.1054064596464515,0.09577541502842692,-0.45337979671109624,0.5135096040313138,0.5192340709909801,0.26219018804173827,0.4000394256792415,0.18293411169314475,0.19532949564519617,0.31811838815183135,13.77854408597346,2.0000000000000426,2.0000000000000426,2.0000000000000426,2.0000000000000426,2.0000000000000426,2.0000000000000426,walk
M002_1585,2,3.7649206532883706,-9.351306580559314,1.815250899457164,-0.0931677068608125,-0.45107977468677524,0.6177357807920942,0.7765937027686961,0.5312238324278334,0.5888573752444193,0.1639663150647124,0.31334509030097185,0.2808082586734877,14.93147813330485,2.0000000000000426,2.0000000000000426,2.0000000000000426,4.000000000000085,4.000000000000085,2.0000000000000426,walk
M012_1585,0,4.093023917492162,-8.983841527313592,1.3319044693733695,0.18477444918847014,-0.23680501020198197,0.07453916504665571,1.0686161802396725,0.35273349550239874,0.261705138873897,0.18994755371781116,0.3190095356139243,0.30501982526903065,14.408769914179123,2.0000000000000426,2.0000000000000426,2.0000000000000426,2.0000000000000426,2.0000000000000426,2.0000000000000426,walk
M012_1585,1,3.5132695805877256,-9.021759376714863,1.46865111826935,0.02645926425867775,-0.5413716388167992,0.6765081925132393,0.5733076840017494,0.40561212807233743,0.4377338038103699,0.3218996956284711,0.26309615100304123,0.6457251143951216,14.00368007557194,2.0000000000000426,2.0000000000000426,2.0000000000000426,2.0000000000000426,4.000000000000085,2.0000000000000426,walk
M013_1585,0,3.902929266765278,-9.242909583061218,1.1337044285672335,0.14279082412435795,-0.16977099488547784,0.17031780885371467,0.6648398647309274,0.3165364169050455,0.19510442992038293,0.1422715709393705,0.23722026689578818,0.0724302068340365,14.279543278393733,2.0000000000000426,2.0000000000000426,2.0000000000000426,2.0000000000000426,2.0000000000000426,6.000000000000128,walk
M013_1585,1,3.3195470239091316,-9.1082050011339,1.478405775739258,0.095802833396544,-0.4084001990326683,0.5183972313883678,0.47492464413501834,0.4609039693742533,0.2160736881239062,0.1944929773908481,0.18109912248741636,0.3498250846993963,13.906157800782287,2.0000000000000426,2.0000000000000426,2.0000000000000426,2.0000000000000426,4.000000000000085,2.0000000000000426,walk
M013_1585,2,4.037386351526624,-9.162029724069914,1.877460567534368,-0.22558629220488746,-0.3121894286023112,0.698717708226608,1.0758197175588353,0.5432341784237185,0.2903791047992261,0.2209302876558302,0.40151290970247944,0.22109348306004467,15.076876643130909,2.0000000000000426,2.0000000000000426,2.0000000000000426,2.0000000000000426,2.0000000000000426,2.0000000000000426,walk
M101_1585,0,4.3660814432111605,-9.014923820383935,1.038246938345872,0.15649215748529316,-0.15953870000549936,0.014895210464432934,0.6907813734078466,0.28526776397329706,0.34834179001497567,0.17510313111373935,0.23171142242230208,0.0987997051121523,14.419252201940967,2.0000000000000426,2.0000000000000426,2.0000000000000426,2.0000000000000426,2.0000000000000426,2.0000000000000426,walk
M101_1585,1,3.611686823718465,-9.183179469668708,0.9913596659264169,0.19668004088464516,-0.4689249339671576,0.4178184893317712,1.0028371488226797,0.2748711020472443,0.2738448802915303,0.22633836868364277,0.26033679213228045,0.5262762762682103,13.786225959313589,2.0000000000000426,4.000000000000085,2.0000000000000426,2.0000000000000426,2.0000000000000426,2.0000000000000426,walk
M101_1585,2,3.645156154659812,-9.283691778467345,1.5015498571089443,-0.07276838713465247,-0.5825413858866357,0.8250878367767112,0.9422758429063675,0.2895647808549504,0.6868840861058804,0.27621936006140035,0.1867474920129249,0.3584915950781397,14.4303977902361,2.0000000000000426,4.000000000000085,2.0000000000000426,2.0000000000000426,4.000000000000085,2.0000000000000426,walk
M102_1585,0,3.8216754892568816,-9.26089979676551,0.7047558487993091,0.1199141996895669,-0.2826930974495573,0.1465827051591329,0.711563614813836,0.38307540687117275,0.23028620041682737,0.19474934853164805,0.4649011197099978,0.07671856861597649,13.787331134821702,2.0000000000000426,2.0000000000000426,2.0000000000000426,2.0000000000000426,2.0000000000000426,2.0000000000000426,walk
M102_1585,1,2.9924972026082592,-9.443064806560711,0.8402581881711305,0.16328226651689082,-0.6739724016897419,0.6366944757030073,0.630554015696172,0.5774415261088476,0.3591387374725985,0.3108197804223343,0.5470265505897949,0.5306837678355638,13.275820197340103,2.0000000000000426,2.0000000000000426,4.000000000000085,2.0000000000000426,2.0000000000000426,2.0000000000000426,walk
M102_1585,2,3.750636088573414,-9.58464420588777,1.7045953263146805,-0.0664879345877375,-0.5317356843294093,0.8811990751755977,1.3668173591062212,0.8793305501752168,0.8221488438327699,0.3559074805067914,0.6846438860600798,0.47764831498508126,15.039875620775865,2.0000000000000426,2.0000000000000426,2.0000000000000426,4.000000000000085,4.000000000000085,2.0000000000000426,walk
M103_1585,0,4.149133420974184,-9.106713681731366,0.4577810103697916,0.02948958483690351,-0.07648728268744218,0.09706954109890871,0.37564747977418944,0.19414296082058802,0.1343602161457974,0.0974065219420864,0.16680231759282071,0.04996170557834163,13.713628113075343,2.0000000000000426,2.0000000000000426,4.000000000000085,2.0000000000000426,2.0000000000000426,2.0000000000000426,walk
M103_1585,1,3.4662258297084882,-9.328253290827679,0.6553852564526271,0.1778930211563322,-0.4565333984780625,0.37315778733534943,0.7947287603831322,0.45259798929824646,0.21595032648782597,0.2014175916491371,0.4116385659427537,0.32477670490751054,13.449864376988794,2.0000000000000426,2.0000000000000426,2.0000000000000426,2.0000000000000426,2.0000000000000426,2.0000000000000426,walk
M103_1585,2,3.4970914748496016,-9.281932151248206,1.2682891268587866,0.02972868061076337,-0.610751791362902,0.6591818733449244,0.887504885421757,0.5068801432250089,0.5854513758566582,0.3165640841879382,0.3393412071940737,0.3212397757763794,14.047312752956595,2.0000000000000426,2.0000000000000426,2.0000000000000426,2.0000000000000426,4.000000000000085,2.0000000000000426,walk
M111_1585,0,4.3829405268502875,-9.016438160854857,1.23537335530704,0.09898453495204027,-0.08893531026183375,0.027989396752502303,0.6222607184417958,0.46332255898621677,0.2400226544779495,0.18428452374336352,0.260169541114364,0.08597287058752011,14.634752043012186,2.0000000000000426,2.0000000000000426,2.0000000000000426,2.0000000000000426,2.0000000000000426,2.0000000000000426,walk
M111_1585,1,3.650665224782082,-9.160894662480878,1.24182329698136,0.1345228551887199,-0.3720255105871464,0.34487229555325166,0.7992771986279369,0.328735342934305,0.26591284227617257,0.23259096849620914,0.3230329805289895,0.44630869375225907,14.053383184244321,2.0000000000000426,2.0000000000000426,2.0000000000000426,2.0000000000000426,2.0000000000000426,2.0000000000000426,walk
M111_1585,2,3.609561070973018,-9.041086147951045,1.5095559051311065,-0.07439929279291072,-0.6025893266974336,0.7660840887312718,0.6503455211770677,0.2257706694937725,0.49584916223609493,0.24768573676954803,0.15385062816766568,0.3326971963829864,14.160203124055169,2.0000000000000426,2.0000000000000426,2.0000000000000426,2.0000000000000426,4.000000000000085,2.0000000000000426,walk
M112_1585,0,4.1274543170305575,-8.925020404119843,1.2506554373893484,0.11912446968400613,0.04879938962861232,0.03841280009179201,1.3197669403052048,0.306371886108914,0.1971828189190707,0.1669929432572094,0.3416101457434044,0.23248778564278536,14.30313015853975,2.0000000000000426,2.0000000000000426,2.0000000000000426,2.0000000000000426,2.0000000000000426,2.0000000000000426,walk
M112_1585,1,3.1373016735778596,-9.01877967269413,1.2852990185891953,0.056233168292288804,-0.43146081602233244,0.5527364465649984,0.620692282470061,0.2623066244200246,0.2843065958551394,0.23225401972305287,0.36581936782046814,0.5376951828610399,13.441380364861185,2.0000000000000426,4.000000000000085,2.0000000000000426,2.0000000000000426,2.0000000000000426,2.0000000000000426,walk
M112_1585,2,4.336605285740076,-9.445101978514167,1.8218150509618807,-0.24006199627540611,-0.592625374460165,0.9012654265113188,1.3297405517936711,0.7399316145937107,0.453648450371494,0.14162252870660125,0.4145016482065283,0.24131110123077057,15.603522315216123,2.0000000000000426,2.0000000000000426,2.0000000000000426,4.000000000000085,2.0000000000000426,2.0000000000000426,walk
M113_1585,0,3.8038777376865465,-8.986164603238628,1.2377128734179816,0.11539708090182547,-0.03769516858490559,0.12417325902331339,1.4123962480314083,0.3723283366915653,0.3427034645923875,0.16935981108199075,0.4229938413713121,0.3050240822240394,14.027755214343157,2.0000000000000426,2.0000000000000426,2.0000000000000426,2.0000000000000426,2.0000000000000426,2.0000000000000426,walk
M113_1585,1,2.757390197166957,-9.209068226129421,1.1912613860790886,0.06754477482224229,-0.6746513554833681,0.6332568387030965,0.6454368542133222,0.2652852469790449,0.362955123702442,0.2133023092707476,0.38498537294855156,0.5702840084767354,13.15771980937547,2.0000000000000426,4.000000000000085,2.0000000000000426,2.0000000000000426,2.0000000000000426,2.0000000000000426,walk
M113_1585,2,4.367073295918583,-9.66434375559282,1.7735031218670283,-0.1996046758290906,-0.6752039216537006,0.9213017835227311,1.8100324388053353,0.5518097415737024,0.48440943186289753,0.1344746425549378,0.6851058260256931,0.312488707975462,15.804920173378434,2.0000000000000426,2.0000000000000426,2.0000000000000426,2.0000000000000426,2.0000000000000426,2.0000000000000426,walk
N001_1585,0,3.170897360300464,-9.376844786606052,2.2278548703830494,0.07679510736630955,-0.14691198138120545,0.2417877650767323,0.4202973929199971,0.33091457994626733,0.3247001217585565,0.07826354301198406,0.2405246426039356,0.08807909902866105,14.775597017289565,2.0000000000000426,6.000000000000128,2.0000000000000426,2.0000000000000426,2.0000000000000426,2.0000000000000426,walk
N001_1585,1,2.849877539528584,-8.792064186971269,2.7325789200884465,0.013262903939558758,-0.2438913646320244,0.41945246662046803,0.3376809122952214,0.8483157632953318,0.30668707275024726,0.14278874394783328,0.21753596050235502,0.2485829202865018,14.374520646588303,2.0000000000000426,2.0000000000000426,2.0000000000000426,2.0000000000000426,2.0000000000000426,2.0000000000000426,walk
N011_1585,0,3.2137643469621597,-8.983084987662794,2.3859498445611234,-0.07870564532043715,-0.11146638475976804,0.12958826527750597,0.5002761022307763,0.3315146371593116,0.1479887975828252,0.12075463167538872,0.12770876351250135,0.10791921445770933,14.582799179186079,2.0000000000000426,2.0000000000000426,2.0000000000000426,2.0000000000000426,2.0000000000000426,2.0000000000000426,walk
N011_1585,1,4.727155944736084,-8.649246291581456,2.118928009783236,-0.23846393440743469,0.09805514783294286,0.019054694241025082,1.4389587210575765,0.2869195654568118,0.29797016319907305,0.10961347812515505,0.2833989299814765,0.3022834909587396,15.495330246100773,2.0000000000000426,4.000000000000085,2.0000000000000426,2.0000000000000426,2.0000000000000426,2.0000000000000426,walk
N012_1585,0,3.608960680780301,-8.873027019749458,2.3299862745365463,-0.13343773890583485,0.008704138735808766,0.17015637826398355,0.7433628063899557,0.47502069598723706,0.22044120842940113,0.14403009284654508,0.3103695060349801,0.10301072072798936,14.81197397506631,2.0000000000000426,2.0000000000000426,2.0000000000000426,2.0000000000000426,2.0000000000000426,2.0000000000000426,walk
N012_1585,1,4.5129586407864215,-8.728318741543218,2.041614904993223,-0.32026507954035965,0.4790496868411622,0.1267489275072177,0.6523465337329044,0.5765611247901864,0.40683933471045447,0.09432310623293245,0.4031929535086463,0.2360692226312087,15.282892287322863,2.0000000000000426,4.000000000000085,2.0000000000000426,2.0000000000000426,2.0000000000000426,4.000000000000085,walk
N013_1585,0,3.321493256196331,-8.999328841930522,2.514494060441613,-0.0985129672792238,0.023386624047788268,0.0935001579799849,0.27735022786926106,0.31936359466542646,0.35244616070142,0.09971957655860214,0.19139261480555006,0.09187554395380619,14.835316158568467,2.0000000000000426,2.0000000000000426,2.0000000000000426,2.0000000000000426,2.0000000000000426,2.0000000000000426,walk
N013_1585,1,4.493800487940562,-8.784600812799082,2.265671137037284,-0.1600076317212234,0.16965940806050192,-0.05549362757313138,1.0810752133929116,0.42860509591889473,0.5848372543367654,0.04428684813608634,0.1343966989072592,0.22521498237085652,15.544072437776924,2.0000000000000426,4.000000000000085,2.0000000000000426,2.0000000000000426,4.000000000000085,2.0000000000000426,walk
N101_1585,0,2.9754066780696764,-9.440930850190984,2.0496190868231,0.03898083855456626,-0.1664814398318132,0.26801021466754515,0.13470309055175464,0.6804124039739803,0.15236955476587075,0.023082487367404224,0.2204571072506099,0.15658571300048746,14.465956615083758,2.0000000000000426,2.0000000000000426,2.0000000000000426,2.0000000000000426,4.000000000000085,2.0000000000000426,walk
N101_1585,1,2.9286643479978074,-8.97597703278545,2.4243737680703434,-0.09409655498707759,-0.2136849268003797,0.5505294216924846,0.22202077891144167,0.8588416511344659,0.4969892201429048,0.14210149624858362,0.2615716534862927,0.2094862957118148,14.329015148853598,2.0000000000000426,2.0000000000000426,4.000000000000085,2.0000000000000426,2.0000000000000426,2.0000000000000426,walk
N103_1585,0,3.0127606214337677,-9.236526954193744,2.155020071745911,0.010515819985962844,-0.02232173029046712,0.028138646812941596,0.03363255053082399,0.0852498913521841,0.031027054441151405,0.01579161414098126,0.021987690697518644,0.03268184711907776,14.404307647373422,2.0000000000000426,2.0000000000000426,4.000000000000085,2.0000000000000426,2.0000000000000426,2.0000000000000426,walk
N103_1585,1,3.1521447406863934,-9.274788503449074,2.046762835680125,-0.01974839421795636,-0.04462913483201923,0.19113843634049363,0.15519423146555805,0.1874797973622187,0.11414328116105911,0.03232460420935313,0.02574931849793238,0.164799048649884,14.473696079815591,2.0000000000000426,4.000000000000085,2.0000000000000426,2.0000000000000426,2.0000000000000426,2.0000000000000426,walk
N103_1585,2,3.0219986290312693,-9.486771121943248,2.174581668778662,0.007481685648477743,-0.11446432592775696,0.3278254086841356,0.42381901662043164,0.2704010673765397,0.28053610643964005,0.0888936389514462,0.24987990355164455,0.14083341902508748,14.683351419753176,2.0000000000000426,2.0000000000000426,2.0000000000000426,2.0000000000000426,2.0000000000000426,2.0000000000000426,walk
N111_1585,0,3.400713621349293,-9.111095714345348,2.2908750797515203,0.03537062318308343,-0.07024466149309022,0.22336659301797857,0.2567501696475693,0.17143484324707708,0.15776743922734907,0.03884161635550424,0.0865394742418235,0.15187486924373766,14.80268441544616,2.0000000000000426,2.0000000000000426,2.0000000000000426,2.0000000000000426,2.0000000000000426,2.0000000000000426,walk
N111_1585,1,3.1492102694752235,-9.057816340232755,2.6821671969553478,0.07548517426949182,-0.22326559134416396,0.29709048454919157,0.4691727192009854,0.7971801226898361,0.33560951050680354,0.07017337503784568,0.2461890683707805,0.0868525521292805,14.889193806663327,2.0000000000000426,4.000000000000085,2.0000000000000426,2.0000000000000426,2.0000000000000426,2.0000000000000426,walk
N112_1585,0,3.1715299989275856,-9.367837486787764,1.8175930226482864,0.03850148210509027,0.01943285362329479,0.2306808392237038,0.2275253678062128,0.07864433759467389,0.18878718614981546,0.06397795616892787,0.12147878931127828,0.1829517377763456,14.356960508363636,2.0000000000000426,6.000000000000128,2.0000000000000426,2.0000000000000426,2.0000000000000426,2.0000000000000426,walk
N112_1585,1,2.8371002362615485,-9.130004442389474,2.2353241265132358,0.015386074453186429,-0.10937268810032628,0.37114363641281856,0.43380293889803184,0.7094338758821167,0.3755253483539782,0.13945157327842989,0.25298038651912425,0.1498282398569203,14.202428805164256,2.0000000000000426,2.0000000000000426,2.0000000000000426,2.0000000000000426,2.0000000000000426,2.0000000000000426,walk
N113_1585,0,3.356761850241261,-9.194753914778005,1.8831996963622575,-0.01057630144286458,-0.020784998927604496,0.17745113648254823,0.24402322159843806,0.14469196437315496,0.055178662800960954,0.01386926628128455,0.08603034932267054,0.19273889657634702,14.43471546138152,2.0000000000000426,4.000000000000085,2.0000000000000426,2.0000000000000426,2.0000000000000426,2.0000000000000426,walk
N113_1585,1,3.3212737108839083,-9.392023814053346,2.2241200384603665,0.03699410036420304,-0.18554523158202504,0.26564167690966994,0.3366189813176322,0.3726870865967768,0.46085526094472606,0.06635120345995607,0.3137127775579679,0.1671231388694072,14.937417563397618,2.0000000000000426,2.0000000000000426,2.0000000000000426,2.0000000000000426,2.0000000000000426,2.0000000000000426,walk
O001_1585,0,1.776881006626624,-9.623797961368554,1.8819567038170855,-0.022709977044974877,-0.12678647084224481,0.03879539956546514,0.23041444219473206,0.21161350089924708,0.14805919991830693,0.0808824614517561,0.13664282965364763,0.06884320987368293,13.282635671812262,2.0000000000000426,2.0000000000000426,4.000000000000085,2.0000000000000426,2.0000000000000426,2.0000000000000426,walk
O001_1585,1,2.494824942408601,-9.38680153429813,2.2746963622690624,-0.13088953358778405,-0.13978829986273544,0.03490141155171709,1.1595348642204253,0.33278250639987467,0.38986943294355486,0.1095484313574896,0.12795719110499346,0.13130503288709805,14.156322838975793,2.0000000000000426,2.0000000000000426,2.0000000000000426,2.0000000000000426,2.0000000000000426,2.0000000000000426,walk
O002_1585,0,2.1950716675625186,-9.600946601450106,2.4691438944858377,-0.11313530412454947,-0.06646361873989143,-0.008395709695848057,0.9891747022977873,0.30056768625996805,0.5786288165358544,0.1029022491505854,0.10335713082640462,0.15816478306785117,14.265162163498465,2.0000000000000426,2.0000000000000426,2.0000000000000426,2.0000000000000426,2.0000000000000426,2.0000000000000426,walk
O002_1585,1,3.2057620324673763,-9.033178973972994,3.099925480654389,0.044027783475185774,0.002459619883845542,-0.15749712342242758,0.9499250856667365,0.6177257671553449,0.35229506013017303,0.21833053403591474,0.07346609724587745,0.29141982023831936,15.338866487094759,2.0000000000000426,2.0000000000000426,2.0000000000000426,2.0000000000000426,2.0000000000000426,2.0000000000000426,walk
O011_1585,0,2.607878760267572,-9.481959414569195,1.9201808845504227,-0.06802928159984338,-0.06347598746325119,0.014680148520256411,0.8028697932588067,0.18059344019243112,0.17761753433280658,0.05634025304317874,0.08912850352135475,0.051120552294626316,14.010019059387192,2.0000000000000426,4.000000000000085,4.000000000000085,2.0000000000000426,2.0000000000000426,2.0000000000000426,walk
O011_1585,1,3.3414076354522035,-9.16308908984079,2.335261397210012,-0.08201120363383095,0.12473854014758544,-0.037311214458670396,0.6648214634940963,0.26994092028330413,0.33028624885083924,0.06780088396457733,0.19373262863689847,0.11536315279594464,14.839758122503008,2.0000000000000426,2.0000000000000426,2.0000000000000426,2.0000000000000426,2.0000000000000426,2.0000000000000426,walk
O012_1585,0,1.7546096759417864,-9.616778530263035,2.1783486129453364,-0.09097861532135278,-0.21375361023156686,0.013707492729085469,0.5296004170103098,0.23904056093140832,0.16884372227686661,0.07279101941831766,0.12288504554091903,0.17616837516899228,13.549736819150155,2.0000000000000426,2.0000000000000426,4.000000000000085,2.0000000000000426,2.0000000000000426,2.0000000000000426,walk
O012_1585,1,2.9251409535062773,-9.410779735376995,2.4014166542463125,-0.18545657067014143,-0.11798049267726843,0.15814727589107608,1.2445158632719802,0.375411811917167,0.20309692190501127,0.04963146044085097,0.2921171750271073,0.19226673722453647,14.737337343129582,2.0000000000000426,2.0000000000000426,4.000000000000085,4.000000000000085,2.0000000000000426,2.0000000000000426,walk
O012_1585,2,3.3731390685243685,-9.706136707629296,2.5277991807152476,0.04083603461566959,0.16355532722471447,0.19013467604067005,0.7621042355087843,0.7452792073378237,0.3103311201905749,0.29315424863602263,0.3247262328808844,0.1091498866920786,15.607074956868914,2.0000000000000426,2.0000000000000426,2.0000000000000426,2.0000000000000426,2.0000000000000426,2.0000000000000426,walk
O013_1585,0,2.2573553015563643,-9.550771014765326,2.39439077257194,-0.13728586363990294,-0.09365055658778113,0.054828917970940416,0.9898167855569133,0.6253900868643313,0.42099194455581507,0.1308783046096431,0.20548033174089314,0.1672128872761761,14.20251708889363,2.0000000000000426,2.0000000000000426,2.0000000000000426,2.0000000000000426,2.0000000000000426,2.0000000000000426,walk
O013_1585,1,3.3526017800128676,-8.966521074245769,3.184535140077334,-0.09941363960043899,0.28489793904890015,-0.08134018967892917,1.027272909234378,0.7043876464690221,0.4844439115773827,0.24442822739302605,0.3604551099019129,0.28816997896215457,15.50365799433597,2.0000000000000426,4.000000000000085,2.0000000000000426,2.0000000000000426,2.0000000000000426,2.0000000000000426,walk
O101_1585,0,1.9674825500583935,-9.531261405959782,2.293074763667669,-0.06424045153179893,-0.10171006413669154,0.013851838027215584,0.2947917128565626,0.14054494688024857,0.5822735547685456,0.15625126858939942,0.08193032933737743,0.07099324459041949,13.791818719685843,2.0000000000000426,4.000000000000085,2.0000000000000426,2.0000000000000426,4.000000000000085,4.000000000000085,walk
O101_1585,1,3.0675840937114516,-9.208703049508209,2.736093593202515,0.01258097142981116,-0.12744055506887106,-0.06997779765028142,1.236117842953204,0.6797722706293639,0.3210776834418364,0.19430366374749009,0.12660314535492537,0.20456925577331053,15.012380736422173,2.0000000000000426,2.0000000000000426,4.000000000000085,2.0000000000000426,4.000000000000085,2.0000000000000426,walk
O101_1585,2,4.054993493889566,-9.001359628042046,2.8254897751367465,0.16322182383191147,-0.006462239747153513,-0.29670591548343167,0.5129207828675348,0.8062144105288872,0.336614535363834,0.05226090407500624,0.2125168663400895,0.2097375235648138,15.881842897068356,2.0000000000000426,2.0000000000000426,2.0000000000000426,4.000000000000085,2.0000000000000426,2.0000000000000426,walk
O102_1585,0,2.287849115978482,-9.482299364869734,2.3579159495019666,-0.05055856058293734,-0.2064591917805135,-0.0012090538519620175,1.086900263712523,0.3742185711443325,0.37810338754059725,0.04856286803070127,0.19463040757031738,0.11430686439816436,14.128064430350182,2.0000000000000426,2.0000000000000426,2.0000000000000426,2.0000000000000426,2.0000000000000426,2.0000000000000426,walk
O102_1585,1,3.5871002327984782,-8.929339398200113,2.941984384127452,0.04055356892494467,-0.05117821578195875,-0.1759569081783212,1.2996248696297972,0.3856029452749724,0.3015239418165151,0.18615313764433164,0.25232111747601244,0.34094925807402593,15.45842401512604,2.0000000000000426,2.0000000000000426,2.0000000000000426,2.0000000000000426,2.0000000000000426,2.0000000000000426,walk
O111_1585,0,2.307315307426725,-9.770732323118574,2.423264652132772,0.06291609683228323,-0.05682796046241942,0.10751878590666189,0.8906552618878198,0.1902991105027517,0.6507466474793896,0.175255633320713,0.06828773784759454,0.09122022884700631,14.502340889632144,2.0000000000000426,2.0000000000000426,2.0000000000000426,2.0000000000000426,2.0000000000000426,2.0000000000000426,walk
O111_1585,1,1.5828726909987545,-9.043738962460942,2.0909348345553496,-0.02122701283116566,-0.31452473756360105,0.3712113919719409,1.3559693977737306,1.0032046340211433,0.9574620842221155,0.3143895284046671,0.31085397383165964,0.35101094915510517,12.818844599370877,2.0000000000000426,2.0000000000000426,2.0000000000000426,2.0000000000000426,2.0000000000000426,2.0000000000000426,walk
O112_1585,0,2.5142749320756064,-9.466857027164586,2.2801384414696853,-0.1357303916596629,-0.07611919157032483,-0.10925878144228882,1.274442795376323,0.3584086326510077,0.4416459252066199,0.108337961269338,0.12207070201418292,0.07762828531748657,14.26127040070988,2.0000000000000426,2.0000000000000426,2.0000000000000426,2.0000000000000426,2.0000000000000426,2.0000000000000426,walk
O112_1585,1,3.9155571870795307,-8.778675608514083,2.827939412257389,-0.1184351439865345,0.2085139580383629,-0.24338432169972915,1.3589997370044637,0.5997454108775909,0.35618948160474845,0.1417142824726703,0.29341681331492425,0.12749386288500503,15.522172207851002,2.0000000000000426,2.0000000000000426,2.0000000000000426,2.0000000000000426,2.0000000000000426,2.0000000000000426,walk
O113_1585,0,1.9843160279585361,-9.54089387381851,2.2908905116287137,-0.1253704598661496,-0.1006174018523484,-0.009794782546558104,0.5484443246377677,0.10507582877872385,0.370523760253676,0.08673536271126185,0.12623666509651352,0.057655469971421576,13.816100413405758,2.0000000000000426,2.0000000000000426,2.0000000000000426,2.0000000000000426,2.0000000000000426,2.0000000000000426,walk
O113_1585,1,2.9536310092044316,-9.129424441117227,2.599596232968891,-0.13820732329484378,0.052548860339295685,-0.009558183868785665,0.9530404126753715,0.5696754284295007,0.24728853610960028,0.08104928441720902,0.19547141270981347,0.10486159894157122,14.682651683290551,2.0000000000000426,2.0000000000000426,2.0000000000000426,2.0000000000000426,2.0000000000000426,2.0000000000000426,walk
P001_1585,0,1.4655168938110357,-10.269924629389244,1.109720594999793,-0.35073818905284454,-0.7468867318837105,1.1396155113007551,0.6509620597358101,1.728993923404553,0.9399468039940034,0.37747693778250146,0.7708304942941908,0.7208051386016088,12.845162118200074,4.000000000000085,2.0000000000000426,2.0000000000000426,2.0000000000000426,4.000000000000085,2.0000000000000426,walk
P001_1585,1,1.6749012086001733,-10.572756736523175,2.1499352784099357,0.04936112880415741,0.07000258722290931,0.8312158348858537,0.6787889158015394,1.8900091587213257,0.918578293176472,0.463483623512057,1.167792632812813,0.8240244567363617,14.397593223533285,2.0000000000000426,2.0000000000000426,2.0000000000000426,4.000000000000085,2.0000000000000426,2.0000000000000426,walk
P001_1585,2,1.328444843233796,-11.161784683102821,1.6983832827794845,0.6877960819043151,0.6121769923071255,-0.7010151430585116,0.6545008636415736,1.5113992326314307,1.0141665577650107,0.40925244198198385,0.5421850788221655,1.150195294333387,14.188612809116105,2.0000000000000426,2.0000000000000426,2.0000000000000426,2.0000000000000426,2.0000000000000426,2.0000000000000426,walk
P002_1585,0,1.2314118448526896,-9.896364167025876,1.1046185302342917,-0.03336451703968981,-0.1796052391396766,0.04767593657182325,0.15141214966594654,0.2351722902487146,0.24336455579335048,0.04992545317774458,0.05382288688304273,0.04525843410032938,12.232394542112859,2.0000000000000426,2.0000000000000426,4.000000000000085,2.0000000000000426,4.000000000000085,2.0000000000000426,walk
P002_1585,1,2.015551046055536,-9.791965271562622,1.4866640587872257,0.007597315141969414,0.3157333989094067,0.11670420512095026,0.8512798074071393,0.5584460348545156,0.4223270694965082,0.12902479926921365,0.5823564880095902,0.09832348682900918,13.294180376405382,2.0000000000000426,4.000000000000085,4.000000000000085,2.0000000000000426,2.0000000000000426,2.0000000000000426,walk
P002_1585,2,2.8057717471576327,-9.588526468716173,1.7543336557914853,0.20392309451476331,0.5978076650430821,-0.21361783181953034,0.6036136106857403,0.7632221940198974,0.32834672696821626,0.16757358918370854,0.3847935883177477,0.42596784199921384,14.148631871665293,2.0000000000000426,4.000000000000085,2.0000000000000426,2.0000000000000426,2.0000000000000426,2.0000000000000426,walk
P011_1585,0,2.1820451320841014,-11.335030120935112,2.0618018262897726,0.4342183146859621,0.41765517557900494,-0.34071337977526867,0.8717050829980258,1.1105590568428438,0.9866954852311661,0.6152089199743945,0.4187163023298813,1.5404632781075027,15.578877079308986,2.0000000000000426,2.0000000000000426,2.0000000000000426,2.0000000000000426,4.000000000000085,2.0000000000000426,walk
P011_1585,1,0.8508699373058823,-10.313197957571411,1.2895018768833717,0.8863711288644578,0.40507382381705115,-1.5008766309503587,0.7478350618010926,1.823367651013206,0.9143546167262958,0.2178745965277686,0.22154561445696846,0.4946167859722471,12.467528948728589,2.0000000000000426,2.0000000000000426,2.0000000000000426,2.0000000000000426,2.0000000000000426,2.0000000000000426,walk
P013_1585,0,1.8911662026425808,-9.511888669553144,1.9271166099296033,-0.1264476672859489,0.08064125597488621,0.08993401618732352,0.19369099985157492,0.4143424090701361,0.29705241711708547,0.03575659574548877,0.28639042672342446,0.0700818044375206,13.330171482125332,2.0000000000000426,2.0000000000000426,2.0000000000000426,4.000000000000085,2.0000000000000426,2.0000000000000426,walk
P013_1585,1,2.7019128657935125,-9.675881345311476,2.093501874311016,0.09632863745025094,-0.0538279068354687,0.06617837709057445,0.8985346451963183,1.0405367940328771,0.5368517537936691,0.22691791537657965,0.5096641522682455,0.3359739765856135,14.471296085416004,2.0000000000000426,4.000000000000085,2.0000000000000426,2.0000000000000426,4.000000000000085,2.0000000000000426,walk
P013_1585,2,2.9541741780796804,-9.642985396137234,1.7093426308081876,0.2727741433657756,-0.006432528265218424,-0.2353426143442638,0.723906304438657,1.1020687404225054,0.65118925667305,0.12824042151205456,0.5379288912566925,0.45412856262314716,14.306502205025106,2.0000000000000426,2.0000000000000426,2.0000000000000426,2.0000000000000426,2.0000000000000426,2.0000000000000426,walk
P101_1585,0,1.9126609594482644,-10.941084475778428,2.3130931169679925,-0.3113612556143062,0.17162201061556226,1.1678777132026994,0.9535460870777476,1.0736011123379627,0.6150836921518685,0.5378305813561319,0.9049278424893769,0.8128382606341032,15.166838552194683,2.0000000000000426,2.0000000000000426,4.000000000000085,2.0000000000000426,2.0000000000000426,2.0000000000000426,walk
P101_1585,1,1.6431059420810217,-11.11191797525189,1.7768832987116179,0.5194913376345136,0.48044718643095263,-0.4577421511009528,1.0523158782404585,0.9695591298190911,0.9251514539263427,0.4620622572710433,0.5414400635241844,1.2529652308742374,14.531907216044528,2.0000000000000426,4.000000000000085,2.0000000000000426,2.0000000000000426,4.000000000000085,2.0000000000000426,walk
P101_1585,2,1.3439387314238178,-9.915630541206413,1.129563351686843,0.7317009038333895,0.2089275720962787,-1.4818250567871314,0.6705043093818531,1.2922967110132164,0.5646578235944105,0.23182374437506814,0.3704537814411231,0.3696298687731672,12.389132624317076,2.0000000000000426,2.0000000000000426,2.0000000000000426,2.0000000000000426,2.0000000000000426,2.0000000000000426,walk
P102_1585,0,2.1563173554720616,-10.669073711994743,1.5161755557882612,0.3612116298488758,0.6969965333683598,-0.20785004843504812,0.6080578151925776,1.0903012405042374,0.636462529740187,0.16608483354849876,0.45181201310304736,0.698615722321788,14.369521030107958,2.0000000000000426,2.0000000000000426,2.0000000000000426,2.0000000000000426,2.0000000000000426,2.0000000000000426,walk
P102_1585,1,2.194598550767497,-9.825770859919027,1.5456915158203648,0.543327649100552,0.22323636304375805,-0.9896278934372253,0.5257992793978392,1.310367336397116,0.5896725886404977,0.15403477535624494,0.24896760502956494,0.33458349021277745,13.566060926506891,2.0000000000000426,2.0000000000000426,2.0000000000000426,2.0000000000000426,2.0000000000000426,2.0000000000000426,walk
P103_1585,0,1.7394653892727931,-9.851558577271566,0.892952313977994,-0.015535480788995247,0.0006678698171243467,0.017621970653397184,0.035181864537648364,0.020662153561469356,0.037210893022415065,0.012620109535525862,0.02493458894827904,0.005780715303508399,12.483976280522352,2.0000000000000426,6.000000000000128,4.000000000000085,2.0000000000000426,2.0000000000000426,2.0000000000000426,walk
P103_1585,1,1.7779356462641907,-9.84291961317773,0.9075446739917047,-0.006911064214283819,-0.01719628376685055,0.018484325879354703,0.02985443709844327,0.021530548487104437,0.026156341489068643,0.010294612735556107,0.01003351428839808,0.005906308678220979,12.528399933433626,4.000000000000085,2.0000000000000426,4.000000000000085,2.0000000000000426,2.0000000000000426,2.0000000000000426,walk
P103_1585,2,1.791579089625328,-9.832242728043697,0.9208363101582248,-0.004296917479920827,-0.012282026751977116,0.0208132859035651,0.015215412777457218,0.0070133671080131734,0.01966748836338158,0.0031052471917447865,0.008647007175738824,0.0036487553372634763,12.544658127827251,4.000000000000085,2.0000000000000426,4.000000000000085,2.0000000000000426,4.000000000000085,4.000000000000085,walk
P111_1585,0,2.27836449244729,-10.622391532589864,2.0723275946842645,-0.2510020741364292,-0.11828262010394461,1.2172173707197773,1.1200592673521936,1.369263417004892,1.2128096195078177,0.4580478078295965,1.6449986286665255,0.7051102985088067,15.010247408495943,2.0000000000000426,2.0000000000000426,2.0000000000000426,2.0000000000000426,2.0000000000000426,4.000000000000085,walk
P111_1585,1,2.0824754200197457,-10.77634993127084,1.5963582026583791,0.4153732194823094,0.7627246219209185,-0.24508878565797856,0.9709996739792166,1.2230532332835002,1.0159619695724886,0.3485166575244394,0.5949303052756058,1.2026975136303493,14.485168802371636,2.0000000000000426,2.0000000000000426,2.0000000000000426,2.0000000000000426,2.0000000000000426,2.0000000000000426,walk
P111_1585,2,1.1482181047533455,-10.528243738151607,0.8776713575027675,0.6202024104452097,0.6013155086078052,-1.3446328538964718,0.41482641863709274,1.1204860762914388,1.0079611705304092,0.2071244225228199,0.6683443824234642,0.39251868334350687,12.644110353275918,4.000000000000085,2.0000000000000426,2.0000000000000426,2.0000000000000426,2.0000000000000426,2.0000000000000426,walk
P112_1585,0,1.8835476621806917,-9.854712048376477,1.1114379488338246,-0.024049678062355057,-0.34412008891650003,0.036487788075010893,0.11385561338208482,0.03488562739579615,0.25073771223572766,0.025609481163185087,0.46189072881566745,0.044675981705795495,12.849697659390994,4.000000000000085,2.0000000000000426,2.0000000000000426,4.000000000000085,2.0000000000000426,4.000000000000085,walk
P112_1585,1,2.131491110692882,-9.605275035671522,0.9579609569251013,-0.0320520164223076,-0.37183160482804567,-0.031102317926087874,0.35126504438681055,0.43338715488728763,0.4340039870480633,0.06364140628839751,0.5947663553258589,0.1260086771496829,12.694727103289503,2.0000000000000426,2.0000000000000426,2.0000000000000426,2.0000000000000426,2.0000000000000426,2.0000000000000426,walk
P112_1585,2,2.442598406511643,-9.427627403662829,0.514991635690037,-0.002038713381528455,-0.16885955043748394,0.25023983781578835,0.29939615832774435,0.6402202845386955,0.3264563326291123,0.11899040714709543,0.5709892423502202,0.3812007842217137,12.385217445864507,2.0000000000000426,4.000000000000085,4.000000000000085,2.0000000000000426,4.000000000000085,2.0000000000000426,walk
P113_1585,0,1.8099158706012388,-10.031908213158834,1.144742747195894,-0.23618288441590932,-0.8768151598162366,0.7208103609042736,0.6547490398763393,1.2359745441325563,0.6142057327546603,0.4924332559585673,1.097819404296444,0.34624220560177216,12.986566830955969,2.0000000000000426,2.0000000000000426,2.0000000000000426,2.0000000000000426,2.0000000000000426,2.0000000000000426,walk
P113_1585,1,2.2260092713314554,-10.167374635791713,1.1033726425344037,0.23703639701362106,0.4422807677793653,0.13844511034472515,0.4004016671932284,1.3533410875493752,0.5208743692725388,0.1485521399625571,0.8600818077651647,0.5165471851265114,13.496756549657572,2.0000000000000426,2.0000000000000426,2.0000000000000426,2.0000000000000426,2.0000000000000426,2.0000000000000426,walk
P113_1585,2,1.6331826869025725,-10.746503350493212,0.9196083065952245,0.38019685221247584,0.8603972086520436,-0.8275343316913661,0.7573390939376916,1.2701822147862267,0.6899439470472407,0.1903272329645743,0.32382019371843096,0.8326674982099116,13.314342099912665,2.0000000000000426,2.0000000000000426,2.0000000000000426,2.0000000000000426,2.0000000000000426,2.0000000000000426,walk
Q001_1585,0,1.6311521162525187,9.267563789766962,1.6689401079817743,0.053042979808050505,0.021575936638208944,-0.1058466574906995,0.24867750442970094,0.22784644920628594,0.06024557593443514,0.02834806191438091,0.06923669037937695,0.06939432981569597,12.567656014001257,2.0000000000000426,4.000000000000085,2.0000000000000426,2.0000000000000426,2.0000000000000426,2.0000000000000426,walk
Q001_1585,1,1.2738640265253873,9.206435894121755,1.604436069743802,0.13636043853828508,-0.1662577418229887,-0.25934352646858855,0.4064858552071797,0.3491894589446613,0.12965551790793137,0.08583826272171118,0.17328582510144938,0.1610624288893425,12.084735990390946,2.0000000000000426,2.0000000000000426,2.0000000000000426,2.0000000000000426,2.0000000000000426,2.0000000000000426,walk
Q001_1585,2,1.3882521695803778,9.492192889565061,1.89756127114371,0.2856159540938389,-0.23589348383654607,-0.4851854661293561,0.5192633619885527,0.6657201386337454,0.4899843942513218,0.10867860111624039,0.14663261036464814,0.17687481804864594,12.77800633028915,2.0000000000000426,2.0000000000000426,2.0000000000000426,2.0000000000000426,2.0000000000000426,2.0000000000000426,walk
Q002_1585,0,1.4779559082299896,9.329319235211994,1.893623344348962,-0.024230586546036156,0.020699891385451155,0.028859487908886386,0.07119005908968302,0.1416767221800338,0.03222213219375,0.01120962679687852,0.014398934120590741,0.021506600365514685,12.700898487790946,2.0000000000000426,2.0000000000000426,2.0000000000000426,4.000000000000085,4.000000000000085,2.0000000000000426,walk
Q002_1585,1,1.6577840746726837,9.247849352095441,1.7973220265727858,-0.019529657318026254,0.004018450468569763,-0.024773584670838403,0.19270992681804244,0.2019295505735446,0.11659983391341633,0.021316038239266182,0.03323933988967074,0.051438984498046555,12.702955453340913,2.0000000000000426,4.000000000000085,2.0000000000000426,2.0000000000000426,4.000000000000085,2.0000000000000426,walk
Q003_1585,0,1.6685816095443016,9.280739976887595,1.7534584921737175,0.2151587902217268,-0.4133336296927574,-0.4290197503077296,0.23232306257973404,0.4139612866590228,0.5264356660088466,0.14740348383479382,0.2812055954395327,0.19096651931422326,12.70278007860562,2.0000000000000426,2.0000000000000426,2.0000000000000426,2.0000000000000426,2.0000000000000426,2.0000000000000426,walk
Q003_1585,1,1.9226970138926833,10.143895923503523,2.328978301490008,0.04424374618784391,-0.04716922107404197,-0.27084094362998584,0.14273969434407163,0.9524684821443129,0.4330741995345926,0.3985775750341793,0.18787842635354154,0.5453854040170135,14.395571238886214,4.000000000000085,2.0000000000000426,2.0000000000000426,2.0000000000000426,2.0000000000000426,2.0000000000000426,walk
Q011_1585,0,1.5876646276872262,9.313099424937834,1.9656929651075896,0.07069016607472166,-0.08058609620084027,-0.13607686213812692,0.3135255723293732,0.22670904051431603,0.10248148067895074,0.053502371623016576,0.07317476096541509,0.071711148148739,12.866457017732653,2.0000000000000426,2.0000000000000426,2.0000000000000426,2.0000000000000426,2.0000000000000426,2.0000000000000426,walk
Q011_1585,1,1.152789524447132,9.359293057594769,1.7415097815772578,0.10169716589300133,-0.18910892107085597,-0.22409076899827218,0.4930780265388597,0.16926811555692073,0.24921030016490808,0.08760626995873248,0.0656675314888733,0.07860924445061414,12.253592363619157,2.0000000000000426,4.000000000000085,2.0000000000000426,2.0000000000000426,2.0000000000000426,2.0000000000000426,walk
Q012_1585,0,1.6074850628613238,9.13646770625312,2.3585372738737127,0.1408191877850725,0.018996047361080327,-0.045913669170220064,0.23801362291000938,0.21104829019372684,0.26301593582988614,0.13847744601125103,0.12275311289111875,0.05299457973329004,13.102490042988157,2.0000000000000426,4.000000000000085,2.0000000000000426,2.0000000000000426,2.0000000000000426,2.0000000000000426,walk
Q012_1585,1,2.298344912488124,9.261211908907981,2.5100754376794523,0.15186196762102971,0.2069654088569051,0.10528271432369529,0.5537371459456661,0.3559883120442995,0.19521030046651858,0.145373564964526,0.16614043527812228,0.20016918935487676,14.069632259075556,2.0000000000000426,2.0000000000000426,2.0000000000000426,2.0000000000000426,4.000000000000085,2.0000000000000426,walk
Q013_1585,0,1.6375714619779362,9.09646714872687,2.0896574984534184,0.10822812209394667,0.024398579915723743,-0.033969578696976664,0.21882053224392245,0.2054331154563314,0.11250107324082917,0.08658011851983659,0.08921673445533196,0.0666615510784023,12.823696109158222,4.000000000000085,2.0000000000000426,2.0000000000000426,2.0000000000000426,2.0000000000000426,2.0000000000000426,walk
Q013_1585,1,2.139039978237605,9.332333811471301,2.1616062164744774,0.14237823436078062,0.27248884987637223,0.010107032860564526,0.4893963959843923,0.5721826370737427,0.14792799089511333,0.06868438696287726,0.21038777200605085,0.10598413975336468,13.63298000618338,2.0000000000000426,2.0000000000000426,4.000000000000085,2.0000000000000426,2.0000000000000426,2.0000000000000426,walk
Q013_1585,2,2.408170804536495,9.270036333144935,2.0565663879457836,-0.029630193934733446,0.30516079010712294,0.21182918517940974,0.2257431916760861,0.6094020702893611,0.1889962814797221,0.15052348689633946,0.20139937159925775,0.15655656314233138,13.734773525627213,2.0000000000000426,2.0000000000000426,2.0000000000000426,2.0000000000000426,2.0000000000000426,2.0000000000000426,walk
Q101_1585,0,1.7584715023126805,9.205449831096463,2.0043894236732034,0.019161393413657916,0.035065185145182524,-0.008457675999175705,0.13274471851112807,0.18007432796632178,0.042875102558307066,0.022962575045823372,0.057193153714522764,0.04090538713040536,12.968310757082344,2.0000000000000426,4.000000000000085,4.000000000000085,2.0000000000000426,2.0000000000000426,2.0000000000000426,walk
Q101_1585,1,1.5781851838297283,9.295777142512597,1.961574879014879,0.09275712614489162,-0.06133916108744525,-0.13788713141288228,0.2667831807848179,0.28115942285771883,0.036118595988374316,0.08001886193906638,0.12270218929667245,0.13256744738334064,12.835537205357205,2.0000000000000426,4.000000000000085,4.000000000000085,2.0000000000000426,2.0000000000000426,2.0000000000000426,walk
Q102_1585,0,1.9685894774999333,10.180661285304721,1.8339709953134036,-0.07754718244804398,0.19066152578528672,0.07511240885107061,0.24181864305601392,0.7191318334782656,0.18478632380037102,0.2969387203174946,0.3760451832099356,0.5242573429931374,13.983221758118061,2.0000000000000426,2.0000000000000426,2.0000000000000426,2.0000000000000426,2.0000000000000426,2.0000000000000426,walk
Q103_1585,0,1.5729132499987235,9.131096926283382,1.849488283814132,0.15864111765950506,-0.19407280773507946,-0.19730335466493049,0.2004971584810713,0.29086105675741947,0.12088379678607877,0.03670177003577904,0.11735621207188873,0.07283089232966752,12.553498460096236,2.0000000000000426,2.0000000000000426,4.000000000000085,4.000000000000085,2.0000000000000426,2.0000000000000426,walk
Q103_1585,1,1.887962141745812,9.591502577591669,2.1475304472099044,0.18411518928115814,-0.20501014983905097,-0.29295915579420173,0.28874456697955564,0.8590125223824351,0.27823530610550107,0.031836825437192046,0.16926275736562227,0.05504554574659346,13.626995166547388,2.0000000000000426,2.0000000000000426,2.0000000000000426,2.0000000000000426,2.0000000000000426,2.0000000000000426,walk
Q111_1585,0,1.752200546766469,9.095799265859323,2.0679798984083266,0.10619710682126847,-0.04671510524333246,-0.0008312713987248655,0.2629214445892249,0.26419206979265214,0.2275402125809016,0.1756712804594209,0.0835478806488819,0.05371718557729536,12.915979711034117,2.0000000000000426,4.000000000000085,2.0000000000000426,2.0000000000000426,2.0000000000000426,2.0000000000000426,walk
Q111_1585,1,2.4233804784053983,9.204179739472847,2.356002016360953,0.18580938624824164,0.07413547066441582,0.03781780535350345,0.6086080980907946,0.24377225581772563,0.32462016152007767,0.14143983693794682,0.15048258143940405,0.11224416213973475,13.9835622342392,2.0000000000000426,2.0000000000000426,2.0000000000000426,2.0000000000000426,2.0000000000000426,2.0000000000000426,walk
Q111_1585,2,3.0425505131219173,9.064730560707343,2.408415298747155,-0.0038458535040571317,0.19402519664967982,0.23171900701802584,0.35234889096641236,0.3452056722860685,0.2368044593230756,0.17399200067526305,0.056614470730234095,0.1667689128041697,14.515696372576414,2.0000000000000426,2.0000000000000426,2.0000000000000426,2.0000000000000426,4.000000000000085,2.0000000000000426,walk
Q112_1585,0,1.6830730672248586,9.825920557794362,1.7836523438120049,0.042964902833824974,-0.06397517888580521,-0.17225553693067186,0.35873838054822965,0.6015563311514822,0.2797499308645359,0.20842692423879344,0.1828329952882289,0.2577925619975118,13.292645968831225,2.0000000000000426,2.0000000000000426,2.0000000000000426,2.0000000000000426,2.0000000000000426,2.0000000000000426,walk
Q112_1585,1,1.897073390331515,10.252737410001936,1.6936021728158372,-0.47549511855878157,0.23924404659119333,0.7747615868833634,0.19694106939097578,0.5602341691145246,0.2749536074377243,0.3958455916098529,0.2838285783878365,0.8835637369538926,13.843412973149288,4.000000000000085,4.000000000000085,2.0000000000000426,2.0000000000000426,2.0000000000000426,2.0000000000000426,walk
Q113_1585,0,1.7387459923543487,9.337561210644704,1.0737658241521018,0.02788424941780914,-0.043296873730852774,-0.008878871545860983,0.08379516523138196,0.1342181658515028,0.14094354389990962,0.05463416129643665,0.03476016687552975,0.04598055346310676,12.150073027151157,6.000000000000128,2.0000000000000426,2.0000000000000426,2.0000000000000426,2.0000000000000426,2.0000000000000426,walk
Q113_1585,1,2.4270955684872333,9.337585858406491,1.3185157990858256,0.06385016223714617,0.01610499204184156,0.07631786121504112,0.8335038379584356,0.30955740647270247,0.21525089180895338,0.03602555177655792,0.10601737578087425,0.1550704542807903,13.083197225979548,2.0000000000000426,2.0000000000000426,2.0000000000000426,2.0000000000000426,2.0000000000000426,2.0000000000000426,walk
Q113_1585,2,3.62337437990795,8.921962129905765,1.4782988529736198,-0.05968189957494323,0.1073230535388329,0.42836782784518873,0.7781665330883191,0.7498147850026592,0.19115379860852094,0.12146229638436802,0.12426496900982881,0.2681798441167214,14.023635362787333,2.0000000000000426,2.0000000000000426,2.0000000000000426,2.0000000000000426,4.000000000000085,2.0000000000000426,walk
R001_1585,0,2.084335254379041,9.230021046848174,1.8729011848434636,-0.008222159282747523,-0.21552493358116415,-0.04624705305432077,0.19550290060191247,0.14351706855621565,0.17765949369274128,0.03775725306896416,0.17698633074583553,0.07287896504238361,13.187257486070676,2.0000000000000426,4.000000000000085,2.0000000000000426,2.0000000000000426,2.0000000000000426,2.0000000000000426,walk
R001_1585,1,1.8905246722740707,9.23776713261871,1.4856360965375446,0.0039180195125936975,-0.6100956872279837,-0.17803050498069098,0.22446768580889195,0.1994548975531963,0.3849135846908362,0.05083650805152217,0.30762651572765476,0.13814307303637072,12.613927901430324,2.0000000000000426,4.000000000000085,2.0000000000000426,4.000000000000085,2.0000000000000426,4.000000000000085,walk
R001_1585,2,1.8746608585190074,9.218302890412946,1.2729897157939032,0.16418346732045422,-0.6722698720127969,-0.4655837698432476,0.26064241113609243,0.3001185511042798,0.2981194598520828,0.14659328337993754,0.31596898406682167,0.23528069558162182,12.365953464725857,2.0000000000000426,4.000000000000085,2.0000000000000426,2.0000000000000426,2.0000000000000426,2.0000000000000426,walk
R002_1585,0,1.5711548691861912,9.082632115911679,1.8180315578826396,0.1249637301046803,-0.12262922123346881,-0.19128972043802128,0.2888051105730199,0.32568015642442305,0.18571137746294716,0.1266790159232037,0.11626211821587457,0.21089279325611154,12.471818542980511,2.0000000000000426,2.0000000000000426,2.0000000000000426,2.0000000000000426,2.0000000000000426,2.0000000000000426,walk
R002_1585,1,1.943387445765332,9.197692508136333,2.1000832234395164,0.26797277462479235,-0.07911423409158365,-0.3367866619349732,0.33861065064577667,0.558619583769215,0.3049705251775471,0.07356747112328772,0.1430275161011721,0.13152984562601588,13.241163177341182,2.0000000000000426,2.0000000000000426,2.0000000000000426,2.0000000000000426,2.0000000000000426,2.0000000000000426,walk
R003_1585,0,1.5858060607717315,9.31746149783213,1.3259883031367536,0.11580823876067559,-0.3160719717798859,-0.2839915284294231,0.3010372867039008,0.22201788031589845,0.488556887503467,0.09017643076117339,0.2512022133761418,0.14947768479602008,12.229255861740617,2.0000000000000426,2.0000000000000426,2.0000000000000426,2.0000000000000426,2.0000000000000426,2.0000000000000426,walk
R003_1585,1,1.9280468635659442,9.856479144671608,1.9466657227732211,0.0734717983941693,-0.06548712544714394,-0.293289015006275,0.16615002316399752,0.7395861796460468,0.35389517756400696,0.17074787585141893,0.27926323822372706,0.1808376824418471,13.731191731010773,4.000000000000085,2.0000000000000426,2.0000000000000426,2.0000000000000426,4.000000000000085,2.0000000000000426,walk
R003_1585,2,1.889801067435097,10.289036698416972,1.8412884668178913,-0.3881397026170519,0.21596604135089625,0.5036721508003555,0.18423242360390357,0.48644926415157,0.4450254709314384,0.4003435825310996,0.17629259752006768,0.7475111756195078,14.020126232669961,2.0000000000000426,4.000000000000085,2.0000000000000426,2.0000000000000426,2.0000000000000426,2.0000000000000426,walk
R011_1585,0,1.5382480017263305,9.666736192188168,2.143505697740783,0.23990864562672345,-0.16669512653775156,-0.4363976303775723,0.344179066576108,0.8964290859183449,0.5214780287292263,0.11518318510727274,0.09063857721185624,0.1216246383759588,13.348489891655284,2.0000000000000426,2.0000000000000426,2.0000000000000426,2.0000000000000426,2.0000000000000426,2.0000000000000426,walk
R011_1585,1,1.7636915884573705,10.505184461515817,2.4303343948368825,-0.2038915084794206,0.2122170101808293,0.3316812424108852,0.2831504708373727,0.818463874899802,0.3390249886508658,0.5115039886836423,0.4398307914165305,0.8780716891882332,14.69921044481007,2.0000000000000426,2.0000000000000426,2.0000000000000426,2.0000000000000426,2.0000000000000426,2.0000000000000426,walk
R102_1585,0,2.0674907540128,9.326108919176251,1.0597634962674818,-0.03526374273248571,-0.22090309006879189,-0.03585286333884752,0.21623335060109675,0.15810893873795884,0.15892053785942767,0.02824389868918438,0.24077813576033602,0.05800102028386824,12.453363169456534,2.0000000000000426,4.000000000000085,2.0000000000000426,4.000000000000085,2.0000000000000426,2.0000000000000426,walk
R102_1585,1,2.2229862936325677,9.337590727244546,1.0426583979609814,-0.01735376944532694,-0.42189557480519935,-0.08028926169071533,0.12561507986133782,0.30313222041651455,0.2636329365957499,0.09439740480530398,0.1101010178600249,0.054870651152086385,12.603235418838095,4.000000000000085,4.000000000000085,4.000000000000085,2.0000000000000426,4.000000000000085,4.000000000000085,walk
R102_1585,2,2.4553080244894456,9.095530295121781,1.247514319716138,0.06661495120180727,-0.4800212133273416,-0.20478309395978073,0.3101214825551854,0.4908528925292974,0.41175734816458337,0.11581947456395805,0.18249743012452369,0.12751719360877833,12.798352639327364,2.0000000000000426,2.0000000000000426,2.0000000000000426,2.0000000000000426,4.000000000000085,2.0000000000000426,walk
R111_1585,0,2.123226572096987,9.169400363536896,1.818830820068459,-0.01557060230726962,-0.20618742917558247,-0.18550776575403907,0.11605080700007542,0.17855172066430622,0.14914361802839643,0.06732121604848444,0.16516842023489375,0.1511256571995034,13.11145775570234,2.0000000000000426,2.0000000000000426,4.000000000000085,2.0000000000000426,2.0000000000000426,2.0000000000000426,walk
R111_1585,1,1.8610281785331744,9.350133557794775,1.7644142996610517,0.040213047924181435,-0.2593590269737481,-0.28398108422409757,0.3049346332033297,0.16491438200095834,0.18135170472762557,0.11394315330777371,0.13678164448279354,0.07218862930224816,12.975576035989,2.0000000000000426,2.0000000000000426,4.000000000000085,4.000000000000085,4.000000000000085,2.0000000000000426,walk
R111_1585,2,1.5883396832659356,9.213561992033702,1.8499795858434627,0.21620711757153133,-0.061313899672052176,-0.3553682551017968,0.13044091320493134,0.37020445085627984,0.31384347058929746,0.11539322010741034,0.1903150183625334,0.10878549872058323,12.651881261143098,2.0000000000000426,2.0000000000000426,2.0000000000000426,2.0000000000000426,2.0000000000000426,2.0000000000000426,walk
R112_1585,0,1.6860981928460945,9.274393241134849,1.8076102287434594,0.00857254579740229,-0.0032182756493240668,-0.07338665472994173,0.13318622645476833,0.13917336323815516,0.07321715682257386,0.03206478192581473,0.02556077176747673,0.07636333235213595,12.768101662724403,2.0000000000000426,2.0000000000000426,2.0000000000000426,2.0000000000000426,2.0000000000000426,2.0000000000000426,walk
R112_1585,1,1.6049105362082043,9.125594519144075,1.8169189961171848,0.09325240208817447,-0.09793014637668689,-0.2255467039400165,0.20101168109575948,0.3262249842110521,0.07663594574862523,0.10059440125717488,0.09617261626258462,0.1247792820313659,12.547424051469463,2.0000000000000426,4.000000000000085,2.0000000000000426,2.0000000000000426,2.0000000000000426,2.0000000000000426,walk
R112_1585,2,1.7165269817027002,9.18539374204244,2.1736012874977,0.22427427187920987,-0.1455428405468246,-0.3524859480477484,0.23899218412356762,0.5795190791040565,0.37424821102800077,0.09746399851724417,0.06929663143932516,0.11910971294929246,13.07552201124284,2.0000000000000426,2.0000000000000426,2.0000000000000426,2.0000000000000426,4.000000000000085,2.0000000000000426,walk
S001_1585,0,2.304152333119669,-9.527413501037442,2.2266411590997324,0.012727699196821625,-0.014460837350802214,-0.021694826887899032,0.10064480975688138,0.03072456761282301,0.04056023395323135,0.030076848290686246,0.04330266728483094,0.015838590129438272,14.058206993256842,4.000000000000085,4.000000000000085,2.0000000000000426,2.0000000000000426,2.0000000000000426,2.0000000000000426,walk
S001_1585,1,2.5189950316893004,-9.429329448911616,2.201737200748251,-0.028807424889918033,0.01874270038287148,0.02694413608549544,0.1907036019021752,0.11146989786415891,0.06316150461583923,0.025499667746742068,0.0404747683675549,0.058817688171560564,14.150061681349168,2.0000000000000426,2.0000000000000426,2.0000000000000426,4.000000000000085,4.000000000000085,2.0000000000000426,walk
S002_1585,0,-2.2738985041492517,8.68709727346886,2.703362028545672,0.22675597607978937,0.19076289175673153,0.24976327236235335,0.3181540650391425,0.6669159146710435,0.22062424432020766,0.16625247333417825,0.05546946835082844,0.09213344827976964,13.664357806163785,4.000000000000085,2.0000000000000426,2.0000000000000426,2.0000000000000426,4.000000000000085,4.000000000000085,walk
S002_1585,1,-2.5505781918642074,9.663656640275088,2.6572080371872664,0.18850810703024948,0.31843502367656074,0.13954475441749045,0.2155545371261212,1.5484216636504422,0.27875241598231215,0.27790812434876766,0.3409630517177231,0.27793000241426763,14.87144286932656,2.0000000000000426,2.0000000000000426,4.000000000000085,2.0000000000000426,2.0000000000000426,2.0000000000000426,walk
S011_1585,0,2.4556468168068823,-9.434117180880502,2.19017840379205,-0.005429333083665346,-0.15761650774191896,0.12471857643477348,0.16037934784288244,0.1498625276835601,0.10995701894898931,0.043146249681429404,0.2733013257352992,0.16634006303013346,14.079942401479434,2.0000000000000426,2.0000000000000426,2.0000000000000426,2.0000000000000426,2.0000000000000426,2.0000000000000426,walk
S011_1585,1,2.5737905540093142,-9.391198090224284,2.4343069495894643,0.08791081922144266,-0.35331270926079034,0.3245995095420283,0.22058998896284637,0.2147069784253701,0.3340646786894877,0.10388653685178996,0.20336862283712995,0.15972914120098144,14.399295593823064,2.0000000000000426,2.0000000000000426,2.0000000000000426,2.0000000000000426,2.0000000000000426,2.0000000000000426,walk
S013_1585,0,1.5723309052004006,-9.352778943168738,3.1499751670944045,0.0003258678377265523,-0.25056477833000335,0.10993755460657209,0.3465449432203824,0.5180377957037072,0.29275598354124216,0.10156811506870357,0.22787972276201093,0.13919861100241712,14.075085015463547,2.0000000000000426,4.000000000000085,2.0000000000000426,2.0000000000000426,2.0000000000000426,2.0000000000000426,walk
S013_1585,1,1.1727316126075613,-9.19524072766399,3.453703676572868,0.08007130975286592,-0.5174876355141267,0.2850380727714157,0.6533645965605305,0.6701283052552224,0.2532118605297906,0.06693692424176549,0.2567737152359425,0.21109013151097783,13.821676016844417,2.0000000000000426,4.000000000000085,4.000000000000085,4.000000000000085,4.000000000000085,2.0000000000000426,walk
S013_1585,2,1.0770656541811796,-9.729688026680787,3.890747269648566,0.06933369759395502,-0.3970344981363764,0.6152696030977112,0.9160666091548081,1.107082068298084,0.6468327624504421,0.055746129765746485,0.37889930591042065,0.3210397350320799,14.697500950510534,2.0000000000000426,2.0000000000000426,2.0000000000000426,2.0000000000000426,2.0000000000000426,2.0000000000000426,walk
S101_1585,0,1.8453957334995759,-9.307639475342029,3.184321015272246,-0.049716731401648936,-0.09009216081186136,0.0984112088759197,0.17170737409477654,0.10851448256722712,0.11874269483908866,0.07970440664117913,0.13336404416669217,0.0701726982732774,14.33735622411385,2.0000000000000426,4.000000000000085,2.0000000000000426,2.0000000000000426,4.000000000000085,2.0000000000000426,walk
S101_1585,1,1.9927930609434974,-9.401917963366229,2.9553915008208365,-0.22395402413418225,-0.598869906937267,0.14478998687179545,0.16276288384803808,0.40124169532900256,0.4430842216656514,0.15007550113164164,0.5006712937866836,0.045543813902108606,14.350102525130565,4.000000000000085,4.000000000000085,2.0000000000000426,2.0000000000000426,2.0000000000000426,2.0000000000000426,walk
S101_1585,2,2.303622808900255,-9.216897083261633,2.49253446904173,-0.1806385437411215,-0.9160440132107922,0.26509873549048985,0.3499609006430189,0.6446450671794349,1.0451061438405833,0.19960820065432258,0.3280251960113042,0.20621253705445713,14.01305436120362,2.0000000000000426,4.000000000000085,4.000000000000085,2.0000000000000426,2.0000000000000426,2.0000000000000426,walk
S102_1585,0,1.255178294917709,-9.549868636032832,2.836959039599981,-0.03214987962145594,-0.05813658629713172,0.11993445741227901,0.10181629757763065,0.10534720359684975,0.09518913600268701,0.02800657140403705,0.07074140581869082,0.029009919347808062,13.642005970550521,2.0000000000000426,6.000000000000128,2.0000000000000426,2.0000000000000426,2.0000000000000426,2.0000000000000426,walk
S102_1585,1,2.048686287684598,-9.485796086835984,2.7845973331595597,-0.08422770920363633,0.09537212826030395,0.06998084097844566,1.0609122739963655,0.7843295275602595,0.1332088003378519,0.07624423223052587,0.28081203424603035,0.08386232946786755,14.319079707680146,2.0000000000000426,2.0000000000000426,2.0000000000000426,2.0000000000000426,2.0000000000000426,2.0000000000000426,walk
S102_1585,2,2.895789663627945,-8.98555925245546,2.562253580003373,-0.1339319677377493,0.30389864137415246,-0.3678419185986888,0.7279904653336348,1.045223470629621,0.1931999998787086,0.08547897851907889,0.20571926107353855,0.43610754294436643,14.443602496086775,2.0000000000000426,2.0000000000000426,4.000000000000085,4.000000000000085,4.000000000000085,2.0000000000000426,walk
S103_1585,0,2.386592173426184,-9.147575067453609,2.9900713301757467,-0.025597112074472878,-0.17199324534729132,0.20326423605706398,0.255420328906694,0.17142034890130217,0.2095823696457851,0.0500801662800076,0.06973066922681324,0.10732914343430129,14.524238571055538,2.0000000000000426,4.000000000000085,4.000000000000085,4.000000000000085,2.0000000000000426,2.0000000000000426,walk
S103_1585,1,2.6460809302630413,-9.010288606201788,3.535293354017702,-0.08513081982543026,-0.5182384962060338,0.09556112104081184,0.6214586035568771,0.41336553450635527,1.0995480922879481,0.09314995387768048,0.4145410372630439,0.1908360743397586,15.191662890482533,2.0000000000000426,4.000000000000085,2.0000000000000426,2.0000000000000426,2.0000000000000426,2.0000000000000426,walk
S103_1585,2,3.3706485050956276,-9.055059649691655,3.692840567905993,-0.03729559800168928,-0.6407298837681288,0.02784531866364489,1.0740172177709224,0.9591227146310076,1.0422993956542377,0.13486765639809273,0.3726874693051534,0.15116271342479795,16.118548722693273,4.000000000000085,2.0000000000000426,2.0000000000000426,4.000000000000085,4.000000000000085,2.0000000000000426,walk
S112_1585,0,2.7608355773935993,-9.539026549151982,1.4852105954279415,0.010981888117772499,0.16374958634689318,0.08949359176620214,0.2044408229768554,0.3737235303569859,0.12747826385618038,0.04491096688327069,0.09242760238070369,0.10619038090282211,13.785072721973522,2.0000000000000426,4.000000000000085,2.0000000000000426,4.000000000000085,4.000000000000085,2.0000000000000426,walk
S112_1585,1,2.606577517602867,-9.534685063603256,1.8963610588809632,-0.06765331369732328,0.057844447801159375,0.08036576306334473,0.44709728318999925,0.5668482210473221,0.8632115891989668,0.1317679857442335,0.2612244077617895,0.13309286941816575,14.037623640087084,2.0000000000000426,4.000000000000085,2.0000000000000426,2.0000000000000426,2.0000000000000426,2.0000000000000426,walk
S112_1585,2,2.4553511786815245,-9.411926785666186,2.1258525218612982,-0.003735465609538572,-0.2560754574538288,0.08465992650873169,0.429906719426234,0.634978049273526,0.9275709644822078,0.18971653580566336,0.35720946136999243,0.17586664319186515,13.993130486209008,2.0000000000000426,4.000000000000085,4.000000000000085,2.0000000000000426,2.0000000000000426,2.0000000000000426,walk
S113_1585,0,2.369182039228515,-9.537914155403852,1.8705028328506057,-0.06065899226028562,0.01643560438062322,0.1141957320233269,0.2605391081987759,0.16551890022192195,0.22239201594970817,0.04538774999038338,0.17409915128834158,0.085043538443031,13.777599027482976,2.0000000000000426,4.000000000000085,4.000000000000085,2.0000000000000426,4.000000000000085,2.0000000000000426,walk
S113_1585,1,2.5659435485830047,-9.427271923465963,2.1266466952798773,-0.03562606849666847,-0.28986289503042434,0.15928065366848143,0.29866855000582526,0.5322432948514282,0.5740413386499256,0.07269033633724545,0.42228841735377465,0.11796666245755122,14.119862167328842,2.0000000000000426,4.000000000000085,4.000000000000085,2.0000000000000426,2.0000000000000426,4.000000000000085,walk
S113_1585,2,3.0195239707982706,-9.274259792364996,2.5451652481090234,-0.005455301210415224,-0.3830697557973272,0.16221511733985777,0.41309855168289467,0.5611366939061592,0.49708603834214,0.06597033179970697,0.35944157382569436,0.14228306467449542,14.838949011272291,2.0000000000000426,2.0000000000000426,2.0000000000000426,2.0000000000000426,2.0000000000000426,2.0000000000000426,walk
T001_1585,0,-1.469532288887944,9.0228095987905,3.111721250279304,0.01875799350467783,0.5028586302207781,0.4451949126952703,0.23147791623709943,0.8119186392648533,0.6042191439893694,0.2693740027612248,0.4076564569031502,0.24604933491224124,13.60406313795775,2.0000000000000426,2.0000000000000426,2.0000000000000426,2.0000000000000426,2.0000000000000426,2.0000000000000426,walk
T001_1585,1,-1.6878410495823641,9.911183112030093,3.354265516020098,0.031985857458879656,-0.0520376340788384,0.17566272585298326,0.36545783140280397,1.4010396922975308,0.6218550261075904,0.3476328582462823,0.42112006400947183,0.604787925740794,14.953289677632556,2.0000000000000426,2.0000000000000426,2.0000000000000426,2.0000000000000426,2.0000000000000426,2.0000000000000426,walk
T002_1585,0,-1.6969406798684645,9.132993687518027,2.3125881186311332,-0.07519621920764794,0.33761474001402525,0.060399796296973056,0.15787276772736528,0.23506643304745578,0.17469576502593434,0.14581621596735433,0.40698309320029724,0.09523498610080537,13.142522486017626,2.0000000000000426,2.0000000000000426,2.0000000000000426,2.0000000000000426,2.0000000000000426,2.0000000000000426,walk
T002_1585,1,-1.6543692615918182,8.889241259196153,2.649020723278396,-0.0003854557002050174,0.5438523429071194,0.3526811228618642,0.19690206209513414,0.5627703037968167,0.23630150162297242,0.2225221798270997,0.2895345786030921,0.35770506811665903,13.19263124406637,2.0000000000000426,4.000000000000085,2.0000000000000426,2.0000000000000426,2.0000000000000426,2.0000000000000426,walk
T003_1585,0,-1.8583445163355032,8.937182081155804,2.798391128265984,-0.1272995806546642,0.7287059555906629,0.30767702799624275,0.24865187536016434,0.5014156856773254,0.3569268334364214,0.1400238892862797,0.34207566468032974,0.1886632004071941,13.593917725757294,4.000000000000085,2.0000000000000426,2.0000000000000426,2.0000000000000426,2.0000000000000426,2.0000000000000426,walk
T003_1585,1,-2.102316289724731,9.1684988923751,3.397222150921282,0.07222349530312804,0.22924177456583217,0.4291430998163792,0.23331278403591502,1.021367962895678,0.41581068773874946,0.14570578494513103,0.3367456087444604,0.10646708318215235,14.668037333021111,2.0000000000000426,2.0000000000000426,2.0000000000000426,2.0000000000000426,2.0000000000000426,2.0000000000000426,walk
T011_1585,0,2.308292724646468,-9.31885760050617,3.0643391720505493,-0.07526587807601372,0.10776234277778489,0.08836591807428881,0.23694675636054735,0.4031677652430018,0.09795262191529482,0.04135742858885029,0.11943798972738962,0.08465750980327683,14.69148949720319,2.0000000000000426,4.000000000000085,4.000000000000085,4.000000000000085,2.0000000000000426,4.000000000000085,walk
T011_1585,1,1.8158245299458073,-9.372994221738336,3.2581280480412964,-0.11230979057408262,-0.0968908609223366,0.056032010770518344,0.856934403663512,0.4868544939654934,0.5988633154382447,0.08435753504966823,0.5219131089463408,0.10811635091738135,14.446946799725442,2.0000000000000426,4.000000000000085,2.0000000000000426,2.0000000000000426,2.0000000000000426,2.0000000000000426,walk
T011_1585,2,1.5564997004450278,-9.21858437213554,3.274888876405058,-0.1192118040134318,-0.49792473165067647,0.1977493173040518,0.7047514538877103,0.5039879462032696,0.7505779578173435,0.09273423057017231,0.6345380123756815,0.24431220660483668,14.049972948985626,2.0000000000000426,4.000000000000085,4.000000000000085,4.000000000000085,4.000000000000085,2.0000000000000426,walk
T012_1585,0,1.4902632052596456,-9.27288733694461,3.1737908761621116,-0.13195706295197226,-0.15734372995708906,0.07520979295634296,0.4597322083719497,0.541459242219897,0.4329887829890141,0.06939391126861796,0.2539163108743801,0.11469458027737103,13.936941418366366,2.0000000000000426,4.000000000000085,4.000000000000085,2.0000000000000426,2.0000000000000426,2.0000000000000426,walk
T012_1585,1,1.5259981499141169,-9.194576559546697,3.169168174100402,-0.11090278407325238,-0.7000988726228486,0.1380730773284537,0.7607892964373651,0.6993611225506761,0.6590255649400393,0.10929533747153206,0.4837192441431944,0.18285475579950977,13.889742883561219,2.0000000000000426,4.000000000000085,4.000000000000085,2.0000000000000426,2.0000000000000426,2.0000000000000426,walk
T012_1585,2,2.480624788094982,-9.816899310640851,3.198227886012463,0.0014833215724421888,-0.3499756847900659,0.20547389645424147,1.2183311082882669,1.1106411509126026,0.5843797545156043,0.13675845716347965,1.2254196155553045,0.16541217283515305,15.495751984748294,2.0000000000000426,2.0000000000000426,4.000000000000085,4.000000000000085,2.0000000000000426,2.0000000000000426,walk
T013_1585,0,1.8575062085087393,-9.58904274246783,2.290342165269992,-0.030370379187863845,0.03581794565547598,0.0636303927304493,0.13993145352919242,0.09249377888824052,0.06076611081009319,0.030135565997125077,0.033621406144572666,0.029075393571779785,13.736891116246559,2.0000000000000426,6.000000000000128,4.000000000000085,2.0000000000000426,2.0000000000000426,2.0000000000000426,walk
T013_1585,1,1.8636065438697846,-9.590209165129947,2.4701335438790157,-0.07176859814583804,-0.024926467296690853,0.0788114355448787,0.17129501716746473,0.35887607508270986,0.36246017453132545,0.03294977372718193,0.10928186821218776,0.019224296964757696,13.923949252878744,2.0000000000000426,2.0000000000000426,2.0000000000000426,2.0000000000000426,2.0000000000000426,2.0000000000000426,walk
T013_1585,2,1.9036794056763913,-9.306236571561838,2.667800568025074,-0.06934302222594022,-0.1399446792777697,0.13814197814832196,0.37643890322501794,0.4843048931358981,0.43409644371152695,0.04593675709321898,0.14507589370545013,0.08264733167376652,13.877716545263302,4.000000000000085,2.0000000000000426,4.000000000000085,2.0000000000000426,4.000000000000085,2.0000000000000426,walk
T101_1585,0,2.000456899608368,-9.354915431366235,3.1301856075184755,0.01641813445488128,-0.19490019731490765,0.15846708121022055,0.18444342010570314,0.20927805139711292,0.09908450181145989,0.0183256423668029,0.1368158975121679,0.11298773349574824,14.485557938493075,2.0000000000000426,2.0000000000000426,2.0000000000000426,2.0000000000000426,2.0000000000000426,2.0000000000000426,walk
T101_1585,1,1.6125700415212572,-9.367366029074933,3.0535775673740857,-0.02984477337521245,-0.0072143536761806225,0.14636504448059776,0.7621890461165823,0.25342647676120755,0.187617433033549,0.07121290450518977,0.3424379948500964,0.13201796823639644,14.039013715569292,2.0000000000000426,4.000000000000085,2.0000000000000426,2.0000000000000426,2.0000000000000426,2.0000000000000426,walk
T101_1585,2,0.9307832128747922,-9.557979516614768,2.8647235007884655,-0.021681531595509382,0.08499600130402951,0.03917895821015323,0.6733945073031639,0.1833332468868981,0.28878012373233414,0.08725048501991721,0.2743661750146001,0.05962352366926721,13.362971537463261,2.0000000000000426,4.000000000000085,2.0000000000000426,2.0000000000000426,2.0000000000000426,2.0000000000000426,walk
T101_1585,3,0.991560402638374,-9.603325367799153,2.9178252768390407,-0.0007260419858624966,-0.02423344771786733,-0.004258587548758981,0.4907080910469701,0.07499345459368491,0.3083327975750171,0.07024643208366989,0.1455946380286877,0.0751960717016626,13.522196354461807,2.0000000000000426,4.000000000000085,2.0000000000000426,2.0000000000000426,2.0000000000000426,2.0000000000000426,walk
T101_1585,4,1.3709336608992932,-9.58447134845079,3.01577940844359,0.004092120218142865,0.052445140529291015,-0.10827388836825752,0.05102705642190284,0.08480555816583907,0.1691695900870032,0.0663982165666601,0.062220810912714614,0.1013044367873074,13.971184417793674,4.000000000000085,4.000000000000085,2.0000000000000426,2.0000000000000426,4.000000000000085,2.0000000000000426,walk
T102_1585,0,2.1737958501228825,-9.44076381768788,2.492351007867579,-0.04689019545875399,-0.08302580154080834,0.07393224306200986,0.16333047498986897,0.219858663124071,0.13851870842543257,0.0384851999272665,0.09210536885760962,0.04486255923759088,14.10691067567834,2.0000000000000426,4.000000000000085,4.000000000000085,2.0000000000000426,2.0000000000000426,2.0000000000000426,walk
T102_1585,1,2.2207625677593894,-9.391865898228437,2.7284030244616213,-0.08984896261206445,-0.5588840583328386,0.13955384593732112,0.5666018907248521,0.5723367334638747,0.574556511993176,0.04164559318482084,0.6258787545801234,0.04305418736407483,14.341031490449447,4.000000000000085,4.000000000000085,4.000000000000085,4.000000000000085,2.0000000000000426,4.000000000000085,walk
T102_1585,2,2.3475744271865873,-9.191428237098584,2.7566925853503084,-0.07297911219936051,-0.7327394285846451,0.2110908296709936,0.625847092391113,0.6968201489395817,0.6905097592734326,0.05631939457797925,0.6290746582043037,0.09592297984770713,14.295695249635479,4.000000000000085,4.000000000000085,4.000000000000085,4.000000000000085,4.000000000000085,2.0000000000000426,walk
T103_1585,0,2.0377698784179152,-9.61846471175524,2.5418809438136334,-0.12562975389531295,-0.442499839317527,0.12613538237348687,0.709715463896706,0.570194628711292,0.5724501063483495,0.027999466670312226,0.737637290829045,0.08974851308935419,14.198115533986789,4.000000000000085,4.000000000000085,4.000000000000085,4.000000000000085,2.0000000000000426,2.0000000000000426,walk
T103_1585,1,2.4115485209330543,-9.21602770800317,2.458424587071672,-0.11583089924934806,-0.6825574196225661,0.060044448066918735,0.9090328066027322,0.7777037174276135,0.7221362709108666,0.04208010136366543,0.7582383198430706,0.0926846749246101,14.086000816007893,4.000000000000085,4.000000000000085,4.000000000000085,4.000000000000085,4.000000000000085,2.0000000000000426,walk
T103_1585,2,3.3389556446398077,-9.73781924532569,1.9817086210647425,-0.001834880326429862,0.10713554387330274,0.032220548731114775,0.6338041196332852,1.2852926428611586,0.4120983145195896,0.14047702714230326,1.0965102977683456,0.06273643200536594,15.05848351103024,2.0000000000000426,2.0000000000000426,2.0000000000000426,2.0000000000000426,2.0000000000000426,4.000000000000085,walk
T111_1585,0,1.3662191035899414,-9.46136264746255,2.8584883068310982,-0.040968057276571865,-0.11172499491809934,0.09203699190056205,0.23036395978229188,0.1310870008528263,0.03719800192518353,0.03382003305640008,0.17660966555990354,0.11201017772046036,13.686070057883592,2.0000000000000426,4.000000000000085,2.0000000000000426,2.0000000000000426,2.0000000000000426,2.0000000000000426,walk
T111_1585,1,1.0146445899043837,-9.63978148559758,2.9280612554900745,-0.06647716270818607,-0.35040725720558774,0.2881762168871131,0.18517204795396316,0.5435703568449194,0.34257862388671106,0.08480507074627958,0.2294462180719066,0.15051360284187926,13.582487330992038,2.0000000000000426,4.000000000000085,4.000000000000085,2.0000000000000426,2.0000000000000426,2.0000000000000426,walk
T111_1585,2,0.9840855406285745,-9.383630347758867,3.4286338797913407,0.041591718109672576,-0.6770834249244961,0.5366871073494824,0.4232624662640947,0.7897734364411371,0.5804068750575283,0.17358830993000185,0.3604528498264792,0.19207854593068005,13.796349768178782,4.000000000000085,4.000000000000085,2.0000000000000426,2.0000000000000426,4.000000000000085,2.0000000000000426,walk
T112_1585,0,1.6430799893580836,-9.348223129203967,2.729144971155307,-0.08243171467018257,-0.048552376220733266,0.1205059361789465,0.2755253239582909,0.31975352921572836,0.165619147448107,0.045131831971321666,0.18592423225790256,0.05608180257656416,13.720448089717356,2.0000000000000426,4.000000000000085,2.0000000000000426,2.0000000000000426,2.0000000000000426,2.0000000000000426,walk
T112_1585,1,1.5706773000471126,-9.409292327153192,3.0671137054642275,-0.07205020474186115,-0.5661986964614878,0.1165487152187123,0.3676451181194383,0.6218971562560119,0.940158139939724,0.07966992292491354,0.5582667972557104,0.07807312602785291,14.047083332664535,2.0000000000000426,4.000000000000085,2.0000000000000426,2.0000000000000426,2.0000000000000426,2.0000000000000426,walk
T112_1585,2,2.1985601522933784,-9.300480422321336,3.1483159206490376,-0.017611315368785616,-0.874834974098539,0.09209697018156422,0.8986461252420598,0.6422079798769694,1.0292717848392845,0.07403055712532303,0.2816975066575576,0.11300849221925535,14.64735649526375,2.0000000000000426,2.0000000000000426,2.0000000000000426,4.000000000000085,2.0000000000000426,2.0000000000000426,walk
T113_1585,0,1.8845556051961734,-9.823952393667193,3.7130606992792314,-0.010765973942062707,-0.16606955301828843,0.2598796870197531,0.5738110412855161,1.171178583977562,0.5933570725795408,0.08031914066192353,0.4337206660451633,0.3030377017432606,15.421568698142597,2.0000000000000426,2.0000000000000426,2.0000000000000426,2.0000000000000426,2.0000000000000426,2.0000000000000426,walk
T113_1585,1,1.9769959471880731,-10.130098765347675,3.2005861346718616,0.15705289906371203,0.15872736057609502,-0.5557882078544618,0.4595015301265586,0.956455622016247,1.1521354743464285,0.15279793278546244,0.3117321150373274,0.7197023244252382,15.307680847207607,2.0000000000000426,2.0000000000000426,2.0000000000000426,2.0000000000000426,2.0000000000000426,2.0000000000000426,walk
A001_1585,0,2.602117668111788,-9.553953357414104,1.74045731651102,-0.012190022521572152,-0.02790707865556017,0.0157501851062732,0.06841984514491643,0.020365264678730365,0.05921802940882234,0.010194947848072686,0.10319227073345537,0.01835712380209125,13.89652834203691,6.000000000000128,4.000000000000085,4.000000000000085,2.0000000000000426,4.000000000000085,4.000000000000085,stand
A001_1585,1,2.8828781022251264,-9.482425413754818,1.6178533907087904,-0.016153286762326892,-0.06432192821639121,0.04100852221092351,0.30988165538917567,0.09379009308208199,0.24677812574878621,0.01649279993355834,0.190089364850795,0.09522683689078816,13.983156906688734,2.0000000000000426,2.0000000000000426,2.0000000000000426,2.0000000000000426,2.0000000000000426,2.0000000000000426,stand
A001_1585,2,2.5704228145494623,-9.553807452845893,1.712639370439696,0.08574619096750415,-0.16694857218093137,0.17283209565381333,0.7114957379957049,0.20898171531295578,0.3624274608699008,0.12248039947156543,0.2562322817095761,0.17736797535728202,13.83686963783505,2.0000000000000426,2.0000000000000426,2.0000000000000426,2.0000000000000426,2.0000000000000426,4.000000000000085,stand
A011_1585,0,2.056264698030028,-9.5261651108387,2.3652581861506174,-0.016754244692648353,0.004792792295892031,0.02651314573699285,0.009648850752867559,0.013763440034158681,0.011932270107745974,0.0021298727327595107,0.0033631960387496534,0.00135750541285612,13.947687995019349,2.0000000000000426,2.0000000000000426,2.0000000000000426,2.0000000000000426,4.000000000000085,4.000000000000085,stand
A011_1585,1,2.036510882914384,-9.544377560853546,2.3421174779131326,-0.019292123327575197,0.0011362728997189,0.028829546470036348,0.027632380725549726,0.025299617195937242,0.03544859105239976,0.0031873090709676425,0.00534441672825893,0.0038455109295976644,13.923005921681062,2.0000000000000426,2.0000000000000426,2.0000000000000426,4.000000000000085,2.0000000000000426,2.0000000000000426,stand
A011_1585,2,2.019320778008658,-9.575403810580855,2.3163001318444083,-0.022005477123057875,0.006296642289830939,0.029699574371310922,0.029887601835266953,0.02651633596607685,0.02656308885301203,0.0029040752951612035,0.014230149221745125,0.004233490621318587,13.911024720433918,4.000000000000085,2.0000000000000426,4.000000000000085,4.000000000000085,2.0000000000000426,4.000000000000085,stand
A111_1585,0,3.458908902422452,-9.3648458320194,1.0506498414643402,-0.008109051527493171,0.003296197880062609,0.02079174391282512,0.020611139501879077,0.013932744108989325,0.02083801974678347,0.001959522201291001,0.003922478360385212,0.003242578763315722,13.874404575906194,2.0000000000000426,2.0000000000000426,4.000000000000085,2.0000000000000426,2.0000000000000426,2.0000000000000426,stand
A111_1585,1,3.452951247940145,-9.364184881109985,1.0487824823412655,-0.00851361247151151,0.0021431015149942687,0.021814398018268615,0.02709895059756094,0.012538455564365066,0.017403167161763912,0.0016887205136116139,0.004739545901933361,0.0023254883021828813,13.865918611391393,4.000000000000085,4.000000000000085,2.0000000000000426,2.0000000000000426,2.0000000000000426,2.0000000000000426,stand
A111_1585,2,3.457380596135225,-9.355899616773291,1.0468194535713728,-0.008981596991335576,0.002931877294026037,0.018913347799035217,0.033753654929364635,0.007800696711716999,0.016572395486893023,0.0018487446121891514,0.004980662621490031,0.0018273496199432287,13.860099666479886,4.000000000000085,6.000000000000128,2.0000000000000426,2.0000000000000426,2.0000000000000426,2.0000000000000426,stand
B001_1585,0,1.8019359132146915,-9.276864065459407,3.54773869839765,-0.01294071654795207,0.006881676169112881,0.021179438662656244,0.0862364316280574,0.04389152366204993,0.05607457962313735,0.014626535494991892,0.012719883122187395,0.01697157719607111,14.626538677071746,2.0000000000000426,4.000000000000085,2.0000000000000426,2.0000000000000426,4.000000000000085,2.0000000000000426,stand
B001_1585,1,1.7424328833801992,-9.288574388180923,3.5036227330183096,-0.033395521204879465,0.008623303294211711,0.030098199099998245,0.03209380368739328,0.033362666647564064,0.08784223163661355,0.013165534034369177,0.014009998355230844,0.015803930034513608,14.53463000457943,2.0000000000000426,4.000000000000085,2.0000000000000426,2.0000000000000426,2.0000000000000426,2.0000000000000426,stand
B001_1585,2,1.7217463890058085,-9.29890881524822,3.498724728555443,-0.036403700247576845,-0.0292987497405345,0.05381634009856171,0.04035015454434698,0.1039480291297958,0.09699630763161897,0.01248083641762736,0.03827830936848198,0.017771379246605774,14.519379932809475,2.0000000000000426,2.0000000000000426,2.0000000000000426,2.0000000000000426,2.0000000000000426,2.0000000000000426,stand
B002_1585,0,1.7012262760701278,-9.205987011344694,3.677225069699955,0.02545174809887157,-0.13131898974728107,0.0518360436340909,0.11225550179360545,0.15408978517483604,0.14763417366629758,0.04229726991452113,0.11999204254356784,0.04126495419199492,14.584438357114777,2.0000000000000426,4.000000000000085,2.0000000000000426,2.0000000000000426,2.0000000000000426,2.0000000000000426,stand
B002_1585,1,1.7693517515844004,-9.164852854061373,3.628983650369134,-0.03636311157139504,-0.1301039527675437,0.0629413735591399,0.12373378064735584,0.2305436333668483,0.16090018209149115,0.08141371242685988,0.11931618252846912,0.056702531384714816,14.563188256014907,4.000000000000085,4.000000000000085,2.0000000000000426,2.0000000000000426,2.0000000000000426,2.0000000000000426,stand
B002_1585,2,1.8541255316647338,-9.188687244362919,3.6012165111507612,-0.14459616817186563,-0.01477208656612219,0.011177732878058092,0.10025989658637945,0.27287093856030553,0.14077737128222573,0.04743816581211722,0.06828812482687098,0.06677185203106209,14.644029287178414,4.000000000000085,4.000000000000085,2.0000000000000426,2.0000000000000426,2.0000000000000426,4.000000000000085,stand
B003_1585,0,1.81641296126859,-9.343755901356436,3.3161592375828888,0.0062199973474468175,-0.00019319216871705431,0.017201086517191374,0.01610523568460736,0.02772751251444027,0.025706812940286858,0.006170902443373863,0.005397361489034682,0.007676956478066792,14.476328100207914,4.000000000000085,2.0000000000000426,2.0000000000000426,2.0000000000000426,2.0000000000000426,2.0000000000000426,stand
B003_1585,1,1.8170316744062376,-9.343317015876199,3.3266077567406582,0.00446439716737218,-0.0032518676783604527,0.008788650498383095,0.017628941950357767,0.032003988516631554,0.02873458977454487,0.0054435165387460025,0.008580428617623875,0.006506149761856644,14.486956447023095,4.000000000000085,2.0000000000000426,2.0000000000000426,2.0000000000000426,2.0000000000000426,2.0000000000000426,stand
B003_1585,2,1.8322852008205301,-9.340101935437573,3.352932877058574,0.007741583046836633,-0.00908317122942596,0.013614222659158095,0.033542531652633135,0.04187948704023003,0.017124667213477912,0.006490953489887439,0.008448795954404623,0.009487143866454531,14.525320013316678,2.0000000000000426,4.000000000000085,4.000000000000085,4.000000000000085,4.000000000000085,2.0000000000000426,stand
B011_1585,0,2.505440920834639,-9.122353104643059,3.5134410892461694,0.010378672690539081,-0.019026886369575866,0.01591159833301148,0.06827193155629237,0.03275589910873499,0.022926454887796585,0.011084516360147798,0.0030837519061461707,0.01465161832173053,15.14123511472387,2.0000000000000426,4.000000000000085,2.0000000000000426,2.0000000000000426,2.0000000000000426,2.0000000000000426,stand
B011_1585,1,2.5213628749823997,-9.116603992516074,3.510137071423827,0.015611793941718122,-0.01663529477261248,0.015176517672031977,0.05767304792857696,0.028373100191375896,0.028495990487011093,0.007144983700832843,0.004142609892470826,0.01383020594659518,15.148103938922302,2.0000000000000426,2.0000000000000426,2.0000000000000426,2.0000000000000426,4.000000000000085,2.0000000000000426,stand
B011_1585,2,2.520623219266442,-9.113297703871423,3.5166954327941666,0.011211691743171324,-0.010223831403379085,0.012794755693473336,0.04332663600976323,0.027549221359166827,0.03416043618594594,0.004612341050094808,0.007621651526301147,0.010460282509719724,15.150616355932033,2.0000000000000426,2.0000000000000426,2.0000000000000426,2.0000000000000426,2.0000000000000426,2.0000000000000426,stand
B012_1585,0,2.901956012950665,-9.103157752576397,3.1855932164383187,0.011384692162798242,-0.003363914590942089,0.0067745862928566035,0.029083535793701817,0.024944631332080466,0.05737162838135042,0.01048849073924828,0.00339358185982277,0.014655936046182814,15.190706981965379,2.0000000000000426,2.0000000000000426,2.0000000000000426,2.0000000000000426,6.000000000000128,2.0000000000000426,stand
B012_1585,1,2.892615685519449,-9.106073674336685,3.135387900082394,0.004477295113745488,-0.006705599622012312,0.004604237310796474,0.03385316919928814,0.039086938875319555,0.03602889383554542,0.012678717264768005,0.004736080752106712,0.013093763276057341,15.134077259938529,4.000000000000085,4.000000000000085,2.0000000000000426,2.0000000000000426,2.0000000000000426,2.0000000000000426,stand
B012_1585,2,2.918064794007996,-9.125099427340858,3.118197836462388,-0.022229214761176886,-0.0045221435702850095,0.020542519054102662,0.05195648001357215,0.0443914403973469,0.025002147372333163,0.017131901338987746,0.008610342651165129,0.01196513802903282,15.16136205781124,2.0000000000000426,4.000000000000085,2.0000000000000426,2.0000000000000426,4.000000000000085,4.000000000000085,stand
B013_1585,0,2.9188627578918664,-9.047724535402466,3.263539305676988,0.01078317396455422,0.015892367239208734,0.01038605039868094,0.052706879449959214,0.04659360224336112,0.03437875723640272,0.01213295360037165,0.011657685846855795,0.01443364664196589,15.23012659897132,2.0000000000000426,2.0000000000000426,2.0000000000000426,2.0000000000000426,2.0000000000000426,2.0000000000000426,stand
B013_1585,1,2.8881253223832046,-9.072514513207341,3.283161126542595,0.0004677509918646394,0.0026759231888812763,0.014744782106139488,0.036698563831685085,0.03941273197743249,0.036062058033823445,0.00897019916303197,0.011039721931138892,0.013344277195566885,15.243800962133141,2.0000000000000426,4.000000000000085,2.0000000000000426,2.0000000000000426,4.000000000000085,2.0000000000000426,stand
B013_1585,2,2.918135594082764,-9.058793190184293,3.2884176380840664,0.004684400115206324,-0.008876987750147888,0.01349497520451167,0.04797172589675608,0.03526219936516295,0.03168271730641179,0.009619697899447943,0.006624205642416098,0.015600670815221412,15.265346422351124,2.0000000000000426,4.000000000000085,2.0000000000000426,2.0000000000000426,4.000000000000085,2.0000000000000426,stand
B101_1585,0,1.6516347750516092,-9.375043819392445,3.2839669955722566,0.025976732293567832,-0.01063552222503938,0.018633632070291496,0.011865235184488409,0.030219087506227794,0.14753233358622317,0.037080035002397,0.028811844402680063,0.00575380312654781,14.310645590016309,6.000000000000128,2.0000000000000426,2.0000000000000426,2.0000000000000426,2.0000000000000426,4.000000000000085,stand
B101_1585,1,1.6585797206032915,-9.3669367798869,3.283424973602562,0.00041729482347641013,-0.02294385548148943,0.024000020783759828,0.029159012936944458,0.022349884543366623,0.12793360579376656,0.026852716167503475,0.012738338534998945,0.0059430785704373814,14.308941474092752,2.0000000000000426,2.0000000000000426,2.0000000000000426,2.0000000000000426,2.0000000000000426,4.000000000000085,stand
B101_1585,2,1.690866262914972,-9.382689572240913,3.3756803252346,0.0032418007286079097,-0.014298238745102845,0.020525729673203236,0.03950191190276433,0.01566761487491914,0.04009251730968162,0.017151605852551398,0.01515852154701154,0.009407257051312701,14.449236160390488,2.0000000000000426,2.0000000000000426,2.0000000000000426,2.0000000000000426,2.0000000000000426,2.0000000000000426,stand
B102_1585,0,1.8581832857112814,-9.349353198329851,3.4337845907341773,-0.005093127063459,0.018997332666764604,0.019850118943646605,0.03763964265812406,0.06743672356938084,0.08428807056996798,0.029744318353902635,0.02652337159227351,0.013337969745030898,14.64132107477531,2.0000000000000426,4.000000000000085,2.0000000000000426,4.000000000000085,2.0000000000000426,4.000000000000085,stand
B102_1585,1,1.834596510778276,-9.31073871984373,3.3537476752230653,0.020135306166777167,0.017974254636200192,0.007065649359358165,0.03235607825919778,0.0553011745316547,0.08649139340909559,0.022878602431086477,0.023785091358620853,0.011309763545866268,14.499082905845071,2.0000000000000426,4.000000000000085,2.0000000000000426,2.0000000000000426,2.0000000000000426,2.0000000000000426,stand
B102_1585,2,1.8363977706549024,-9.290829539368696,3.3562534062634497,0.005635648628155232,-0.013581291075419308,0.018257368798219348,0.03405619331185504,0.05857414608643416,0.08291612051619315,0.029956251995675334,0.023305932782125206,0.024772600564365022,14.48348071628705,2.0000000000000426,4.000000000000085,2.0000000000000426,2.0000000000000426,2.0000000000000426,2.0000000000000426,stand
B103_1585,0,1.950272199632447,-9.206676901456277,3.5807500688613323,-0.005462173059011266,-0.005810431226669972,0.00808926974057918,0.045443382785151074,0.04212783658819392,0.02696639517149742,0.004782784344069808,0.009246927567148419,0.010336952823242417,14.737699169950055,4.000000000000085,4.000000000000085,2.0000000000000426,4.000000000000085,4.000000000000085,2.0000000000000426,stand
B103_1585,1,1.9418716967172622,-9.235391773839343,3.557771254917493,-0.007329906597119301,-0.0005626321760605474,0.012482379097931125,0.036066296588540075,0.030212756465718395,0.030657551001474805,0.005666113422313033,0.006533138011403658,0.010933009190513761,14.735034725474097,2.0000000000000426,4.000000000000085,2.0000000000000426,2.0000000000000426,4.000000000000085,2.0000000000000426,stand
B103_1585,2,1.9474344652957973,-9.248872761883204,3.5599003057231626,-0.007912223271209563,0.006232215602170687,0.024170579511480925,0.0355443088240446,0.021856163918135427,0.024813895794404624,0.005766214396468521,0.010185382956871039,0.008330010484933785,14.756207532902165,2.0000000000000426,6.000000000000128,2.0000000000000426,2.0000000000000426,2.0000000000000426,2.0000000000000426,stand
B111_1585,0,2.739810777169438,-9.255470884387748,2.875499882679116,-0.007271795454006385,-0.00042234386509650473,0.013581400219784769,0.030222154264445442,0.02142838762625777,0.058750942484226285,0.01575611167103007,0.00820228797611254,0.003949441305384646,14.870781544236298,2.0000000000000426,2.0000000000000426,2.0000000000000426,2.0000000000000426,4.000000000000085,2.0000000000000426,stand
B111_1585,1,2.7699414965660885,-9.254876814682243,2.876910374765886,-0.007260169873345693,-0.008730472873577588,0.01261058231910645,0.030404382174788108,0.023592299059529673,0.05062445279720582,0.013477335025960805,0.00778864362417033,0.004220645566205,14.901728686014216,2.0000000000000426,2.0000000000000426,2.0000000000000426,2.0000000000000426,2.0000000000000426,2.0000000000000426,stand
B111_1585,2,2.7686678758177936,-9.258315973714838,2.8555719753156548,-0.0032587105856609734,-0.008984052796264162,0.014536697890523104,0.023713948454518886,0.02690082460700166,0.030848917001185507,0.008369208237646074,0.006912738287240784,0.007410224923673761,14.882555824848287,2.0000000000000426,2.0000000000000426,2.0000000000000426,2.0000000000000426,2.0000000000000426,2.0000000000000426,stand
B113_1585,0,1.7319315819131003,-9.360041730408216,3.320534923251174,0.0008638159319572767,0.024977352191679875,0.03499579817582195,0.030172653535580716,0.019304254048534294,0.08242698375288332,0.01948553411075126,0.024533507405204866,0.008563062119133807,14.41250823557249,4.000000000000085,2.0000000000000426,2.0000000000000426,2.0000000000000426,2.0000000000000426,2.0000000000000426,stand
B113_1585,1,1.723209502327265,-9.34534908790083,3.2769441602040583,0.018479959077549835,-0.009537104177805166,0.023772809698053635,0.03342086401218949,0.012873232817263233,0.06428316022811825,0.00938330125366627,0.028925271657929633,0.014523901810523064,14.345502750432155,2.0000000000000426,4.000000000000085,4.000000000000085,4.000000000000085,4.000000000000085,2.0000000000000426,stand
B113_1585,2,1.7135407093406625,-9.353094100480659,3.29570012670468,0.00860900278021976,-0.02176623338333531,0.013715723369867691,0.032426841396138786,0.03179746634610557,0.04790081072668196,0.01447168553441383,0.021653331143599287,0.005060687072517697,14.362334936525999,2.0000000000000426,2.0000000000000426,2.0000000000000426,2.0000000000000426,2.0000000000000426,2.0000000000000426,stand
C001_1585,0,0.7661012033329822,9.455683136200177,1.678764426890622,-0.0006043138712651657,0.005826440629786098,0.026357665310343257,0.057322289997457344,0.036453934137650475,0.022741924832963733,0.010206308203073585,0.014584247854202839,0.00864570230125866,11.900548766423784,2.0000000000000426,2.0000000000000426,2.0000000000000426,2.0000000000000426,4.000000000000085,2.0000000000000426,stand
C001_1585,1,0.7749462091365684,9.440867156686489,1.692545595826165,-0.006533398524972449,0.027183558132210076,0.02724826355817933,0.06070192655690594,0.027060472784401046,0.044979289484694894,0.017348270223142902,0.026434157705984954,0.00953179259419558,11.908358961649219,2.0000000000000426,2.0000000000000426,2.0000000000000426,2.0000000000000426,2.0000000000000426,2.0000000000000426,stand
C001_1585,2,0.7674420931406728,9.431630385710655,1.685484476125187,-0.006496358333163139,0.03087603482255319,0.022838135090131773,0.04968486315551912,0.03266862350654587,0.058426201197516854,0.019573775399289322,0.022298850212770317,0.013106997170599858,11.884556954976517,2.0000000000000426,2.0000000000000426,2.0000000000000426,2.0000000000000426,2.0000000000000426,2.0000000000000426,stand
C002_1585,0,1.1572326409474547,9.407369491544005,1.6580289831247945,0.0007588810726239132,0.016559050239808457,0.015318512026269266,0.044580674633962536,0.027888550604561736,0.016326281910484262,0.003469301925144285,0.0052675393077137225,0.009734967064423342,12.222631115616252,2.0000000000000426,4.000000000000085,2.0000000000000426,4.000000000000085,2.0000000000000426,2.0000000000000426,stand
C002_1585,1,1.1574534587997016,9.393082689582748,1.6811573362009349,-0.0019327690885288507,0.01559812996948382,0.017777658030249534,0.031665179870376134,0.0208804317738049,0.01718139620978392,0.0051317110346782956,0.005389093784550758,0.011677679210936796,12.231693484583387,2.0000000000000426,4.000000000000085,2.0000000000000426,2.0000000000000426,4.000000000000085,2.0000000000000426,stand
C002_1585,2,1.1611428768244376,9.377175004513237,1.6654755794571843,-0.002428156386705304,0.012723492528141337,0.028240793662757478,0.02922161954568845,0.01176998867554404,0.030742234974055545,0.006733765660876683,0.008098544475746648,0.00862670382053853,12.203793460794861,2.0000000000000426,4.000000000000085,2.0000000000000426,2.0000000000000426,4.000000000000085,2.0000000000000426,stand
C003_1585,0,0.7187575703390056,9.464172698527243,1.557914708565982,0.012642615438801049,0.010039547654554566,0.041792074044546726,0.04742465204508858,0.04529839917359661,0.04710335149756429,0.013761197313729918,0.03808188555423818,0.018210763384964832,11.74084497743223,2.0000000000000426,2.0000000000000426,2.0000000000000426,2.0000000000000426,2.0000000000000426,2.0000000000000426,stand
C003_1585,1,0.6935151768551624,9.469578650116716,1.4940011561708557,0.014195860431898797,0.022766474452202555,0.038489104192981294,0.04227698257965069,0.046515344224931546,0.08288596019117814,0.018994958974520963,0.03063436368443267,0.02400934708935012,11.657094983142734,2.0000000000000426,4.000000000000085,2.0000000000000426,2.0000000000000426,4.000000000000085,2.0000000000000426,stand
C003_1585,2,0.7035226089166348,9.466023530465879,1.486696280535388,0.014481808202676121,0.0022453427722661677,0.012594544877675227,0.04777168076967865,0.04228240242251608,0.07082275764218514,0.019675993745007385,0.018147812328591993,0.017317850370762618,11.656242419917904,2.0000000000000426,2.0000000000000426,2.0000000000000426,2.0000000000000426,2.0000000000000426,4.000000000000085,stand
C011_1585,0,1.3252552285791162,9.367241032653354,1.57944460163925,0.010499300430704017,-0.0029017495445482515,0.010076968876285848,0.04427842342012082,0.021658549751655373,0.040298587153806645,0.009257777931647948,0.00843014209157149,0.012076797271239979,12.27194086287172,2.0000000000000426,4.000000000000085,2.0000000000000426,2.0000000000000426,4.000000000000085,2.0000000000000426,stand
C011_1585,1,1.3351767055563757,9.37652744346922,1.5915275275267908,0.00842416232112285,0.0009124772473421631,0.006033455025727507,0.04551600590863468,0.0161180257784417,0.04345214293827512,0.011267721893648051,0.008143975714560029,0.010542968839091784,12.303231676552386,2.0000000000000426,2.0000000000000426,2.0000000000000426,2.0000000000000426,6.000000000000128,2.0000000000000426,stand
C011_1585,2,1.3400950363302522,9.373150443037163,1.5740080997756154,0.0064079509258114006,0.004984606449088496,0.012983393072965971,0.04367579494946199,0.012970166275106125,0.040747602564062124,0.008869451086569898,0.00885746409679983,0.008173409203183149,12.28725357914303,2.0000000000000426,2.0000000000000426,2.0000000000000426,2.0000000000000426,2.0000000000000426,2.0000000000000426,stand
C012_1585,0,0.7463629164772358,9.448200050977784,1.456927405478329,0.004052070069414651,-0.01210539797338142,0.01709787503558277,0.03941281923635477,0.014238632822947357,0.05351575451494352,0.01865857941545304,0.016702221244719748,0.01549333436599476,11.651490372933349,2.0000000000000426,4.000000000000085,2.0000000000000426,2.0000000000000426,4.000000000000085,2.0000000000000426,stand
C012_1585,1,0.7521266942089507,9.45049010139945,1.4384936035146734,0.005087132098421824,-0.007454021926627487,0.02190267128571257,0.052046481503031525,0.01112731118338685,0.07206485721407177,0.02122031896517652,0.023012933449387377,0.01584203944256122,11.64111039912307,2.0000000000000426,4.000000000000085,2.0000000000000426,2.0000000000000426,4.000000000000085,2.0000000000000426,stand
C012_1585,2,0.7586969738637975,9.457718104397623,1.434870704715891,0.01515493795979489,-0.008787414337101868,0.009817206149341945,0.05599543718310135,0.011664135040045676,0.06425295678222523,0.012286972171396545,0.0195681664414165,0.01654600542516106,11.651285782977313,2.0000000000000426,4.000000000000085,2.0000000000000426,2.0000000000000426,2.0000000000000426,2.0000000000000426,stand
C013_1585,0,1.006766935750477,9.453793633427692,1.3617001945214404,0.019605252399595364,-0.005954166309555006,0.006391892758142375,0.060897325662124364,0.0404849766776761,0.0553692933695183,0.011801654646144456,0.012464676106490631,0.014416135370625685,11.822260763699605,2.0000000000000426,6.000000000000128,2.0000000000000426,2.0000000000000426,2.0000000000000426,2.0000000000000426,stand
C013_1585,1,1.0075725281635153,9.44931522261229,1.4066650733474302,0.008036177670594967,0.009073763397982207,0.008905964747830099,0.0718585383344356,0.02372427306334863,0.03737895482230384,0.01892063233005284,0.018982746727012004,0.01178565824765577,11.863552824123238,2.0000000000000426,4.000000000000085,4.000000000000085,2.0000000000000426,2.0000000000000426,2.0000000000000426,stand
C013_1585,2,0.7372891118443841,9.387824139108819,1.5789361725223108,0.012449990125685744,-0.11502082992307024,-0.017054760542643856,0.2552648118653934,0.06646859134104127,0.20461045165865968,0.023843197710213627,0.18576425173639738,0.05349465672696293,11.704049423475512,2.0000000000000426,2.0000000000000426,2.0000000000000426,2.0000000000000426,2.0000000000000426,2.0000000000000426,stand
C101_1585,0,1.2080136055203727,9.43285872938091,1.3569614957997234,0.00231038175185764,0.005057187945953549,0.015055829672540504,0.030301108426637243,0.018919274200102764,0.019154364852744528,0.0021910110371391113,0.007467690192783026,0.002619479407691858,11.997833830701007,2.0000000000000426,2.0000000000000426,4.000000000000085,4.000000000000085,2.0000000000000426,2.0000000000000426,stand
C101_1585,1,1.2210213551687248,9.435872740893954,1.356041718941423,0.0035918462861280753,0.0035860270235440255,0.012645400765043405,0.04266571858615201,0.019638813069192112,0.022231635643347757,0.00615177897577547,0.009171888861012886,0.006002414114733401,12.012935815004102,2.0000000000000426,2.0000000000000426,4.000000000000085,2.0000000000000426,4.000000000000085,2.0000000000000426,stand
C101_1585,2,1.2154668278811303,9.441357695743612,1.3617831054087097,0.006804426005386115,0.006939464176745212,0.018022361139118967,0.04694862931605634,0.02058845200749922,0.020661767089298566,0.006523649804575008,0.012320605117835474,0.010806103944722341,12.018607629033452,2.0000000000000426,2.0000000000000426,2.0000000000000426,2.0000000000000426,4.000000000000085,2.0000000000000426,stand
C102_1585,0,1.174021576338784,9.463526333726412,1.2431217904764904,-0.006211936520621292,0.021698700121310678,0.016853475786470142,0.02423230735956671,0.020340923541686207,0.010319682532072317,0.00812437074628056,0.010022645266879016,0.008791783965000032,11.880669700541684,2.0000000000000426,2.0000000000000426,2.0000000000000426,2.0000000000000426,4.000000000000085,2.0000000000000426,stand
C102_1585,1,1.164741878586379,9.433674422433326,1.264950631293858,-0.0070139926396501455,0.022134207774898985,0.013426541317432478,0.01542797342355125,0.0290676118877344,0.017857515028972662,0.008212176672439194,0.012211623267036398,0.008218651549362365,11.863366932313562,2.0000000000000426,2.0000000000000426,2.0000000000000426,2.0000000000000426,2.0000000000000426,2.0000000000000426,stand
C102_1585,2,1.1737330117972917,9.423657282814325,1.27436403537248,0.0035758112669573433,0.028954891899383547,0.018291054821817688,0.03361965594148765,0.022352341708779068,0.010930127030061638,0.007763290354506308,0.01394132297490999,0.013876700639652231,11.871754329984094,2.0000000000000426,2.0000000000000426,2.0000000000000426,2.0000000000000426,4.000000000000085,2.0000000000000426,stand
C103_1585,0,1.0427689943929306,9.457049446047877,1.3449428580749911,0.001125075429530938,0.003993363290384069,0.02192403533182457,0.03525132880093915,0.02637180533099934,0.026254207875450505,0.0033294063809436916,0.010423928548496223,0.013139569362166344,11.844761298515799,2.0000000000000426,2.0000000000000426,2.0000000000000426,2.0000000000000426,6.000000000000128,2.0000000000000426,stand
C103_1585,1,1.017096880799362,9.468445820705671,1.342197234455285,0.0015578918066986261,-0.004123181915189741,0.015084773964248439,0.05789993105257663,0.018148731332957736,0.023677455158445875,0.004469797214995733,0.009721217049404415,0.02454761644899787,11.827739935960322,2.0000000000000426,4.000000000000085,2.0000000000000426,2.0000000000000426,2.0000000000000426,2.0000000000000426,stand
C103_1585,2,1.0404554861510362,9.45268193426949,1.3655426142657117,-0.004252766512599713,-0.016592367432486307,0.000987699525127049,0.07536545203319636,0.02896512296723105,0.02863983358234329,0.010064919050006012,0.014456723431403,0.020084737986070824,11.858680034686238,2.0000000000000426,2.0000000000000426,2.0000000000000426,2.0000000000000426,2.0000000000000426,2.0000000000000426,stand
C111_1585,0,1.0680993290324,9.456033130160192,1.3585881107695306,0.009610128637035796,0.014098988399220677,0.017834488992678536,0.046242670124598255,0.03605786408083878,0.025943244904189287,0.005152248978296174,0.015536748383969186,0.009739092580971977,11.882720569962121,2.0000000000000426,4.000000000000085,4.000000000000085,4.000000000000085,2.0000000000000426,2.0000000000000426,stand
C111_1585,1,1.0576886486207204,9.449361971134577,1.3469932780083684,-0.003998208865508304,0.010605952529058342,0.017857692943999134,0.029912868680427158,0.014395619355978866,0.0322789396857275,0.012504530176093471,0.007967187012416352,0.007376177386186536,11.854043897763663,4.000000000000085,4.000000000000085,2.0000000000000426,2.0000000000000426,4.000000000000085,2.0000000000000426,stand
C111_1585,2,1.0458773084277286,9.432781155662378,1.3388556906054883,-0.0056869514903206695,0.011190600251553065,0.023852537484285313,0.024826234572903068,0.029864176153303557,0.030169705302449574,0.01154425035319867,0.007416266676723391,0.00660296605684959,11.817514154695594,2.0000000000000426,2.0000000000000426,2.0000000000000426,2.0000000000000426,4.000000000000085,2.0000000000000426,stand
C112_1585,0,1.1691910676315602,9.435013995263763,1.460940824870824,0.00656303060746443,-0.0020822870025056406,0.013516402978086635,0.032760562024431505,0.014523585574002528,0.008914273753426578,0.0038549892333137607,0.01533203338076618,0.00835934672606673,12.065145887766148,2.0000000000000426,4.000000000000085,4.000000000000085,2.0000000000000426,2.0000000000000426,2.0000000000000426,stand
C112_1585,1,1.1649205780838006,9.436237895048569,1.4777972006328313,0.006714615672642596,-0.00712991204222897,0.009360735344468359,0.030221232584587015,0.0057892230050688095,0.02469561890170887,0.00515641227594183,0.008611978356179143,0.011340701886742112,12.078955673765199,2.0000000000000426,6.000000000000128,2.0000000000000426,2.0000000000000426,2.0000000000000426,2.0000000000000426,stand
C112_1585,2,1.1747155644183294,9.428888502040692,1.4600487059943914,0.007791130471457873,0.0026017340570107274,0.005357093645140361,0.029620197806436172,0.01601001935371341,0.04305639278910909,0.00670896405883777,0.007483142043694943,0.008374888943907617,12.063652772453416,4.000000000000085,2.0000000000000426,2.0000000000000426,2.0000000000000426,4.000000000000085,2.0000000000000426,stand
C113_1585,0,0.9789587158619335,9.428647685008567,1.435583821088837,0.00655107214930326,-0.004581000117734926,0.01506908881917533,0.026227597471658932,0.02506486729422804,0.03249434443603689,0.00638734919711903,0.011146381387845763,0.006095616838542102,11.843190221959338,4.000000000000085,2.0000000000000426,2.0000000000000426,2.0000000000000426,2.0000000000000426,2.0000000000000426,stand
C113_1585,1,1.0010879049990045,9.441901902668057,1.4506636965296205,0.0067453734527623595,-0.011710871675229868,0.013833530318768545,0.02020585239703341,0.017446930092322066,0.030210137089836643,0.00645297916721108,0.008773111065049277,0.003812824909332103,11.893653504196681,4.000000000000085,4.000000000000085,2.0000000000000426,2.0000000000000426,2.0000000000000426,2.0000000000000426,stand
C113_1585,2,1.022731686691433,9.440396858932246,1.4363802708632256,0.004655900089340754,-0.00928284555266815,0.01616890862421678,0.018318471319633767,0.014229242016058526,0.03072473399725425,0.005531195774618858,0.011804866832591625,0.0026801138168619917,11.899508816486902,2.0000000000000426,4.000000000000085,2.0000000000000426,2.0000000000000426,2.0000000000000426,2.0000000000000426,stand
D001_1585,0,2.5064613940434293,-9.606004240121695,1.5650939344518107,-3.028671566631525e-05,0.0029870533076220506,0.0266528821300435,0.010775769178572096,0.027331960324678457,0.04721670033023602,0.012616415677202989,0.02441828092342856,0.00703546627274142,13.677559568616932,2.0000000000000426,4.000000000000085,2.0000000000000426,2.0000000000000426,2.0000000000000426,2.0000000000000426,stand
D001_1585,1,2.478000437742857,-9.606083789660609,1.5602685238519063,-0.0005768106087340649,0.025252773144721657,0.014554984836356468,0.031275007783464655,0.02735896613148375,0.04050754168946818,0.011947825725032475,0.009349351552815731,0.01272020060141357,13.644352751255372,2.0000000000000426,4.000000000000085,2.0000000000000426,2.0000000000000426,2.0000000000000426,2.0000000000000426,stand
D001_1585,2,2.455270874693263,-9.620809569524637,1.5640105840489782,-0.0077447956520253535,0.018856919846586676,0.00603792004726721,0.023642695330534036,0.023459755422142726,0.01930932291701802,0.00594455451511269,0.01653237598498548,0.0053862532872455925,13.640091028266877,2.0000000000000426,4.000000000000085,2.0000000000000426,2.0000000000000426,2.0000000000000426,4.000000000000085,stand
D011_1585,0,2.534131767471795,-9.505021741680977,2.013399066918437,-0.007442142636343228,0.003151122707152008,0.0177504024110917,0.01581480056425414,0.02366750377540214,0.025679213100163304,0.004482178210321985,0.005382211889845275,0.0026539769804985692,14.052552576071209,6.000000000000128,6.000000000000128,2.0000000000000426,4.000000000000085,4.000000000000085,6.000000000000128,stand
D011_1585,1,2.5268152964099087,-9.513551465750112,1.9989980043823856,-0.006046830087408659,0.004616929127072814,0.019414246947507444,0.013123675955038128,0.019792004471716248,0.034311171979847614,0.005558462022402951,0.004736371016421105,0.005331045183877613,14.039364766542407,2.0000000000000426,4.000000000000085,2.0000000000000426,2.0000000000000426,6.000000000000128,4.000000000000085,stand
D011_1585,2,2.5294894872731475,-9.515305689979987,2.0067342217823483,-0.004198256726634871,0.009036382606937753,0.019704404264904083,0.02129567961498971,0.026238954015359216,0.04254141968241364,0.00991734114022122,0.008654090557096731,0.006879917854066216,14.051529399035482,2.0000000000000426,4.000000000000085,2.0000000000000426,2.0000000000000426,2.0000000000000426,2.0000000000000426,stand
D012_1585,0,2.4862173424002902,-9.532732201738163,2.0195877614001834,0.0011117084962412758,0.006903558468287685,0.01306760825525554,0.01805301063712672,0.025951720620847694,0.021457449320030172,0.005909642695741888,0.008720229486761096,0.010277605947146974,14.038537305538636,2.0000000000000426,6.000000000000128,2.0000000000000426,2.0000000000000426,2.0000000000000426,2.0000000000000426,stand
D012_1585,1,2.480033068303759,-9.535376464665873,2.0249184992577196,0.0049136465487239584,0.01604704488584944,0.010070919061152001,0.014554088479578295,0.014409345766844417,0.03474483366898256,0.0009227524754125716,0.004316159842911921,0.00676874564780972,14.04032803222735,2.0000000000000426,4.000000000000085,2.0000000000000426,2.0000000000000426,2.0000000000000426,2.0000000000000426,stand
D012_1585,2,2.500290573116103,-9.512020731233797,2.0468845256160373,0.0027118155826915454,0.018900271605488083,0.013975968126234221,0.022572171009257725,0.027051291813460672,0.038911960210696386,0.0029564261722573827,0.0018272758093364533,0.004889979645848707,14.059195829965937,2.0000000000000426,2.0000000000000426,2.0000000000000426,2.0000000000000426,4.000000000000085,2.0000000000000426,stand
D013_1585,0,2.606579244948764,-9.505275644023572,1.9578203420324045,-0.0028444908189158825,-0.011610343940959684,0.025124425718611194,0.03452067970438131,0.01887188143300112,0.031382270600292764,0.004034963901182427,0.00716970602884594,0.009520703346705156,14.069675231004737,6.000000000000128,2.0000000000000426,2.0000000000000426,2.0000000000000426,4.000000000000085,2.0000000000000426,stand
D013_1585,1,2.601932930759205,-9.508834453072494,1.9322782149641666,-0.006450378228512256,-0.008103972627710482,0.018760997144182993,0.043471920945279754,0.01867107605571357,0.017452622651399054,0.004665017698734653,0.0057192592304862,0.010867210548454855,14.043045598795866,4.000000000000085,2.0000000000000426,4.000000000000085,2.0000000000000426,2.0000000000000426,2.0000000000000426,stand
D013_1585,2,2.599064351844401,-9.499085379607925,1.9363014038554847,-0.00689942038633443,0.0016276533322447783,0.01611460521179151,0.04185474495956742,0.031823924539163786,0.020089050202470697,0.003997448312098124,0.009006869806689277,0.0060109688680017636,14.034451135307812,2.0000000000000426,2.0000000000000426,4.000000000000085,2.0000000000000426,2.0000000000000426,2.0000000000000426,stand
D101_1585,0,2.640613799616738,-9.548690668208746,1.5826300838470277,0.0028800342461328577,-0.005538173351491573,0.018648332652114668,0.02688956183338008,0.022213754211810995,0.01863852388631116,0.005100347120456655,0.006508640504403044,0.00356026642830092,13.771934551672508,2.0000000000000426,4.000000000000085,4.000000000000085,2.0000000000000426,2.0000000000000426,4.000000000000085,stand
D101_1585,1,2.64684946013069,-9.557063985962047,1.5800229876424197,-0.0026333198526754835,-0.01072839214809036,0.012740306881789308,0.021076279759527996,0.029845426864944423,0.017706103855135793,0.004615093291207148,0.005099225821737841,0.0051606446205999185,13.783936433735159,2.0000000000000426,2.0000000000000426,2.0000000000000426,2.0000000000000426,4.000000000000085,2.0000000000000426,stand
D101_1585,2,2.6454674847240445,-9.565657175858856,1.6100810489721413,-0.007866440280318687,-0.0007173160107459477,0.020592390135045255,0.025654686718719955,0.023496013752446122,0.032864283653247735,0.003347991571794647,0.015304967586225541,0.012745684341288442,13.82120570955504,2.0000000000000426,2.0000000000000426,2.0000000000000426,2.0000000000000426,2.0000000000000426,2.0000000000000426,stand
D102_1585,0,2.640613799616738,-9.548690668208746,1.5826300838470277,0.0028800342461328577,-0.005538173351491573,0.018648332652114668,0.02688956183338008,0.022213754211810995,0.01863852388631116,0.005100347120456655,0.006508640504403044,0.00356026642830092,13.771934551672508,2.0000000000000426,4.000000000000085,4.000000000000085,2.0000000000000426,2.0000000000000426,4.000000000000085,stand
D102_1585,1,2.64684946013069,-9.557063985962047,1.5800229876424197,-0.0026333198526754835,-0.01072839214809036,0.012740306881789308,0.021076279759527996,0.029845426864944423,0.017706103855135793,0.004615093291207148,0.005099225821737841,0.0051606446205999185,13.783936433735159,2.0000000000000426,2.0000000000000426,2.0000000000000426,2.0000000000000426,4.000000000000085,2.0000000000000426,stand
D102_1585,2,2.6454674847240445,-9.565657175858856,1.6100810489721413,-0.007866440280318687,-0.0007173160107459477,0.020592390135045255,0.025654686718719955,0.023496013752446122,0.032864283653247735,0.003347991571794647,0.015304967586225541,0.012745684341288442,13.82120570955504,2.0000000000000426,2.0000000000000426,2.0000000000000426,2.0000000000000426,2.0000000000000426,2.0000000000000426,stand
D103_1585,0,2.486470738901938,-9.60809308827806,1.5607534694623115,-0.00202317311138132,0.02664279286052201,0.01681702718537136,0.009408907418317071,0.019084492963195303,0.016999080073856088,0.00824099930937511,0.008277078292018882,0.005305840680972254,13.65531729664231,2.0000000000000426,2.0000000000000426,2.0000000000000426,2.0000000000000426,4.000000000000085,2.0000000000000426,stand
D103_1585,1,2.452596718584901,-9.59882608950992,1.5575514301081836,-0.008019899959730507,0.021380354542727936,0.019012467403770973,0.0359568393673218,0.019541178830740885,0.018773152549326304,0.007962858406443488,0.011623216518334922,0.005641959435092764,13.608974238203004,2.0000000000000426,4.000000000000085,2.0000000000000426,2.0000000000000426,2.0000000000000426,4.000000000000085,stand
D103_1585,2,2.4338145683030623,-9.607635453787628,1.5536751198406202,-0.01462913278544648,0.0072666881293984974,0.02529323868591687,0.028597524750900875,0.015778062906014502,0.021050411876842947,0.004997794783905095,0.012204424111697617,0.004389631756135454,13.595125141931307,4.000000000000085,4.000000000000085,2.0000000000000426,2.0000000000000426,2.0000000000000426,2.0000000000000426,stand
D111_1585,0,2.567052097618967,-9.561361898636239,1.7641950438541034,-0.003957209931601008,0.0022820940199716074,0.01447943750649564,0.016317134205915833,0.026193355402588832,0.014526231610327626,0.003674671135582121,0.007271064246939208,0.005597324866215795,13.89260904010931,4.000000000000085,2.0000000000000426,2.0000000000000426,4.000000000000085,4.000000000000085,2.0000000000000426,stand
D111_1585,1,2.5585215764090283,-9.553480208283382,1.7829038061990568,0.00041343526017880176,0.0033815474868534186,0.015171013435055242,0.017605498328017128,0.02112354047204625,0.012753777564569458,0.006904105135330273,0.007239062629837906,0.006415424905111299,13.894905590891465,4.000000000000085,2.0000000000000426,2.0000000000000426,4.000000000000085,4.000000000000085,2.0000000000000426,stand
D111_1585,2,2.5558941591369653,-9.543303389288026,1.7700324151582225,-0.0009246768818699503,0.0064555499500553275,0.02286289292478392,0.020238829183388284,0.018762659258934743,0.025294009783010118,0.009642520227812265,0.005652127812589123,0.0067217323084232195,13.869229963583212,4.000000000000085,2.0000000000000426,2.0000000000000426,2.0000000000000426,4.000000000000085,2.0000000000000426,stand
D112_1585,0,2.5382192616350134,-9.543922326049085,1.811372587079379,-0.004003541069524303,-0.004249464672174879,0.022800158059042543,0.015796079697788654,0.0266265910059044,0.0373393338507997,0.008676913749468843,0.004603976609053227,0.004503302748071097,13.893514174763476,2.0000000000000426,4.000000000000085,2.0000000000000426,2.0000000000000426,4.000000000000085,4.000000000000085,stand
D112_1585,1,2.5419483372627,-9.53970503827411,1.825616777064344,-0.0025111001487931064,-0.008615343417682254,0.02286410436016592,0.01627843398859895,0.028973168012656588,0.023658618398825767,0.005730960707692711,0.005673168801072263,0.004308682078017346,13.907270152601152,2.0000000000000426,2.0000000000000426,2.0000000000000426,2.0000000000000426,6.000000000000128,2.0000000000000426,stand
D112_1585,2,2.545519331415327,-9.534292271061952,1.8087811502441307,-0.0011453297005534122,-0.013816667166937406,0.019625766942262403,0.013585537572599376,0.020261465009666354,0.018510434011200103,0.007128526477953867,0.011608473667060743,0.007344907730401527,13.888592752721406,4.000000000000085,4.000000000000085,4.000000000000085,4.000000000000085,2.0000000000000426,2.0000000000000426,stand
D113_1585,0,2.8067637593523376,-9.465790351149547,1.7638273741569066,-0.0063837540337583,-0.0038453181580032927,0.026893330165250365,0.0357879590343312,0.012503902217149629,0.020094022892217747,0.005257475852150518,0.006734483412758165,0.005043543600462799,14.036381484658792,2.0000000000000426,4.000000000000085,4.000000000000085,4.000000000000085,2.0000000000000426,2.0000000000000426,stand
D113_1585,1,2.784181533746832,-9.471743356254509,1.7683415104654208,-0.007149339294182311,-0.005519827730214449,0.023180532952423012,0.01787166567951016,0.012987886180384961,0.02348279299308067,0.0024585899846278894,0.005222073608696356,0.0040175400072727475,14.024266400466763,4.000000000000085,2.0000000000000426,4.000000000000085,4.000000000000085,4.000000000000085,2.0000000000000426,stand
D113_1585,2,2.8032681676407565,-9.486807204349532,1.7596024462405393,-0.004735346349218306,-0.005275446147349559,0.01952641433515145,0.02482337416278693,0.022298465270023195,0.02982642284697466,0.003960727593119886,0.0054210212586226405,0.00437043272656349,14.049677818230828,4.000000000000085,2.0000000000000426,4.000000000000085,2.0000000000000426,4.000000000000085,2.0000000000000426,stand
E001_1585,0,3.729040121323813,-9.301021366369717,0.7914578420494442,0.014959439995348649,0.028855934618995348,0.010591417182089134,0.037846288512169646,0.01634030369415945,0.0625513263248961,0.01276951269440046,0.020743018430531876,0.009210527348933913,13.821519329742973,2.0000000000000426,4.000000000000085,2.0000000000000426,2.0000000000000426,2.0000000000000426,2.0000000000000426,stand
E001_1585,1,3.704119699797746,-9.31267447806216,0.8404209299914998,0.011661805731696857,0.038470688896602295,0.011748062214345777,0.04727500001386582,0.013758968730159877,0.025887844363390367,0.006624550775040605,0.008098836708815773,0.010603400249389945,13.857215107851408,2.0000000000000426,2.0000000000000426,2.0000000000000426,2.0000000000000426,2.0000000000000426,2.0000000000000426,stand
E001_1585,2,3.6814344864919484,-9.30470355771928,0.836120620791135,0.012245219881511497,0.020481028135257363,0.017155990325627826,0.0197765169664083,0.02584281224682051,0.01821830799726212,0.004465604663056097,0.01606572408245249,0.008957997686677568,13.822258665002364,2.0000000000000426,2.0000000000000426,4.000000000000085,4.000000000000085,2.0000000000000426,2.0000000000000426,stand
E003_1585,0,4.059677275402013,-9.59316717424117,0.32581229686603375,0.0033216596631195517,0.1083020827318894,0.21646673474517822,0.32387767521680944,0.9182590724526191,0.17593387720546866,0.1504043886598933,0.18126074259205008,0.15512822033861523,13.978656746509216,2.0000000000000426,2.0000000000000426,2.0000000000000426,2.0000000000000426,2.0000000000000426,2.0000000000000426,stand
E003_1585,1,3.3929995705780827,-9.851915881642766,0.6372204480100963,0.25837693825456104,-0.22370563502782215,0.09256356620683004,0.588972005040285,1.1921617235262236,0.3936412953413733,0.2243119296252047,0.287731140299215,0.3432248305761828,13.882135900230946,2.0000000000000426,2.0000000000000426,2.0000000000000426,2.0000000000000426,2.0000000000000426,2.0000000000000426,stand
E003_1585,2,2.836880061052126,-9.018000637211157,1.1081480490996634,0.2780933149813943,-0.43666080576292393,-0.13040831526707136,0.5304548237279524,1.386278175854293,0.5537570386275769,0.22638760561878424,0.13384956086213862,0.32187722920911455,12.963028747362946,2.0000000000000426,4.000000000000085,4.000000000000085,2.0000000000000426,4.000000000000085,2.0000000000000426,stand
E011_1585,0,3.8789727041073605,-9.256886687145355,0.7128381390239152,0.04384341806778281,-0.0011564519988897781,0.0225301307210228,0.13237687430173992,0.07639991083987087,0.1326449577963428,0.055519411513510954,0.07430148000809353,0.033911498651817404,13.84869753027663,4.000000000000085,4.000000000000085,2.0000000000000426,2.0000000000000426,6.000000000000128,4.000000000000085,stand
E011_1585,1,3.857342354524507,-9.225951743825949,0.9090589344986745,0.062485797931822074,0.08886661975855516,-0.004074230481145872,0.18184174356354127,0.13504506963106835,0.2565033944145383,0.04981176010443441,0.13973241143811355,0.06313045387239842,13.992353032849133,4.000000000000085,4.000000000000085,2.0000000000000426,2.0000000000000426,2.0000000000000426,2.0000000000000426,stand
E011_1585,2,3.855823849660386,-9.191087078178352,1.0593587851918196,-0.007644809381018544,0.004158417965926588,4.494884907207064e-05,0.20157682868459134,0.1306450789453105,0.21267655529874932,0.08217892382247731,0.24636562817265067,0.06258322292423411,14.10626971303056,4.000000000000085,4.000000000000085,4.000000000000085,2.0000000000000426,2.0000000000000426,2.0000000000000426,stand
E012_1585,0,3.1359304139075004,-9.069145459374663,3.0929322723073365,0.019943286257129447,0.01057162600095625,0.006148109104013561,0.02637006240721968,0.022479445746286294,0.0373576270534237,0.009483985920354503,0.002441701440938484,0.0027357676636663108,15.298008145589499,2.0000000000000426,2.0000000000000426,2.0000000000000426,2.0000000000000426,2.0000000000000426,2.0000000000000426,stand
E012_1585,1,3.122571207019361,-9.081823957934759,3.109084814499779,0.012712131809382353,0.012729736857337312,0.011854968145014973,0.03541351903920169,0.02506880193811428,0.03188663900539044,0.005254374253224049,0.002845596532081879,0.008392767884380354,15.3134799794539,2.0000000000000426,4.000000000000085,4.000000000000085,4.000000000000085,6.000000000000128,2.0000000000000426,stand
E012_1585,2,3.0159588883359634,-9.05986852145767,3.142634434909308,0.0012872676734384785,-0.029842637297952307,0.019297800131684792,0.10132070139779195,0.14308670621528163,0.10643458688318788,0.023251486297705546,0.061156332273795216,0.009912186754525912,15.218461844702942,2.0000000000000426,4.000000000000085,4.000000000000085,2.0000000000000426,2.0000000000000426,4.000000000000085,stand
E101_1585,0,3.640155125726574,-9.352029882798691,0.5648299002886477,0.0052974622454327915,0.00840533941925635,0.007787179885655562,0.0630643804706085,0.04863527059027192,0.047039349552681735,0.013616990227531958,0.00864097340741437,0.02501044651104178,13.55701490881391,2.0000000000000426,2.0000000000000426,2.0000000000000426,2.0000000000000426,4.000000000000085,2.0000000000000426,stand
E101_1585,1,3.685415545354608,-9.333941900545819,0.549491987652875,0.007233896315143739,0.013963579889799621,0.01193592280390964,0.03130736472203185,0.04202067608783913,0.04025546566551961,0.011020558949006692,0.006468932971236163,0.014946360067472677,13.568849433553305,4.000000000000085,4.000000000000085,2.0000000000000426,2.0000000000000426,4.000000000000085,2.0000000000000426,stand
E101_1585,2,3.6560974678369127,-9.325644747955058,0.5341105427939866,0.004044392466539734,0.010190606183304108,-0.0001138854938387332,0.05847688781674864,0.023930694976360804,0.05036978745193392,0.010128439149546585,0.00863752175227025,0.015512124445614357,13.515852758585954,2.0000000000000426,4.000000000000085,2.0000000000000426,2.0000000000000426,2.0000000000000426,2.0000000000000426,stand
E103_1585,0,3.6920675314933926,-9.34015783244468,0.6072719924726612,-0.004632919910782899,-0.013431780065952817,0.0042581024819392434,0.1540405387777338,0.09525576558827817,0.19143913436120907,0.030190241132046988,0.11624009792995296,0.03479915656391425,13.639497356410732,2.0000000000000426,2.0000000000000426,2.0000000000000426,2.0000000000000426,2.0000000000000426,2.0000000000000426,stand
E103_1585,1,3.6733128751362276,-9.35046949287679,0.6234576319280881,0.011666911406927695,0.018234640812800365,0.02674861206746382,0.13847843863700626,0.09684053119734926,0.1204075822120312,0.049259871021063266,0.09031933574073644,0.02824524269556478,13.647239999941107,4.000000000000085,4.000000000000085,4.000000000000085,2.0000000000000426,4.000000000000085,4.000000000000085,stand
E103_1585,2,3.68998142284464,-9.327285844880045,0.6627662086314229,0.017853057744406497,0.021909552997903366,0.014938481140787269,0.07728715851421507,0.0758947927897419,0.12803502845566334,0.043132939539676035,0.04720263124357338,0.023933282036783025,13.680033476356112,2.0000000000000426,4.000000000000085,2.0000000000000426,2.0000000000000426,2.0000000000000426,2.0000000000000426,stand
E111_1585,0,3.9073405298333146,-9.225919056022788,0.9618513404173216,0.003626931354665477,0.023974741055723444,0.017822839728224547,0.037087426535257026,0.024377009665994504,0.02935835835964602,0.014357484408703176,0.010163509859864568,0.006680898464863871,14.095110926273424,4.000000000000085,4.000000000000085,4.000000000000085,2.0000000000000426,2.0000000000000426,4.000000000000085,stand
E111_1585,1,3.9320730965569197,-9.20758564601657,0.937865463604325,0.011821142810664391,0.014771406318458523,0.020758597187407496,0.043794208877682525,0.03437639926553146,0.06172842867446012,0.014139175294829043,0.015634191888215562,0.008093991498291342,14.077524206177818,2.0000000000000426,2.0000000000000426,2.0000000000000426,2.0000000000000426,2.0000000000000426,4.000000000000085,stand
E111_1585,2,3.935902958728085,-9.18606692206978,0.962849428266125,0.014152151284513203,-0.004085952898193769,0.020279176329069778,0.050243144221565235,0.031470974912485405,0.08307373398529876,0.011896726215346713,0.010514752398522342,0.009306547337179666,14.084819309063992,4.000000000000085,4.000000000000085,2.0000000000000426,2.0000000000000426,2.0000000000000426,2.0000000000000426,stand
E112_1585,0,3.6052715086616973,-9.141320236073401,0.7559274060355652,-0.05430224540945882,-0.07390721090047359,0.04154281577966271,0.09638873516158643,0.21872802294126206,0.318728182138279,0.08850707108839458,0.18434791652281848,0.08956699063969334,13.502519150770665,6.000000000000128,6.000000000000128,4.000000000000085,4.000000000000085,2.0000000000000426,4.000000000000085,stand
E112_1585,1,5.0400250453209745,-9.108104941796064,0.8576517151295653,-0.16576845964903422,0.0280770208878167,-0.1471007321947203,1.6703472818720124,0.38012446031690467,0.6363439754540299,0.12825538931229521,0.4226052073324796,0.48657816195717385,15.007845248476956,2.0000000000000426,4.000000000000085,2.0000000000000426,2.0000000000000426,2.0000000000000426,2.0000000000000426,stand
E112_1585,2,5.875304499724618,-8.139474162205417,0.4715190749012123,-0.2366761132305204,0.4424080906631786,-0.44179286130160783,1.2274295569727822,1.0492568786363947,0.7475403502325606,0.06044409124756061,0.4351601373156211,0.6150215738121522,14.51128187991996,2.0000000000000426,2.0000000000000426,2.0000000000000426,2.0000000000000426,4.000000000000085,2.0000000000000426,stand
E113_1585,0,3.891508387068003,-9.1993080678664,0.9237383316003073,0.008270956660556293,0.005399286454953813,0.009031300055118685,0.03877667265894718,0.04719809195702883,0.028218729793099483,0.01329204258864409,0.008569094930693626,0.02662307651042501,14.01455478653471,2.0000000000000426,4.000000000000085,4.000000000000085,4.000000000000085,2.0000000000000426,2.0000000000000426,stand
E113_1585,1,3.908566591780196,-9.2086201562803,0.930780921983774,0.006496741602664935,-0.0006656935773586419,0.0037048084372663654,0.04610728087796269,0.05060430806901435,0.021463743520128826,0.012917234206165043,0.010780250048410133,0.02195779730137452,14.04796767004427,2.0000000000000426,4.000000000000085,6.000000000000128,2.0000000000000426,2.0000000000000426,2.0000000000000426,stand
E113_1585,2,3.920290419510055,-9.226523490143636,0.947655355086412,0.00849450873344999,-0.0024920830802459947,0.010126581305904629,0.04057067168499636,0.029573687179359303,0.04510421943429341,0.00994578628021354,0.013469784666024312,0.012894575778475836,14.094469264740104,2.0000000000000426,4.000000000000085,2.0000000000000426,4.000000000000085,4.000000000000085,2.0000000000000426,stand
F001_1585,0,2.1418459609717404,-9.639733817546162,1.7687034339583168,-0.016803797976589575,0.01165750206095026,0.023667716073385775,0.028194568461405677,0.035314294894152276,0.03512028832714544,0.008258058411163819,0.006798745015289507,0.007076916990688247,13.550283212476222,2.0000000000000426,4.000000000000085,2.0000000000000426,2.0000000000000426,2.0000000000000426,2.0000000000000426,stand
F001_1585,1,2.1437949324352217,-9.644903652910308,1.7681244254512125,-0.017628234973887,0.009874840923991665,0.029294621046938314,0.024847567707400816,0.009915026432534,0.0314469944557178,0.00642207831084163,0.004855457908464098,0.004897137217489239,13.556823010796741,2.0000000000000426,4.000000000000085,2.0000000000000426,2.0000000000000426,2.0000000000000426,2.0000000000000426,stand
F001_1585,2,2.138969921176311,-9.6467280157563,1.7890351033898637,-0.01826518418493643,0.013710989022619892,0.027304346989852957,0.027088413148581604,0.020899455796525867,0.005895269268327238,0.004614857564193069,0.005725908558928392,0.004353822568972917,13.574733040322476,2.0000000000000426,6.000000000000128,4.000000000000085,2.0000000000000426,2.0000000000000426,2.0000000000000426,stand
F002_1585,0,2.1517207218903023,-9.66510866403339,1.6670241209315666,0.0036999943271913568,-0.010461833377260126,0.007945275168154145,0.04038024414791515,0.032305601679172,0.06342478763233168,0.019444066164377518,0.019918534666428133,0.01671928600175343,13.483853506855255,2.0000000000000426,4.000000000000085,4.000000000000085,2.0000000000000426,2.0000000000000426,2.0000000000000426,stand
F002_1585,1,2.172450319317088,-9.655033928748333,1.6979847404221555,-0.010949913530348084,0.002259562195288244,0.022871965436809683,0.046032336437807686,0.04463053228943815,0.05482445424803567,0.014397079183906397,0.021955053750230442,0.01382394598269441,13.525468988487576,4.000000000000085,4.000000000000085,4.000000000000085,4.000000000000085,2.0000000000000426,2.0000000000000426,stand
F002_1585,2,2.1746020712942897,-9.656937715874896,1.6935354109328642,-0.011083543249403445,0.00913425040533676,0.020554406300502415,0.04892135285717643,0.03944592414681835,0.04656758056055932,0.00930872254566486,0.01304168176399933,0.012985853588292656,13.525075198102051,4.000000000000085,4.000000000000085,2.0000000000000426,2.0000000000000426,4.000000000000085,4.000000000000085,stand
F003_1585,0,2.24370415112271,-9.675477495797017,1.5671799731794018,-0.02935111075148468,0.007976753852357868,0.016756013006105644,0.18392968704623533,0.07616629551041995,0.13262099021034504,0.04261533221615357,0.04541457341934152,0.039582186187258436,13.48636162009913,2.0000000000000426,2.0000000000000426,2.0000000000000426,2.0000000000000426,2.0000000000000426,2.0000000000000426,stand
F003_1585,1,2.176293889999885,-9.682142487930475,1.5789320667410258,0.0015854962501776356,-0.021492366535863523,0.035211435022071316,0.1049911334552062,0.05208904687494552,0.09535180191616295,0.019328278033261717,0.03496563126047148,0.018815433775311752,13.437368444671387,2.0000000000000426,4.000000000000085,2.0000000000000426,2.0000000000000426,2.0000000000000426,2.0000000000000426,stand
F003_1585,2,2.2620248961377696,-9.649144934112815,1.6140464023064063,-0.0003474729103406085,-0.02268199909745846,0.03102998184051304,0.03865313587871132,0.037294909514409,0.043809463429095724,0.013404135729920963,0.023304905889155892,0.011295501153683569,13.52521623255699,4.000000000000085,2.0000000000000426,2.0000000000000426,2.0000000000000426,2.0000000000000426,4.000000000000085,stand
F011_1585,0,2.046652669391159,-9.539852499099066,2.4142302395042994,-0.010358460334070112,-0.008674689131894842,0.02423506662928331,0.027939522504155413,0.02403541777851648,0.04497862315100515,0.010838163717329156,0.0038166671055539243,0.004181293485038363,14.000735407994526,6.000000000000128,4.000000000000085,2.0000000000000426,2.0000000000000426,2.0000000000000426,4.000000000000085,stand
F011_1585,1,2.0545016386830715,-9.536746565835273,2.3990938841587583,-0.01821957290038516,0.004009686741310219,0.020138179556923583,0.031221735635683357,0.021965968138894912,0.04444714290444071,0.01238204180281655,0.016741820606800472,0.005459739122002694,13.990342088677101,2.0000000000000426,2.0000000000000426,2.0000000000000426,2.0000000000000426,2.0000000000000426,2.0000000000000426,stand
F011_1585,2,2.0360463901788304,-9.526487782131063,2.3690509917157767,-0.019051414604716807,0.0030442786875457704,0.01996938753647699,0.042931984865397795,0.022319097230178712,0.03669427869683329,0.009827537922534877,0.018222615415958408,0.00570080571606937,13.931585164025671,2.0000000000000426,2.0000000000000426,4.000000000000085,2.0000000000000426,2.0000000000000426,2.0000000000000426,stand
F012_1585,0,2.101760046091745,-9.533734901335702,2.2995056136240963,-0.0028127497058778295,0.003416057061113372,0.016320279446312258,0.051039144365205,0.015952351898706547,0.0645834461073902,0.008450397471394495,0.00662279492018964,0.005978599556523444,13.935000561051543,2.0000000000000426,6.000000000000128,2.0000000000000426,2.0000000000000426,4.000000000000085,4.000000000000085,stand
F012_1585,1,2.1219605874231697,-9.53809226071219,2.324286695317734,-0.0052804950259984045,-0.011125591648790196,0.025044890234732987,0.06473316053199735,0.015212979403465976,0.0568368875674759,0.009115640683688333,0.017299461002283856,0.011238811043069143,13.984339543453098,2.0000000000000426,4.000000000000085,2.0000000000000426,2.0000000000000426,2.0000000000000426,2.0000000000000426,stand
F012_1585,2,2.1067983355481497,-9.535226874957607,2.3138404788290243,-0.005319048674140283,-0.027614875299503443,0.03093244573415916,0.06708942489019454,0.01943914853585101,0.04118754487068884,0.009735369799240981,0.007438904057662901,0.00729678256069124,13.95586568933478,2.0000000000000426,4.000000000000085,2.0000000000000426,2.0000000000000426,4.000000000000085,2.0000000000000426,stand
F013_1585,0,1.9914633006701064,-9.575242460711586,2.3055644322801974,-0.012312122917338195,0.008349926083645088,0.016312397869402025,0.03214110356067686,0.016598893179270192,0.04052491540300773,0.0059594076133733485,0.010609262741622189,0.004106324710307229,13.872270193661894,2.0000000000000426,2.0000000000000426,2.0000000000000426,2.0000000000000426,2.0000000000000426,2.0000000000000426,stand
F013_1585,1,1.9736545086069077,-9.586052387609222,2.2762024849803693,0.00013769952645708517,-0.0021289687397787237,0.01951348759690399,0.01827102600781713,0.013341355423214843,0.016161660116831553,0.008803007352373533,0.0166580950898846,0.004377469940679266,13.835909381196497,2.0000000000000426,4.000000000000085,2.0000000000000426,2.0000000000000426,2.0000000000000426,2.0000000000000426,stand
F013_1585,2,1.9673520880707573,-9.576689793372083,2.3092064577406988,0.005517541194155789,-0.013717052035037383,0.03171617116504641,0.056462355743513465,0.02371802301149853,0.03617515742840261,0.01843989324749574,0.010879579725991151,0.013337656685421652,13.85324833918354,4.000000000000085,4.000000000000085,2.0000000000000426,2.0000000000000426,4.000000000000085,2.0000000000000426,stand
F101_1585,0,2.073912952065959,-9.602618998202763,2.0037183709211854,-0.01951028276198098,-0.012592492559018039,0.0265150565018299,0.04216419853085739,0.03003990677756876,0.03504989439908529,0.007614711340803499,0.007419046048454952,0.013697358489503073,13.680250321189908,2.0000000000000426,4.000000000000085,2.0000000000000426,2.0000000000000426,2.0000000000000426,2.0000000000000426,stand
F101_1585,1,2.070395294277612,-9.61759885287171,1.9781291441269864,-0.018681671225288566,-0.013251154796910167,0.03259236162218069,0.03538218686882808,0.01807565168415509,0.0463257419747248,0.00901785281441382,0.006937316932537165,0.009621524430187026,13.666123291276309,2.0000000000000426,4.000000000000085,2.0000000000000426,2.0000000000000426,2.0000000000000426,2.0000000000000426,stand
F101_1585,2,2.0649439173886344,-9.635369508104713,1.9595790256176162,-0.015251501800504426,-0.008225370315948902,0.026355136279729675,0.032411932653595966,0.02424920246238775,0.04475122735200858,0.00647558865186892,0.0071969658068851425,0.007231512205533853,13.659892451110961,2.0000000000000426,2.0000000000000426,4.000000000000085,2.0000000000000426,4.000000000000085,2.0000000000000426,stand
F111_1585,0,2.3721515163294926,-9.628118801885558,1.4648079352213839,-0.018843042490127353,0.0013895535616927543,0.025662223639759212,0.030844932506948017,0.018115692418569723,0.019250196558680124,0.0030584850398589257,0.006766558246107927,0.004879220550893782,13.465078253436435,2.0000000000000426,4.000000000000085,2.0000000000000426,2.0000000000000426,2.0000000000000426,2.0000000000000426,stand
F111_1585,1,2.3896531168983572,-9.641755198648614,1.4505843944085481,-0.015875878710002532,-0.0043124741594699175,0.02303043395811053,0.021457001681990533,0.01454444914590963,0.013334268794292956,0.005302086706956845,0.002780035583044919,0.006352856385526752,13.481992709955517,4.000000000000085,2.0000000000000426,2.0000000000000426,2.0000000000000426,4.000000000000085,2.0000000000000426,stand
F111_1585,2,2.4037191224311347,-9.703095475536806,1.5345049877249826,-0.01336334390319753,-0.03713564810271551,0.03858956178832057,0.03934654669251267,0.2673093819119957,0.17415964648477222,0.01829671322418021,0.0716412684302178,0.031247152722695605,13.64131958569292,4.000000000000085,4.000000000000085,2.0000000000000426,4.000000000000085,2.0000000000000426,2.0000000000000426,stand
F112_1585,0,2.3268306075431506,-9.585946810791615,1.8165292967574362,-0.01108912867901297,0.012818451238793317,0.019762141489479367,0.023278274586962525,0.018224775897782146,0.021852024235764055,0.004289005874663477,0.005146214175451105,0.0027275418307551045,13.729306715092202,2.0000000000000426,2.0000000000000426,2.0000000000000426,2.0000000000000426,4.000000000000085,4.000000000000085,stand
F112_1585,1,2.3375802700805437,-9.568321820778376,1.8164317418909732,-0.012118365101007443,0.006495882235542106,0.02409290066741342,0.04638367845522368,0.01197909926158491,0.01879745411932115,0.0034128592275020344,0.008715227359301043,0.006230527305305418,13.722333832749891,2.0000000000000426,2.0000000000000426,2.0000000000000426,4.000000000000085,2.0000000000000426,2.0000000000000426,stand
F112_1585,2,2.3286885736690532,-9.575333845524778,1.8266094573004452,-0.0105624561354132,-0.0029190388468953504,0.021691521182455886,0.057519179455925426,0.021813761577492964,0.0153670063334798,0.00612095357667738,0.003121369085025627,0.01033371342146323,13.730631876494273,2.0000000000000426,2.0000000000000426,2.0000000000000426,4.000000000000085,4.000000000000085,2.0000000000000426,stand
F113_1585,0,2.431061346138344,-9.606117298368536,1.5212561489575884,-0.008487203368749936,-0.022634409601384155,0.0315983923332983,0.019209425529717897,0.019835828435444874,0.030366800870538568,0.009032137098508253,0.017605468989593018,0.006479611404342235,13.558434793464471,2.0000000000000426,2.0000000000000426,2.0000000000000426,4.000000000000085,2.0000000000000426,2.0000000000000426,stand
F113_1585,1,2.4248409041110874,-9.608064115225353,1.5261697111554418,-0.019807719582255922,-0.003582745220776365,0.02543688813218393,0.01975993176158497,0.019368372446171473,0.02247154409935856,0.007329079301757187,0.007743789918333482,0.006924084432531495,13.559074730491885,4.000000000000085,2.0000000000000426,4.000000000000085,2.0000000000000426,2.0000000000000426,4.000000000000085,stand
F113_1585,2,2.4024107272260284,-9.627764132839946,1.4918921411670596,-0.02356079646406386,0.000224992064381574,0.02084804968024761,0.02248901318274982,0.020122640402231422,0.03320531578341519,0.0033572777079599646,0.00116014143738004,0.006939603195905316,13.522067001233033,2.0000000000000426,4.000000000000085,2.0000000000000426,2.0000000000000426,4.000000000000085,2.0000000000000426,stand
G001_1585,0,3.5651354588657687,8.592142861851324,2.6140335122698115,-0.00869093209309147,0.02635855986948857,0.00832858039059899,0.023600566420297533,0.03332118885430404,0.04049866929031793,0.007804688124667131,0.0038336435669365566,0.011427350574322216,14.771311832986903,4.000000000000085,2.0000000000000426,2.0000000000000426,2.0000000000000426,2.0000000000000426,2.0000000000000426,stand
G001_1585,1,3.541452606030686,8.571194550361662,2.6035643131432464,-0.004160737724569327,0.02142852204982988,0.02327553937066004,0.04792766461222353,0.026520833543591648,0.03126678524411267,0.010303216942360537,0.003419526118119483,0.013084786779259587,14.716211469535594,2.0000000000000426,4.000000000000085,2.0000000000000426,2.0000000000000426,2.0000000000000426,2.0000000000000426,stand
G001_1585,2,3.5071666116432034,8.576208433325622,2.607311332228662,0.0024627928985574447,0.010997304673322637,0.02356641109080526,0.032269543701167566,0.023810987360513115,0.027036072469454484,0.00403325926230769,0.009189707428491702,0.011156232518768619,14.690686377197485,2.0000000000000426,4.000000000000085,2.0000000000000426,2.0000000000000426,2.0000000000000426,2.0000000000000426,stand
G002_1585,0,3.5039485126417005,8.651132179609133,2.440511410981947,-0.008779402014828928,0.03463911861009683,0.00909668530264047,0.052450946406268635,0.022120395588827554,0.05210288650580931,0.012425113657349187,0.010797817610420757,0.0099326245682596,14.595592103232782,2.0000000000000426,2.0000000000000426,2.0000000000000426,2.0000000000000426,4.000000000000085,2.0000000000000426,stand
G002_1585,1,3.4595873796481844,8.649584487549387,2.4525645492631822,-0.008351421852176468,0.017828574864917016,0.016989853701952714,0.0185785080581019,0.021496847798462556,0.06080542270207678,0.00903978808685742,0.01351091004970082,0.004706981209961063,14.561736416460755,2.0000000000000426,2.0000000000000426,2.0000000000000426,2.0000000000000426,2.0000000000000426,2.0000000000000426,stand
G002_1585,2,3.460391760106808,8.642667262876897,2.467505244907707,-0.006506996734318418,0.0026408807977074326,0.017479903799074034,0.02294947582729423,0.0285924884728767,0.054030781873688954,0.006811827379988952,0.006682469705423353,0.003681285292807999,14.570564267891411,2.0000000000000426,4.000000000000085,2.0000000000000426,2.0000000000000426,4.000000000000085,4.000000000000085,stand
G003_1585,0,3.52254236018168,8.567945631118935,2.7360226614045087,-0.0037057425595464384,0.019186122235471316,0.017908800330165266,0.03624569607014162,0.02348363034768885,0.0400823156258431,0.012257235939443743,0.029951894478853627,0.014068423716147284,14.826510652705128,2.0000000000000426,4.000000000000085,2.0000000000000426,2.0000000000000426,2.0000000000000426,2.0000000000000426,stand
G003_1585,1,3.4817129195142376,8.59422823720011,2.7410458354155947,-0.004940506363636297,0.024806915794647142,0.0265958762858079,0.06260938826022279,0.02882322593871849,0.05214223999172764,0.02079071108352759,0.04685126324460993,0.008170094923184396,14.81698699212994,2.0000000000000426,2.0000000000000426,2.0000000000000426,2.0000000000000426,2.0000000000000426,2.0000000000000426,stand
G003_1585,2,3.4347846003960205,8.583149163071106,2.754191333534227,-0.015534859109471609,-0.001435183476906504,0.017637082074687397,0.021436626677554756,0.05483410908767882,0.04629596688355827,0.023838283299056344,0.053373898855607234,0.009033854617006816,14.772125097001355,4.000000000000085,4.000000000000085,2.0000000000000426,2.0000000000000426,2.0000000000000426,2.0000000000000426,stand
G012_1585,0,3.20114042901324,8.712540473365342,2.6213961056531603,0.0003845929794059101,0.00504459074920527,0.020243389456791685,0.023533766120277716,0.014219316840384313,0.06717058592165108,0.013340521412032983,0.007184754301477799,0.009516154865545514,14.535077008031742,4.000000000000085,2.0000000000000426,2.0000000000000426,2.0000000000000426,2.0000000000000426,2.0000000000000426,stand
G012_1585,1,3.198199136178265,8.728337555853445,2.5814583238091044,-0.006267591069443959,0.0025123716839745443,0.023957825559864095,0.016126779916466213,0.006869643975405088,0.038754627483932935,0.007088406303938849,0.005471367449561094,0.006968719235193252,14.507995015840812,4.000000000000085,2.0000000000000426,2.0000000000000426,2.0000000000000426,4.000000000000085,2.0000000000000426,stand
G012_1585,2,3.2014384625794943,8.734220433505236,2.5794971380263547,-0.0020929306036255495,-0.0014355508276340217,0.020486637144054236,0.01851605748735106,0.009442984514750927,0.01933932796856241,0.002696713851687091,0.004003260590616525,0.008055975358471214,14.51515603411108,2.0000000000000426,4.000000000000085,2.0000000000000426,4.000000000000085,4.000000000000085,2.0000000000000426,stand
G013_1585,0,3.058579772131141,8.816525427447473,2.452835559786263,-0.014095178863400339,0.014507600932370137,0.01026540539630958,0.04107203799665749,0.01652316825356406,0.0625606777694166,0.006902941363278817,0.00299158248618168,0.005901825783376281,14.32794075936488,2.0000000000000426,4.000000000000085,2.0000000000000426,2.0000000000000426,4.000000000000085,4.000000000000085,stand
G013_1585,1,3.039936494984113,8.8095032392317,2.466075658877993,-0.00853710007947784,0.006621209172492415,0.013935042607374848,0.02274727860848923,0.020091619513035255,0.05153575968480944,0.014177091523891785,0.008342190784292894,0.0045577051156224764,14.315515393093806,2.0000000000000426,4.000000000000085,2.0000000000000426,2.0000000000000426,2.0000000000000426,2.0000000000000426,stand
G013_1585,2,3.0697999690371076,8.787145115574564,2.490853438356261,0.022113554790864146,0.005906809113312781,0.007783839984950763,0.055846090039665286,0.03092352913122959,0.06507637590002746,0.026816241016983863,0.013577250197252073,0.011481788989373652,14.347798522967933,2.0000000000000426,2.0000000000000426,2.0000000000000426,2.0000000000000426,2.0000000000000426,2.0000000000000426,stand
G101_1585,0,3.0995600631474285,8.747910049638605,2.6783954346384355,-0.0011799792379395624,-0.004335093101838271,0.02779915618370749,0.012591071184996826,0.013926289026656508,0.024569904186006637,0.004387053017321465,0.004343098424164911,0.005029238842822207,14.525865547424468,4.000000000000085,4.000000000000085,2.0000000000000426,2.0000000000000426,2.0000000000000426,2.0000000000000426,stand
G101_1585,1,3.1240971051733277,8.744909293215226,2.667841759764168,-0.00399317165161459,-0.008703276339991076,0.026260769838138916,0.027564325248531037,0.012610171178109392,0.029049552611427717,0.0047156189593498075,0.004141082322087676,0.0063106722392523,14.53684815815272,2.0000000000000426,4.000000000000085,2.0000000000000426,2.0000000000000426,2.0000000000000426,2.0000000000000426,stand
G101_1585,2,3.151967510591331,8.741509732090407,2.647451758697609,-0.0029816185136912424,-0.007845134288978817,0.028676072893925174,0.013217549028564722,0.01943142269263696,0.011366654460661466,0.0059893838300999055,0.00467262658771068,0.006651094814505856,14.540929001379345,4.000000000000085,4.000000000000085,2.0000000000000426,2.0000000000000426,2.0000000000000426,2.0000000000000426,stand
G102_1585,0,3.3051445381551052,8.66448493182251,2.7118298712304263,-0.0017786108682810058,-0.012865956197905261,0.03142582611533512,0.01952252915857475,0.0262019589403102,0.020414558855987752,0.008975385468618783,0.006528355182311805,0.005674685597058356,14.681459341208042,4.000000000000085,4.000000000000085,2.0000000000000426,2.0000000000000426,2.0000000000000426,2.0000000000000426,stand
G102_1585,1,3.305205716452095,8.68156958662318,2.7089706938910463,0.00183727810326121,-0.0034226511948352335,0.027645048030925642,0.021589034123661633,0.017053257479076534,0.017424021785507008,0.007588843976911656,0.006604352896187744,0.007777702617958321,14.695745996966318,4.000000000000085,2.0000000000000426,2.0000000000000426,2.0000000000000426,2.0000000000000426,4.000000000000085,stand
G102_1585,2,3.341949220954998,8.665175370657098,2.681676492368144,-0.001142067033223742,0.004444429370813267,0.01975967250305912,0.04090638732799145,0.033351192612659626,0.03040060089945299,0.006149180775451365,0.007041183372714764,0.0054970730777356884,14.688801083980236,2.0000000000000426,2.0000000000000426,2.0000000000000426,2.0000000000000426,2.0000000000000426,2.0000000000000426,stand
G103_1585,0,3.319748244606453,8.731018581090904,2.481021393080388,-0.009524821578018318,-0.004100457505810919,0.01996695274111937,0.036176241721822384,0.016146450610356793,0.03448813685078379,0.0089962379100322,0.007453849712376344,0.012392687348172799,14.531788218777747,2.0000000000000426,4.000000000000085,2.0000000000000426,2.0000000000000426,2.0000000000000426,2.0000000000000426,stand
G103_1585,1,3.348513501257705,8.72992265310487,2.507189427447005,-0.008562231365788426,0.010101477078442327,0.017332701117012506,0.0491184872914965,0.015330298367534087,0.03302558395180216,0.008794781106568146,0.010511398363221522,0.010784581883771014,14.585625581809579,2.0000000000000426,2.0000000000000426,2.0000000000000426,2.0000000000000426,2.0000000000000426,2.0000000000000426,stand
G103_1585,2,3.3249504481190435,8.716365110527247,2.515840289348498,-0.013252027343678021,0.017874813016615466,0.01935066601876846,0.06283067533034631,0.024065365392440703,0.016719994607869472,0.005124022462637391,0.005609741245551832,0.011644071501205906,14.557155847994789,2.0000000000000426,2.0000000000000426,2.0000000000000426,2.0000000000000426,2.0000000000000426,2.0000000000000426,stand
G111_1585,0,2.5731792252269408,8.901670605123808,1.7897785229927536,-0.43234349501208613,0.046221759176799736,0.2520345584896271,0.5052721392784175,2.639321136032716,0.8344105969909212,0.2680749308265403,0.45263576415266826,0.6593376674645146,13.264628353343506,2.0000000000000426,2.0000000000000426,2.0000000000000426,2.0000000000000426,4.000000000000085,2.0000000000000426,stand
G111_1585,1,2.5038892655189016,8.754040615632174,2.3817164947226903,-0.07588425021925445,-0.16684902467860965,-0.2938364075396097,0.5153181315948597,2.276430079419085,1.086256698374594,0.3536820143060752,0.6654458061192211,0.4097690077502542,13.639646375873767,2.0000000000000426,2.0000000000000426,2.0000000000000426,2.0000000000000426,4.000000000000085,2.0000000000000426,stand
G111_1585,2,3.089281705547082,7.8340120434778076,3.0928606808597827,0.1712095050816817,-0.4267603552200789,-0.3074952721381791,0.819045917599538,2.033397896937254,0.4344985848316602,0.2536816110005862,0.8907632202135999,0.24772033904803306,14.016154429884672,2.0000000000000426,2.0000000000000426,2.0000000000000426,2.0000000000000426,2.0000000000000426,2.0000000000000426,stand
G112_1585,0,3.726591557787807,8.541015711373284,2.5223265942528177,-0.007149309395359783,-0.00672080244117002,0.01587348871954783,0.027809735167403375,0.013879615338463672,0.019779366479250972,0.0032924360863789033,0.007386328362195666,0.011770801713273691,14.789933863413907,2.0000000000000426,2.0000000000000426,2.0000000000000426,2.0000000000000426,4.000000000000085,2.0000000000000426,stand
G112_1585,1,3.717326631810488,8.553680540565235,2.5131913943525217,-0.003368788340939687,-0.0005866718064981732,0.02374264830538061,0.032179367972425967,0.018848893003359596,0.020785073515487123,0.00543283161426017,0.0035497085665391255,0.006870175774664373,14.784198566728241,2.0000000000000426,4.000000000000085,2.0000000000000426,2.0000000000000426,2.0000000000000426,2.0000000000000426,stand
G112_1585,2,3.7075447863741755,8.572791437037408,2.515250076182184,0.002210293280823761,0.00454482020168072,0.01730008568622587,0.026144288279684305,0.02819892026657101,0.02440529671958679,0.006284454738126681,0.004814688451197924,0.008161788092835267,14.795586299593767,4.000000000000085,2.0000000000000426,4.000000000000085,2.0000000000000426,2.0000000000000426,4.000000000000085,stand
G113_1585,0,3.368621137096315,8.704285783695598,2.4218955985217434,-0.010706673473211175,0.010703371503224167,0.02199942094490209,0.03482077121602647,0.024725797792406256,0.03541144699789622,0.005039080176309848,0.006000923651537869,0.007719215595155889,14.494802519313655,2.0000000000000426,4.000000000000085,2.0000000000000426,2.0000000000000426,2.0000000000000426,2.0000000000000426,stand
G113_1585,1,3.3571647407648317,8.705615626477105,2.4188156768631663,-0.0030107376039839344,9.158994127536048e-05,0.014158092830366883,0.013309682825553962,0.01711555188105668,0.044347836066072,0.012083392006584348,0.010591710195080078,0.003306549144259912,14.481596044105107,2.0000000000000426,2.0000000000000426,2.0000000000000426,2.0000000000000426,2.0000000000000426,2.0000000000000426,stand
G113_1585,2,3.380228852644942,8.69402469659061,2.4290291658707632,0.0026935476727098433,-0.006096463957160094,0.010889309497932742,0.015863003856479877,0.03493230965800201,0.036859724267360436,0.006740475959031873,0.005737403663792738,0.0037341191321871767,14.503282715106316,2.0000000000000426,2.0000000000000426,2.0000000000000426,2.0000000000000426,2.0000000000000426,2.0000000000000426,stand
H001_1585,0,1.4264656647926295,-9.523521265376305,2.881945017964329,-0.0006583396240332065,0.01020555888761438,0.017972135684138527,0.03514050093422726,0.029467753118943465,0.025506147972584745,0.006896051794082045,0.0079860609248728,0.008303742310631232,13.831931948133265,2.0000000000000426,2.0000000000000426,4.000000000000085,4.000000000000085,4.000000000000085,2.0000000000000426,stand
H001_1585,1,1.3819208660322915,-9.535152562715451,2.916376830600279,0.0022341968936703104,0.0064078647785239,0.01265183164782914,0.024666938624030903,0.024069697347796185,0.0412169364459346,0.00820976446156755,0.009682729096388315,0.003015109825627632,13.833450259348023,6.000000000000128,4.000000000000085,2.0000000000000426,4.000000000000085,4.000000000000085,4.000000000000085,stand
H001_1585,2,1.384987469363827,-9.50298205967392,2.950141213901277,0.0009450153744921735,0.007790237038587476,0.02423374330008031,0.04574660282879968,0.02967743978147329,0.03767792959280623,0.008287284023861025,0.00796759234150789,0.010639753786752358,13.838110742939024,2.0000000000000426,2.0000000000000426,4.000000000000085,2.0000000000000426,4.000000000000085,2.0000000000000426,stand
H002_1585,0,1.3352093329319537,-9.56491414064719,2.775731903543951,0.0017197946259811744,-0.004178245317490345,0.016814356573667887,0.020786893259914476,0.017853630423410705,0.013007350079379414,0.0023317344239060793,0.002712435734593895,0.0027381980250958233,13.675855377123096,4.000000000000085,6.000000000000128,2.0000000000000426,2.0000000000000426,6.000000000000128,2.0000000000000426,stand
H002_1585,1,1.343622407514434,-9.57520330425672,2.790799517606313,-0.0005374387369011669,-0.00012703125463130028,0.01783311879487416,0.01696974833631643,0.012706809971889159,0.03192885162188212,0.0032825410400692486,0.005062389514694275,0.0017227682384059785,13.70962522937747,2.0000000000000426,2.0000000000000426,2.0000000000000426,4.000000000000085,2.0000000000000426,2.0000000000000426,stand
H002_1585,2,1.3475968307411181,-9.598632976716477,2.8276309996051623,0.008065437309545532,0.0006060136287156504,0.020011430287382188,0.02917426556843211,0.09565083199151007,0.05376140309871156,0.011217192718950698,0.0065448655135836795,0.005114945756962643,13.77386080706276,2.0000000000000426,4.000000000000085,2.0000000000000426,2.0000000000000426,4.000000000000085,2.0000000000000426,stand
H003_1585,0,1.3559357625009452,-9.596734613100303,2.751808184278528,0.0027203168407519325,-0.0046350558154965174,0.023107487715532303,0.058930684915635,0.0331713053579382,0.06159659979723162,0.012675998406454378,0.009451499423636258,0.017008098396684504,13.704478559879776,2.0000000000000426,2.0000000000000426,2.0000000000000426,2.0000000000000426,2.0000000000000426,2.0000000000000426,stand
H003_1585,1,1.3360141280209716,-9.581672723700107,2.710923439762226,-0.0029674628443910043,0.0020620510431958424,0.019524662170739875,0.0831510013149591,0.018878448032132084,0.03252858880244969,0.013012126054414097,0.007084870809519568,0.021251499804671743,13.628610291483305,2.0000000000000426,2.0000000000000426,2.0000000000000426,2.0000000000000426,4.000000000000085,2.0000000000000426,stand
H003_1585,2,1.3379654176509632,-9.6035812154904,2.7291325307454857,-0.00857636680671957,0.0042338332772574394,0.01682354388738284,0.09152966134891623,0.027445690672175657,0.03920978178579552,0.010799561917009474,0.009680456335703263,0.02100395138554346,13.670679163886849,2.0000000000000426,2.0000000000000426,2.0000000000000426,2.0000000000000426,4.000000000000085,2.0000000000000426,stand
H011_1585,0,1.3055546195701169,-9.590655778593442,2.715029957746556,-0.003841514599842064,-0.009448408412885157,0.022771699001568724,0.0279652290460228,0.018680331750187767,0.023807298391821028,0.003552640193919078,0.0057999314269595184,0.01055727602786455,13.611240355910112,4.000000000000085,4.000000000000085,2.0000000000000426,2.0000000000000426,2.0000000000000426,2.0000000000000426,stand
H011_1585,1,1.2927721987491594,-9.594963965544952,2.7086113269039362,-0.0011964113083388255,-0.0022675629696842013,0.012266895647477858,0.019254419650163196,0.022431832257560312,0.025331097393046797,0.0019246377656524903,0.008728713384581248,0.0037729827974169075,13.596347491198049,4.000000000000085,4.000000000000085,4.000000000000085,4.000000000000085,2.0000000000000426,2.0000000000000426,stand
H011_1585,2,1.2598655330462025,-9.603063329034264,2.682527374612438,-0.004461515908196742,0.0033143987735175496,0.012366643637376735,0.026503619499353565,0.020533329330911385,0.029687115515380228,0.004867489719697864,0.0034950437806199005,0.006718950688229148,13.545456236692901,2.0000000000000426,4.000000000000085,2.0000000000000426,2.0000000000000426,4.000000000000085,2.0000000000000426,stand
H012_1585,0,1.3593693584549422,-9.584851400642211,2.7475939693377103,0.003110011112648808,0.0020013235984293783,0.018988983885414777,0.006663486338132412,0.0192708853890329,0.012138784022125645,0.004639240625700391,0.0037631616274127833,0.001873274171856046,13.691814728434863,2.0000000000000426,6.000000000000128,2.0000000000000426,2.0000000000000426,2.0000000000000426,2.0000000000000426,stand
H012_1585,1,1.3687305655874653,-9.584971180953568,2.7437851389700607,0.001105230237426563,-0.0028363237149280386,0.018376664058596327,0.013891707912842098,0.008451055559912215,0.01480504825025522,0.00602366665696529,0.003965340033956718,0.0015855522504577327,13.697486885511095,2.0000000000000426,6.000000000000128,2.0000000000000426,2.0000000000000426,2.0000000000000426,2.0000000000000426,stand
H012_1585,2,1.375905912015813,-9.583265320767474,2.7343222421162223,-0.00520609093248926,-0.00289601838166758,0.016182588641282806,0.015910463398208296,0.010219737605141955,0.01960209442359893,0.002198362452428882,0.0040012875425318945,0.004451180066052146,13.693493474899505,2.0000000000000426,6.000000000000128,4.000000000000085,4.000000000000085,4.000000000000085,2.0000000000000426,stand
H013_1585,0,1.2297947060449164,-9.528462175664574,2.9352255351754657,-0.0034872499158261406,-0.0012552830540643106,0.017726278512398132,0.03360184544273461,0.023733072477299437,0.016103216804089625,0.0047369092854852015,0.007722847882709142,0.007872981006295403,13.693482416884956,6.000000000000128,4.000000000000085,4.000000000000085,4.000000000000085,4.000000000000085,2.0000000000000426,stand
H013_1585,1,1.228712958737454,-9.552662809815548,2.9484339792347702,-0.0016284561878434644,-0.00010588658154326628,0.016977394531099043,0.048115130329152066,0.03130185530786996,0.017923395598119556,0.0020998579812960584,0.00465211546002133,0.008186297859178536,13.729809747787769,4.000000000000085,2.0000000000000426,2.0000000000000426,2.0000000000000426,4.000000000000085,2.0000000000000426,stand
H013_1585,2,1.2244853035636638,-9.551541908458669,2.9405065428130244,3.396701370983683e-05,-0.0013821562093955077,0.02073533510395091,0.05298391221380907,0.03093508440237058,0.037906917943270224,0.004463880271699309,0.005405900263389047,0.011646649778479456,13.716533754835357,2.0000000000000426,2.0000000000000426,2.0000000000000426,4.000000000000085,2.0000000000000426,2.0000000000000426,stand
H101_1585,0,1.3130256740544737,-9.5921517709973,2.7712437359024444,0.004635945562704034,0.008206122892690343,0.021424896910449312,0.032445990154869965,0.013861670538285908,0.030536769948158727,0.003642099299778777,0.002855026448495144,0.007947441191986246,13.676421180954215,2.0000000000000426,2.0000000000000426,2.0000000000000426,2.0000000000000426,6.000000000000128,2.0000000000000426,stand
H101_1585,1,1.2964383359060236,-9.581422569885545,2.7773044809366145,0.004035672332051745,0.008180084547817261,0.024604841759385886,0.019683664733980154,0.021413566019029773,0.020492149415685473,0.003144381552922698,0.0027346627950324614,0.008655419903382552,13.655165386728186,2.0000000000000426,2.0000000000000426,2.0000000000000426,2.0000000000000426,4.000000000000085,2.0000000000000426,stand
H101_1585,2,1.3062145484745817,-9.567725953905835,2.7921028274004054,0.007273675715906365,0.008466564097461448,0.018523034770474726,0.011645077125661483,0.020202236393867458,0.03699759084472333,0.003955028284366562,0.005634157928467222,0.010386201749553596,13.666043329780823,4.000000000000085,4.000000000000085,2.0000000000000426,2.0000000000000426,4.000000000000085,2.0000000000000426,stand
H102_1585,0,1.3438915439770016,-9.595419179063704,2.69978689512367,0.009264388296172446,-0.0028143678041554726,0.0133274844025966,0.018819384299258255,0.023354098173656065,0.02559662492485127,0.0024308974950989965,0.010571995192198742,0.0044420660689238264,13.639097618164378,2.0000000000000426,4.000000000000085,2.0000000000000426,4.000000000000085,4.000000000000085,2.0000000000000426,stand
H102_1585,1,1.3326081608745226,-9.593531834235431,2.7234797044895163,0.00887811724300014,0.0017352489264095162,0.013159231192583654,0.02878747659726537,0.01725997418199359,0.017050656875707608,0.00302416589800628,0.015370262152286115,0.004479980066168284,13.649619699599466,2.0000000000000426,2.0000000000000426,4.000000000000085,4.000000000000085,2.0000000000000426,2.0000000000000426,stand
H102_1585,2,1.3157008794112992,-9.576514777608564,2.748861787172528,0.007833559742087543,0.003523793778097296,0.021062194176079796,0.01553845534353068,0.023091520254800737,0.02640265051834396,0.004241146441107959,0.012670672264442483,0.00760434235935715,13.64107744419239,2.0000000000000426,4.000000000000085,2.0000000000000426,2.0000000000000426,2.0000000000000426,2.0000000000000426,stand
H111_1585,0,1.2602148205458468,-9.590001396750154,2.761194912967124,0.0005549001499878719,0.0024540535132505942,0.01915866518541299,0.044299937691683014,0.021561173986160816,0.0361624721511898,0.005643161935174953,0.002426202779928804,0.008171377332629355,13.611411130263125,2.0000000000000426,4.000000000000085,2.0000000000000426,2.0000000000000426,2.0000000000000426,2.0000000000000426,stand
H111_1585,1,1.2607838955747137,-9.58063769003308,2.7367621130063715,-0.007157549656538,0.006993191017917261,0.020086765152770986,0.04696429182967687,0.013451897497267606,0.05369601463930304,0.013017885816659617,0.0075486227014458975,0.008860737399410967,13.578183698614168,2.0000000000000426,4.000000000000085,2.0000000000000426,2.0000000000000426,2.0000000000000426,2.0000000000000426,stand
H111_1585,2,1.245347710433122,-9.58547894622025,2.773192185765168,5.205313825740187e-07,0.005199635737488403,0.020055494934033847,0.0338972299600354,0.017204105564912767,0.06957215378867086,0.0219794045118254,0.009015171080191692,0.0095100073906468,13.60401884241854,2.0000000000000426,4.000000000000085,2.0000000000000426,2.0000000000000426,2.0000000000000426,2.0000000000000426,stand
H112_1585,0,1.358095821347772,-9.577688261780434,2.723792045920594,-0.000715763588298213,-0.0047655551264420525,0.007589732158149388,0.02740347412072288,0.027429515285075062,0.024048267627481697,0.002935414649669639,0.003982183216199627,0.006312153215306531,13.659576129048798,4.000000000000085,4.000000000000085,4.000000000000085,4.000000000000085,4.000000000000085,4.000000000000085,stand
H112_1585,1,1.3551401886747922,-9.594217825116061,2.7126312516275233,-0.003250706276134912,-0.004637391646174152,0.013776454759974221,0.017669400618565756,0.021616802057585136,0.01075440956806139,0.001918170683683167,0.00407321438579835,0.01352347469834246,13.661989265418379,4.000000000000085,4.000000000000085,2.0000000000000426,2.0000000000000426,4.000000000000085,2.0000000000000426,stand
H112_1585,2,1.3791927996788693,-9.586894736324028,2.705760435858207,-0.0018357256004363207,-0.003517932061334649,0.024603701254514592,0.03070425641838467,0.01924149357144277,0.021139397268925393,0.0031212129700561586,0.004900334957033363,0.011692051391467185,13.671847971861107,2.0000000000000426,4.000000000000085,2.0000000000000426,2.0000000000000426,2.0000000000000426,2.0000000000000426,stand
H113_1585,0,1.40149612189861,-9.56793241026705,2.795646888227744,-0.0008641154070848174,-0.0024686027525480897,0.027366252991869823,0.022914157775899346,0.028745480195565117,0.04465857974736091,0.006555493064931224,0.009117588553652496,0.005987955155402814,13.765075420393403,2.0000000000000426,2.0000000000000426,2.0000000000000426,2.0000000000000426,2.0000000000000426,2.0000000000000426,stand
H113_1585,1,1.398364262656296,-9.552146077865846,2.7889432093230697,-0.004259463355672412,-0.006950885107864308,0.020622660637170963,0.028503537980431388,0.022023750566923777,0.03141852419282079,0.00956980343585472,0.005361976357723316,0.006271593201050339,13.739453549845212,2.0000000000000426,2.0000000000000426,2.0000000000000426,2.0000000000000426,2.0000000000000426,2.0000000000000426,stand
H113_1585,2,1.3974382873369628,-9.586066393206995,2.813525707009153,-0.012306735330723594,-0.01923042022071177,0.01082758827370525,0.04523063307617957,0.05565901009001779,0.08734346832808741,0.007705308147411709,0.060685751033927676,0.020643792537960726,13.79703038755311,2.0000000000000426,4.000000000000085,4.000000000000085,6.000000000000128,6.000000000000128,2.0000000000000426,stand
I001_1585,0,2.0506746240796865,-9.604673791132877,2.151000798353887,-0.007375099381410209,0.0020961615191200443,0.027080673687140178,0.022049500951395015,0.014215577401174233,0.02203528520650331,0.0021008633135307917,0.00359451862927588,0.007515441813505878,13.806349213566447,2.0000000000000426,2.0000000000000426,2.0000000000000426,2.0000000000000426,2.0000000000000426,2.0000000000000426,stand
I001_1585,1,2.025382812526687,-9.593049253919483,2.1306382489500013,-0.009499814336313606,0.004774350083551458,0.03601118329846389,0.017548280513107452,0.014641320160649101,0.04088435280951731,0.007852311319322175,0.007775336581596105,0.012352350998149452,13.749070315396171,2.0000000000000426,4.000000000000085,2.0000000000000426,4.000000000000085,6.000000000000128,4.000000000000085,stand
I001_1585,2,2.102416034787412,-9.582269772314904,2.0558156723187593,-0.04472270224026257,0.06199552735080272,0.12064813176803887,0.11615762113741922,0.01818590311555621,0.098898302215415,0.038894616463627026,0.06605012452108014,0.10184212523380967,13.740501479421075,2.0000000000000426,4.000000000000085,4.000000000000085,2.0000000000000426,2.0000000000000426,2.0000000000000426,stand
I002_1585,0,1.9856234807713125,-9.604308694582091,2.1742443071210724,-0.003979487071266497,0.005982976890553304,0.01499540631612386,0.007034998786300288,0.019586653103258647,0.009674076069907651,0.00370119421012056,0.009362465238948774,0.0029463291813854268,13.764176482474475,4.000000000000085,4.000000000000085,2.0000000000000426,2.0000000000000426,2.0000000000000426,4.000000000000085,stand
I002_1585,1,1.9959008695339755,-9.602001486297612,2.167157486082902,-0.00885429371391833,-0.005806115184477472,0.018258538065249467,0.02286074626841183,0.014756652237852068,0.008129797115104982,0.0037653556370229775,0.007584030653561335,0.005166844516357848,13.765059841914487,2.0000000000000426,6.000000000000128,4.000000000000085,2.0000000000000426,2.0000000000000426,2.0000000000000426,stand
I002_1585,2,1.9280670664436017,-9.613040879090088,2.227763345908433,-0.012954520540265402,-0.07468345323122826,0.03428962913873592,0.14648587018601075,0.08206738881978728,0.14611989979935794,0.005319207011780868,0.11976899842747527,0.01873959983531082,13.768871291442121,2.0000000000000426,4.000000000000085,2.0000000000000426,6.000000000000128,2.0000000000000426,2.0000000000000426,stand
I011_1585,0,1.9841466177938392,-9.613324023324523,2.179606114912381,-0.009311014487597257,-0.004220172558118784,0.018665201893115758,0.014077015349362088,0.01607479295441951,0.02694274342913408,0.003275251940746896,0.008839003430932423,0.004948505870150589,13.777076756030747,4.000000000000085,4.000000000000085,2.0000000000000426,2.0000000000000426,2.0000000000000426,2.0000000000000426,stand
I011_1585,1,1.9775890017324123,-9.6069730506304,2.1443480150895855,-0.012160906228389154,-0.007821683964200278,0.018982143099340276,0.015656470323433713,0.01596098176721403,0.04591234415218686,0.004000600382610279,0.01775544552355909,0.008477743373270391,13.728910067452397,2.0000000000000426,6.000000000000128,4.000000000000085,4.000000000000085,2.0000000000000426,2.0000000000000426,stand
I011_1585,2,2.0769351270106506,-9.558400591971571,2.109597948846505,-0.04198436593268935,0.022940753011752843,0.060095422491449176,0.14493291334533226,0.07811404248398147,0.06010885395550838,0.052210614030298974,0.08811884002723618,0.05068750745721075,13.744933667828725,2.0000000000000426,2.0000000000000426,4.000000000000085,2.0000000000000426,2.0000000000000426,2.0000000000000426,stand
I012_1585,0,2.1106395210722075,-9.59205918041078,2.126586630660687,0.006896633626522921,-0.06588333168715046,0.024233092470886834,0.11910343718071266,0.018505040745446014,0.08802026404599171,0.036416442623400005,0.172960058600111,0.01614414880717386,13.829285332143677,4.000000000000085,4.000000000000085,2.0000000000000426,2.0000000000000426,2.0000000000000426,4.000000000000085,stand
I012_1585,1,2.1976392783190977,-9.587082639694986,2.0676813346742127,-0.012164746650678786,0.012024794786748304,0.026682752918204385,0.07098085027375667,0.020330767202362876,0.042737586026528634,0.03494412706129825,0.1083470646992409,0.013635547938084514,13.852403252688296,4.000000000000085,4.000000000000085,2.0000000000000426,4.000000000000085,4.000000000000085,2.0000000000000426,stand
I012_1585,2,2.1549246652692187,-9.607457635106481,2.1267245733161975,-0.030227037554893924,0.032138504774193014,0.014791271830572182,0.07569975665180063,0.03690366363971385,0.08784215500627222,0.023299353835234078,0.033044439698242986,0.012867131361757938,13.889106873691896,2.0000000000000426,2.0000000000000426,2.0000000000000426,2.0000000000000426,2.0000000000000426,2.0000000000000426,stand
I013_1585,0,2.1079402505075446,-9.525647973104277,2.2887094252501936,-0.024868861714861155,0.015143048469518467,0.04163222342438992,0.02817015464748593,0.11365789244493983,0.08707072769963849,0.05343165239938697,0.049769182400487964,0.03226817889822001,13.922297648862013,4.000000000000085,4.000000000000085,2.0000000000000426,2.0000000000000426,4.000000000000085,2.0000000000000426,stand
I013_1585,1,2.1424038694608236,-9.497097475825555,2.23418402163098,-0.08865413683284197,0.06941636476804035,0.1012716100923031,0.045587094142125265,0.23504299044251903,0.17173306237026126,0.06772967760394147,0.08350409795513272,0.06237039231580156,13.873685366917359,4.000000000000085,4.000000000000085,4.000000000000085,2.0000000000000426,2.0000000000000426,2.0000000000000426,stand
I013_1585,2,1.9137871172319836,-9.503066339565937,1.9557024543948256,-0.1336899222212857,-0.011830281153902424,0.2544077828349626,0.5112330127604511,0.3347823831737612,0.3354268237748853,0.058806825830470824,0.3220226751088752,0.11687164330755798,13.372555911192745,2.0000000000000426,6.000000000000128,2.0000000000000426,4.000000000000085,4.000000000000085,2.0000000000000426,stand
I101_1585,0,1.9613566664352222,-9.721330689482727,1.5692905285691703,-0.015830455807408036,-0.016692362622771545,0.022168140901140068,0.030593395706216834,0.021296254231361687,0.08147795227915729,0.016513648516311034,0.014294125334097404,0.0038862336255593385,13.251977884487118,2.0000000000000426,2.0000000000000426,2.0000000000000426,2.0000000000000426,2.0000000000000426,2.0000000000000426,stand
I101_1585,1,1.9099624439403633,-9.742900764297723,1.7423329544373922,-0.023461433047589204,-0.016840299095549266,0.03140734701872369,0.10976772774105541,0.04571063370244727,0.29824530731066723,0.018103405990340892,0.024727693781259615,0.015434190104052064,13.395196162675477,2.0000000000000426,2.0000000000000426,2.0000000000000426,2.0000000000000426,4.000000000000085,2.0000000000000426,stand
I101_1585,2,1.411787551569305,-9.647063845845361,1.8667168576471695,-0.01817756048764022,-0.14375398993087657,0.15111119023818648,0.48843340873508373,0.19846659225045724,0.26130584344693414,0.05483110110912463,0.16724430625094613,0.17772695716258521,12.925568255061835,2.0000000000000426,2.0000000000000426,2.0000000000000426,2.0000000000000426,2.0000000000000426,2.0000000000000426,stand
I102_1585,0,2.0789073479926263,-9.626448876671196,1.9017978399953335,0.0032583213192066366,0.005729811982529568,0.014954541971528597,0.05375450441300379,0.03598681244628559,0.07631410030723769,0.015238397432905131,0.005093793134182132,0.008527650510909085,13.607154064659156,2.0000000000000426,4.000000000000085,2.0000000000000426,2.0000000000000426,2.0000000000000426,2.0000000000000426,stand
I102_1585,1,2.069401849232083,-9.635359285286214,1.9149572207862264,-0.005423186264096784,-0.0009402613710869235,0.015623343874964904,0.04423484253271425,0.027489119510188256,0.07384854021840272,0.010733909120192122,0.005318964456420261,0.005958030850362818,13.619718355304526,2.0000000000000426,2.0000000000000426,2.0000000000000426,2.0000000000000426,2.0000000000000426,2.0000000000000426,stand
I102_1585,2,2.1246643508682683,-9.624309107744732,1.9451297465911546,-0.004111863109501043,0.007178405152341011,0.017673249318687526,0.04065684828841716,0.041030838693914176,0.044063032150493446,0.015038531168073799,0.021247556731686313,0.007727999891633097,13.694103205204156,2.0000000000000426,2.0000000000000426,2.0000000000000426,2.0000000000000426,2.0000000000000426,2.0000000000000426,stand
I111_1585,0,2.010300584302216,-9.62747156312296,2.1365896198949956,-0.004004019745521773,0.0010433261530802442,0.020765602600619992,0.02503877402506592,0.01432586493930708,0.022227781135115768,0.0031246259218237283,0.004730271823289116,0.0020947987647039245,13.774361767320173,2.0000000000000426,4.000000000000085,2.0000000000000426,2.0000000000000426,2.0000000000000426,4.000000000000085,stand
I111_1585,1,1.9928179931604237,-9.627637934680973,2.1375581357720046,-0.0036943717203160326,0.0018263198764471487,0.022913835899980733,0.011683828991611942,0.017044415923658667,0.020243688166780113,0.004074389450568772,0.00233884937014796,0.0032014967100808815,13.758014063613398,4.000000000000085,4.000000000000085,2.0000000000000426,2.0000000000000426,2.0000000000000426,2.0000000000000426,stand
I111_1585,2,2.011523998304706,-9.608881080018824,2.131800524780623,-0.014713555066744084,-0.0005543701243730186,0.028360159168443092,0.03847632417097404,0.023466140082833094,0.06339427643252377,0.014853799946692258,0.008151998728889007,0.005131654318748264,13.752205603104152,2.0000000000000426,2.0000000000000426,2.0000000000000426,2.0000000000000426,2.0000000000000426,2.0000000000000426,stand
I112_1585,0,2.0422526924524513,-9.625410043914275,1.96209090348936,-0.007478439865200977,0.001988254767605422,0.03162404163503987,0.025898076603767542,0.02475693168052069,0.020910572771906385,0.006625531416672579,0.0035657270279621693,0.005018442553251593,13.629753639856087,2.0000000000000426,4.000000000000085,2.0000000000000426,4.000000000000085,4.000000000000085,4.000000000000085,stand
I112_1585,1,2.0524598146231114,-9.648254667643329,1.9359304241910495,-0.027001638914566018,0.010313588497002946,0.037153708637706055,0.03780218882638602,0.06806563254386752,0.03558810512391651,0.017537668971021547,0.010342090779818108,0.008489348388125338,13.636644906457489,2.0000000000000426,2.0000000000000426,2.0000000000000426,2.0000000000000426,2.0000000000000426,4.000000000000085,stand
I112_1585,2,2.052060731641081,-9.70709401510564,1.8667679498107212,-0.009190399740662216,-0.017381752516349467,0.09309065645146167,0.05178477558418227,0.11686796470266121,0.09527569683533266,0.04215747399941048,0.0431886620232551,0.06457430611396314,13.62592269655744,2.0000000000000426,2.0000000000000426,2.0000000000000426,2.0000000000000426,2.0000000000000426,2.0000000000000426,stand
I113_1585,0,2.169615998305201,-9.640349529168736,1.8774645683449065,0.0065448900702087375,0.011228889964382103,0.019396497679675554,0.08938006903022044,0.03288431049957684,0.06500679561907989,0.023558804930793598,0.061370408126063675,0.023284371550550565,13.687430095818844,4.000000000000085,6.000000000000128,2.0000000000000426,2.0000000000000426,2.0000000000000426,4.000000000000085,stand
I113_1585,1,2.2603366189390623,-9.61175610939216,1.8633597495703136,0.013559661781889942,0.05660636655637049,0.05366024325631646,0.04919277185582112,0.03305441505509953,0.11079550847783542,0.028451022586208612,0.0713378952750869,0.03757615659529754,13.735452477901534,2.0000000000000426,4.000000000000085,2.0000000000000426,2.0000000000000426,2.0000000000000426,4.000000000000085,stand
I113_1585,2,2.229070945742452,-9.544511733058677,1.663178553078324,-0.0565627427111019,0.06607218732889651,0.14849998005162868,0.09707371732842199,0.1089226880650621,0.20494159552725313,0.08671536474841858,0.06402779117683766,0.08436624672818369,13.436761231879451,2.0000000000000426,4.000000000000085,2.0000000000000426,2.0000000000000426,2.0000000000000426,2.0000000000000426,stand
J002_1585,0,1.5851162688142886,-9.501404958876229,2.834397804006001,0.0018316530240925005,0.017121260475948488,0.01725160521719435,0.029044652883069955,0.016358379775698963,0.05115193430041314,0.017669175420295436,0.009216617687715143,0.008291985491285656,13.920919031696519,4.000000000000085,2.0000000000000426,2.0000000000000426,2.0000000000000426,2.0000000000000426,2.0000000000000426,stand
J002_1585,1,1.5752726046753287,-9.507835289116992,2.855141113067168,-0.006220100984898575,0.0023407582503918133,0.016204329229044134,0.03364785359646167,0.019803635903724266,0.04910240989124613,0.007394584920925907,0.010960576980923231,0.007461398388355159,13.93824900685949,2.0000000000000426,4.000000000000085,2.0000000000000426,2.0000000000000426,2.0000000000000426,2.0000000000000426,stand
J002_1585,2,1.5587769174660135,-9.50141348687663,2.8496585252645197,-0.008832823199552857,-0.009304692347204284,0.01984811474557862,0.04357699677698394,0.021517689400117987,0.04949304301648963,0.008843849640663192,0.0070897260820592,0.007608537721453627,13.90984892960716,2.0000000000000426,2.0000000000000426,2.0000000000000426,2.0000000000000426,4.000000000000085,2.0000000000000426,stand
J003_1585,0,1.874805344244085,-9.530191146406358,2.624234695292435,0.0009766019967207915,0.004898510437303678,0.021053714061287723,0.029407534782494422,0.021970813340946554,0.06064132228845161,0.01011528028475324,0.00815895846558367,0.008497935603410424,14.029231185942876,2.0000000000000426,2.0000000000000426,2.0000000000000426,2.0000000000000426,4.000000000000085,2.0000000000000426,stand
J003_1585,1,1.8842930106575624,-9.526306602736332,2.6518929777525226,-0.0003046027987758304,0.009430739746012837,0.0145330048713412,0.017428897167455357,0.026616935325059227,0.04065712621021749,0.008231588152803768,0.006500222213562449,0.004203345520059578,14.062492591146418,2.0000000000000426,2.0000000000000426,2.0000000000000426,2.0000000000000426,2.0000000000000426,4.000000000000085,stand
J003_1585,2,1.8723362521692548,-9.504258567821658,2.6563979971618887,-0.0020316359390186085,0.005680752426566677,0.019818914922448683,0.03574849370160207,0.019116654218658793,0.038209489650462405,0.0035800106150177024,0.008768044709856797,0.01258457278462552,14.032992817152804,4.000000000000085,4.000000000000085,2.0000000000000426,2.0000000000000426,2.0000000000000426,4.000000000000085,stand
J012_1585,0,1.398351580222921,-9.507387819169244,2.889236981714143,-0.007050599129924995,0.002980780067467115,0.01943859732905862,0.04473918916696088,0.02967745009453789,0.07732862888075938,0.023135933818592348,0.011895944384082044,0.02032665971328712,13.79497638110631,2.0000000000000426,2.0000000000000426,2.0000000000000426,2.0000000000000426,4.000000000000085,2.0000000000000426,stand
J012_1585,1,1.4040912281447606,-9.524242023501623,2.8850863933305946,-0.007732723005777008,-0.006218464400870366,0.02498221106366963,0.050571443709942696,0.037311488512433745,0.07888166102130728,0.022991291658980065,0.009565898248964035,0.016815269998869457,13.813419644976978,2.0000000000000426,2.0000000000000426,2.0000000000000426,2.0000000000000426,4.000000000000085,2.0000000000000426,stand
J012_1585,2,1.4104708153683019,-9.545155570342239,2.850452877327957,0.0034045993711339967,-0.00475227772218555,0.018776745853838338,0.03651999533957473,0.015093143019616513,0.08072723947852578,0.014764496291064104,0.010553313945766599,0.0118206169161439,13.806079263038496,2.0000000000000426,2.0000000000000426,2.0000000000000426,2.0000000000000426,2.0000000000000426,2.0000000000000426,stand
J013_1585,0,1.4437249725935097,-9.457236108540318,3.0800994302834557,0.0029572435266013762,0.015380995790665144,0.013303970611085975,0.020501169007788433,0.011940672207946897,0.03828368087113083,0.003792888390241165,0.006395367497194379,0.003909096698379976,13.981060511417287,4.000000000000085,6.000000000000128,2.0000000000000426,2.0000000000000426,2.0000000000000426,6.000000000000128,stand
J013_1585,1,1.4295048420729586,-9.467604431377447,3.077317492944234,0.001035881431575462,0.013359424579069195,0.016784074885580404,0.02557190441729748,0.010710990078590582,0.024329537767093946,0.006589411381951329,0.005807111425565466,0.008855202084694114,13.974426766394638,2.0000000000000426,2.0000000000000426,2.0000000000000426,2.0000000000000426,2.0000000000000426,2.0000000000000426,stand
J013_1585,2,1.4342459790694624,-9.46212124163191,3.089790458824958,0.0012822171767222052,0.007559136990519691,0.017314144411052883,0.027138114800541974,0.04110149048759241,0.03369375165670893,0.007699530364973647,0.0025995816075282193,0.011053034830056492,13.986157679526329,2.0000000000000426,2.0000000000000426,2.0000000000000426,2.0000000000000426,4.000000000000085,2.0000000000000426,stand
J111_1585,0,1.4287817070832352,-9.492390504489693,2.9944399967685844,0.003853098684712332,0.017656687197514658,0.014175392344824907,0.05494794216503581,0.017851172774384097,0.012409458157957503,0.004254697609521561,0.0031601609377131567,0.012082615520174518,13.91561220834151,2.0000000000000426,6.000000000000128,2.0000000000000426,2.0000000000000426,2.0000000000000426,2.0000000000000426,stand
J111_1585,1,1.435738209374355,-9.483144395327265,2.993628889442445,0.00538583955971015,0.01373145414279835,0.009802605174976558,0.053751903672599945,0.01758124648897495,0.015887559791409666,0.004303247886823951,0.00882948656016742,0.008876492855271652,13.912511494144066,2.0000000000000426,4.000000000000085,4.000000000000085,2.0000000000000426,2.0000000000000426,2.0000000000000426,stand
J111_1585,2,1.4310423204921927,-9.480882452622023,3.0237769882353818,0.004399494094988716,0.011479150504006483,0.017655951116145888,0.035818678857276624,0.016363404325381515,0.03876861117542327,0.0032294895265064486,0.009994299484096681,0.006628472698693637,13.935701761349597,4.000000000000085,2.0000000000000426,2.0000000000000426,2.0000000000000426,2.0000000000000426,2.0000000000000426,stand
J112_1585,0,1.5865012940320649,-9.404368202427689,3.1673902983390523,0.006167116542550028,0.007233994841670184,0.017240605533653912,0.02214324240667178,0.03586312389406778,0.029116526955271525,0.011262285305788463,0.009692011671002723,0.009532594875695277,14.158259794798806,2.0000000000000426,2.0000000000000426,2.0000000000000426,2.0000000000000426,2.0000000000000426,2.0000000000000426,stand
J112_1585,1,1.579946065344093,-9.405551374729061,3.1637146825032163,-0.010520767780304571,0.013198079205496456,0.01483791694431224,0.0407690677596026,0.03603037527518428,0.03993927472261538,0.013531645162357938,0.007649184192369153,0.00869494374978557,14.149212122576369,4.000000000000085,2.0000000000000426,4.000000000000085,2.0000000000000426,2.0000000000000426,2.0000000000000426,stand
J112_1585,2,1.5582552399198777,-9.434134986484896,3.176044195573387,-0.0073808111844893285,0.009394113540413439,0.024715240419972723,0.05023038886156345,0.02157126114545928,0.043748836867971624,0.015175102933610645,0.012240298772908487,0.011156172380118042,14.168434421978164,2.0000000000000426,4.000000000000085,2.0000000000000426,2.0000000000000426,4.000000000000085,2.0000000000000426,stand
K002_1585,0,-1.62157297326962,9.24645567111951,2.183390726890556,-0.008198046914573981,0.005897957977831669,0.025668361644003462,0.045631341572397184,0.018561227777481506,0.01706079128696585,0.004182096084708007,0.01213488815110064,0.008799723043727097,13.051419371279685,4.000000000000085,4.000000000000085,4.000000000000085,4.000000000000085,2.0000000000000426,2.0000000000000426,stand
K002_1585,1,-1.599247146520934,9.257592149237365,2.156682500742358,-0.00012616297001182803,-0.013605006262804335,0.022838672442970824,0.03693491028910539,0.019216437623318233,0.031241349457696563,0.010398898772559081,0.012374208827070509,0.006020679783529928,13.013521796500655,2.0000000000000426,2.0000000000000426,2.0000000000000426,2.0000000000000426,2.0000000000000426,2.0000000000000426,stand
K002_1585,2,-1.5600600492897276,9.273635807849354,2.1390193959456143,0.00609231256750873,-0.023547748878077503,0.024435230267036333,0.042737139987810716,0.027350408928939918,0.018877363005617872,0.012011344579533222,0.011134555003978381,0.002693211384120161,12.972715253084695,2.0000000000000426,4.000000000000085,2.0000000000000426,2.0000000000000426,2.0000000000000426,2.0000000000000426,stand
K003_1585,0,-1.7028899959195278,9.297821009077724,1.8672492467162791,-0.010479261833919944,0.0021979150290029476,0.018102730556107578,0.026694687003289322,0.0174921064580604,0.012374664566003973,0.004278542769412235,0.006501198018045284,0.01309386651596282,12.86796025171353,2.0000000000000426,4.000000000000085,4.000000000000085,2.0000000000000426,2.0000000000000426,2.0000000000000426,stand
K003_1585,1,-1.7196689690714835,9.27896484993394,1.8749690275658653,-0.00819825165262244,0.004887393706786993,0.02611045881495983,0.03183342771284299,0.03333338565784031,0.02302349532430084,0.0040204580839491326,0.00580470276156264,0.008513878056972892,12.87360284657129,2.0000000000000426,2.0000000000000426,4.000000000000085,4.000000000000085,2.0000000000000426,2.0000000000000426,stand
K003_1585,2,-1.7243626620817627,9.275690077666054,1.8804926179178378,-0.005996793517202844,0.0032830424415889584,0.01901838969357367,0.02839035485659371,0.03217527378036693,0.025097082168952026,0.005442824632907335,0.006197706674955647,0.008292862896997938,12.880545357665651,2.0000000000000426,2.0000000000000426,4.000000000000085,2.0000000000000426,2.0000000000000426,2.0000000000000426,stand
K012_1585,0,-1.681081113900294,9.336469040690663,1.9078615023522718,0.008609038045672915,-0.022449802344752898,0.04585401473266287,0.1320907514691594,0.09852308853795996,0.1809356739538051,0.055789493076967234,0.11535949430547215,0.07099337237535674,12.925411656943227,2.0000000000000426,2.0000000000000426,2.0000000000000426,2.0000000000000426,2.0000000000000426,2.0000000000000426,stand
K012_1585,1,-1.5356081847397696,9.33686723445504,1.9407960475077564,0.026856526626675065,-0.09937780061074532,0.004771121249244395,0.12732932483195714,0.0394465045620543,0.20084316616243517,0.03722228699348399,0.04990687450416313,0.024482121010749758,12.813271466702563,2.0000000000000426,2.0000000000000426,2.0000000000000426,2.0000000000000426,2.0000000000000426,2.0000000000000426,stand
K012_1585,2,-1.4992432312631723,9.336646543320231,1.9321935358713853,0.006403791264172608,-0.07043316901417787,0.01010453117915876,0.07183734402469145,0.038872630413893036,0.1503755781657807,0.020683118939654726,0.04188464408052431,0.0123334606127997,12.76808331045479,2.0000000000000426,2.0000000000000426,2.0000000000000426,2.0000000000000426,2.0000000000000426,2.0000000000000426,stand
K102_1585,0,-1.7164209001818753,9.28883721941186,1.8717949139224317,-0.010914915735195166,0.013076764669503629,0.02904091642321593,0.013204669325650759,0.01339923211506529,0.03657000736085305,0.005495644342656464,0.006200075050150799,0.008348334009692425,12.877053033516168,2.0000000000000426,2.0000000000000426,2.0000000000000426,2.0000000000000426,2.0000000000000426,2.0000000000000426,stand
K102_1585,1,-1.7086691040768363,9.28547324552089,1.8737186186106791,-0.011898746868621442,0.012058709946095607,0.023916288565771972,0.01954764158950642,0.011438208031239799,0.03167379869806561,0.005290826422538561,0.0026878821508290233,0.004030915318683977,12.867860968208404,2.0000000000000426,2.0000000000000426,2.0000000000000426,2.0000000000000426,4.000000000000085,2.0000000000000426,stand
K102_1585,2,-1.6861823330417074,9.289650373957235,1.8627718104112103,-0.011751415578520325,0.013435956956371746,0.02294940284802628,0.01964154757374744,0.01087023846612901,0.02009212406969631,0.005758469841306515,0.0022129979617699245,0.0016961700863124928,12.838604517410152,2.0000000000000426,4.000000000000085,2.0000000000000426,2.0000000000000426,4.000000000000085,4.000000000000085,stand
K112_1585,0,-1.7923543461125155,9.272585054741391,1.8810572846295275,0.002896482211243152,-0.0053025658628739585,0.026830416200194905,0.05324280892419975,0.02684014886773018,0.03387899379908963,0.009303302266382294,0.008507723212222061,0.009923545581913601,12.945996685483433,2.0000000000000426,2.0000000000000426,4.000000000000085,2.0000000000000426,2.0000000000000426,2.0000000000000426,stand
K112_1585,1,-1.7901962742749578,9.29873910932371,1.8672375379801016,-0.001411097174561101,-0.00488302699428425,0.023644419809484795,0.05087765213696422,0.07429155271560924,0.03453546887286382,0.008855944198218954,0.0076339629687672,0.009319690824590646,12.956172921578768,2.0000000000000426,4.000000000000085,2.0000000000000426,2.0000000000000426,2.0000000000000426,2.0000000000000426,stand
K112_1585,2,-1.9727458487803742,9.113353159966278,1.8909468627901294,0.03806622512153373,0.04032494024102316,0.10253843844312037,0.3003981129858995,0.36794196277472757,0.08089735544695288,0.05150516705296984,0.08498262382386917,0.09657516382358045,12.97704587153678,2.0000000000000426,2.0000000000000426,2.0000000000000426,2.0000000000000426,2.0000000000000426,2.0000000000000426,stand
K113_1585,0,-1.4837208193526013,9.299737098122028,2.04472230419977,-0.009681610750646354,0.022533837951066508,0.021890352380831625,0.04573949352296798,0.02559208409515221,0.02183041622086302,0.005451183323102206,0.017780769830304233,0.007797388686149836,12.828180221674401,2.0000000000000426,2.0000000000000426,4.000000000000085,2.0000000000000426,2.0000000000000426,2.0000000000000426,stand
K113_1585,1,-1.5063879267492544,9.30595349464909,2.0753247604748526,-0.017602621573363956,0.02796780632455718,0.021191929870859664,0.060401011354332276,0.015443341074298629,0.026029748899614787,0.011244967248130087,0.02015983812617677,0.009609678265026282,12.887666181873197,2.0000000000000426,4.000000000000085,2.0000000000000426,2.0000000000000426,2.0000000000000426,2.0000000000000426,stand
K113_1585,2,-1.5534540353255284,9.297223376604842,2.091633337871928,-0.023716272076461126,0.09881287570074031,0.014289716066913023,0.11713017960012831,0.015441147360515587,0.034914976026455394,0.007617407258042977,0.11084087586987161,0.008524583536149528,12.942310749802303,2.0000000000000426,4.000000000000085,4.000000000000085,4.000000000000085,2.0000000000000426,4.000000000000085,stand
L001_1585,0,1.5393729307537627,-9.720696046110293,2.0038117036111758,-0.00625306146324011,0.006669934182188838,0.020286344903934016,0.018432394246476067,0.027969280483076207,0.0193083895776975,0.004999425855605094,0.01347257367949133,0.005311720987873483,13.263880680475229,2.0000000000000426,4.000000000000085,6.000000000000128,2.0000000000000426,2.0000000000000426,2.0000000000000426,stand
L001_1585,1,1.538024305658698,-9.726009493401696,2.0166445161020268,-0.0012556285138794676,0.022707262197604786,0.005507678120901309,0.03993401258374911,0.03601035543188654,0.007290123738712325,0.008394479239123707,0.007056756289352115,0.019121562631632727,13.280678315162417,2.0000000000000426,4.000000000000085,6.000000000000128,2.0000000000000426,2.0000000000000426,2.0000000000000426,stand
L001_1585,2,1.5323457784139032,-9.73344507959181,1.999135159459376,0.0033884708589512593,0.028752290462428044,0.0040277850173698745,0.04247538584981127,0.038636568862433225,0.021642694476827748,0.0038235404021749494,0.01230094308148218,0.01777158428136341,13.264926017465088,2.0000000000000426,2.0000000000000426,2.0000000000000426,2.0000000000000426,2.0000000000000426,2.0000000000000426,stand
L003_1585,0,1.585336172530215,-9.708737696024784,2.0614314075344726,-0.0018115284356889456,0.0057980844185483394,0.016784173898959632,0.01948674792877893,0.01235607972411602,0.02792969583886648,0.0029077172158469278,0.005728807515876201,0.0076641573553363086,13.355505276089472,2.0000000000000426,2.0000000000000426,2.0000000000000426,2.0000000000000426,6.000000000000128,2.0000000000000426,stand
L003_1585,1,1.5980949259323265,-9.707476652173725,2.0647025088998854,-0.0022070763725243487,0.0016985903816618484,0.0228935504019949,0.028696553961475562,0.01569139970042451,0.01412340912686122,0.0016664099686316133,0.001841456055307485,0.0026657216438510218,13.370274087005935,2.0000000000000426,2.0000000000000426,2.0000000000000426,4.000000000000085,6.000000000000128,2.0000000000000426,stand
L003_1585,2,1.6020948537045385,-9.701844556739614,2.0517406992922425,0.0001382660991125454,0.0030412724261446485,0.021440214585361484,0.03013379387617498,0.014055390624166128,0.01256430685951575,0.002716451820171865,0.003480206836311015,0.00422133688004834,13.355680109736392,2.0000000000000426,4.000000000000085,2.0000000000000426,2.0000000000000426,6.000000000000128,2.0000000000000426,stand
L011_1585,0,1.4825295438397126,-9.751557616276681,1.8800236000690895,-0.0071843172090855605,0.013968042157493256,0.01455321173197687,0.025640177033135578,0.022059721484361534,0.029286671183023895,0.00619413403749254,0.006902232880856337,0.003917319623193209,13.114110760185486,2.0000000000000426,2.0000000000000426,2.0000000000000426,2.0000000000000426,2.0000000000000426,2.0000000000000426,stand
L011_1585,1,1.4829528375082264,-9.75154328218022,1.8926194450371812,-0.007975333081882936,0.01746463795995932,0.017613459897051667,0.026399093210975944,0.01064834224134147,0.02263726697903602,0.004596667896003296,0.004054523062920471,0.0065077985423446,13.127115564725624,2.0000000000000426,4.000000000000085,2.0000000000000426,4.000000000000085,4.000000000000085,2.0000000000000426,stand
L011_1585,2,1.4837638515544276,-9.74684757364129,1.8904513246396926,-0.006386504549890304,0.013082227840479282,0.021079214525395202,0.017042541416356718,0.015211366831462564,0.015306027413384158,0.0036266662009536207,0.007470454172728565,0.0030354797527717974,13.12106274983541,2.0000000000000426,4.000000000000085,2.0000000000000426,2.0000000000000426,2.0000000000000426,2.0000000000000426,stand
L012_1585,0,1.4646110647591761,-9.712140887064043,2.0959922689275263,-0.007427977518074011,0.002141924044766023,0.022203327976964032,0.022465282368550103,0.011587999680302292,0.018910757500154283,0.002914897014245172,0.003435044599040112,0.0014198324728469788,13.272744220750747,4.000000000000085,4.000000000000085,4.000000000000085,4.000000000000085,2.0000000000000426,2.0000000000000426,stand
L012_1585,1,1.4692925930869247,-9.716632199761479,2.088939770002069,-0.007844970032614598,0.002975808304166282,0.022243454204534722,0.03098091002203145,0.013144325057487541,0.018058333678918435,0.004005516759557824,0.003975562783112487,0.001356031507514823,13.274864562850473,4.000000000000085,4.000000000000085,2.0000000000000426,2.0000000000000426,2.0000000000000426,4.000000000000085,stand
L012_1585,2,1.4824738619536981,-9.716900615272788,2.082836365481475,-0.0067842039298555935,0.007631184373079849,0.019377236296530584,0.02719695631739905,0.012887278800851281,0.013324535380534448,0.003951784218808221,0.006819385779300207,0.0032041620506002635,13.282210842707963,4.000000000000085,2.0000000000000426,4.000000000000085,4.000000000000085,2.0000000000000426,2.0000000000000426,stand
L101_1585,0,1.7316453994655145,-9.748609235391605,1.7875998728664535,0.00047193476741335896,0.009922089789425756,0.021990213772455372,0.01803343993025677,0.01989473595328567,0.04875731430923872,0.008920145669099634,0.008025425634327697,0.006613871857899798,13.267854507723575,4.000000000000085,2.0000000000000426,2.0000000000000426,2.0000000000000426,2.0000000000000426,2.0000000000000426,stand
L101_1585,1,1.7246598532037551,-9.758347526933253,1.81863694300627,0.0066244890128876344,0.017970196493467535,0.024220505673885225,0.0218622305973297,0.016528031818047507,0.03325664692216752,0.010284291218250433,0.003842370568506056,0.0030702622745860365,13.30164432314328,4.000000000000085,6.000000000000128,4.000000000000085,2.0000000000000426,2.0000000000000426,2.0000000000000426,stand
L101_1585,2,1.6969597782603705,-9.748476610476455,1.823503907048065,0.01805571888440077,0.02451768853194726,0.024456187186048254,0.030798166145682346,0.020773203512229922,0.03237976739147422,0.006384645921933556,0.006326775252446883,0.0038673011154161025,13.268940295784889,2.0000000000000426,4.000000000000085,2.0000000000000426,2.0000000000000426,2.0000000000000426,2.0000000000000426,stand
L102_1585,0,1.6632961106593864,-9.724860764196416,1.9781164394354191,-0.010022846584303295,-0.01766219557517281,0.031003966710855684,0.09312567846326979,0.032993709660158965,0.052603590560846,0.0090587311206908,0.009177029391106423,0.025764590595502356,13.366273314291222,2.0000000000000426,4.000000000000085,2.0000000000000426,2.0000000000000426,2.0000000000000426,2.0000000000000426,stand
L102_1585,1,1.7056252511783656,-9.717448712053846,1.9693445367160545,-0.00018268635901753092,-0.008483050122363577,0.030057137167958894,0.07412921487675052,0.03163733723995262,0.03787236394101412,0.008387153707702905,0.012001531790589891,0.024607592264379245,13.392418499948267,2.0000000000000426,2.0000000000000426,2.0000000000000426,2.0000000000000426,4.000000000000085,2.0000000000000426,stand
L102_1585,2,1.6748480466672035,-9.698132308965915,1.9328535650152887,-0.004986973589149482,0.006748538435682409,0.017193579474110158,0.08635894643629556,0.03920123718668855,0.038152722239579384,0.011080345009086483,0.010672223859884962,0.011751529463534095,13.305833920648405,2.0000000000000426,6.000000000000128,4.000000000000085,2.0000000000000426,2.0000000000000426,2.0000000000000426,stand
L103_1585,0,1.7671038742221623,-9.727014235438396,1.8591899238999583,0.003334022608603709,0.054644575709625956,0.037908670993405454,0.042937695930000117,0.03696746348867044,0.11144647834678369,0.025350561755919102,0.034926451080481036,0.03520620465061846,13.35330803356052,4.000000000000085,4.000000000000085,2.0000000000000426,2.0000000000000426,2.0000000000000426,2.0000000000000426,stand
L103_1585,1,1.7325783383797029,-9.724705648759162,1.9182645793963722,0.0012068510050587638,0.02391921254817645,0.019749404125639712,0.06628046089058087,0.026607779614204047,0.06333827989455776,0.020128941391216525,0.017991903245635314,0.03267358249108556,13.37554856653524,2.0000000000000426,2.0000000000000426,2.0000000000000426,2.0000000000000426,2.0000000000000426,2.0000000000000426,stand
L103_1585,2,1.4531686947043436,-9.65692281177816,2.176451176818111,0.01898289491165552,-0.11057779506173629,0.029171324457919798,0.2547115190777297,0.09639028024763735,0.3092315412398996,0.01693255573727297,0.15708905986468993,0.04859972494971553,13.286542683300613,2.0000000000000426,2.0000000000000426,2.0000000000000426,4.000000000000085,2.0000000000000426,4.000000000000085,stand
M001_1585,0,4.105076963742395,-9.125494570153759,0.48193116876329983,-0.003312089327903827,0.009956082092255182,0.019915243788851206,0.018920569972107348,0.027094640290678113,0.02117036029336284,0.00742581167656934,0.01033953561610027,0.007315953452277675,13.712502702659458,2.0000000000000426,2.0000000000000426,2.0000000000000426,2.0000000000000426,4.000000000000085,2.0000000000000426,stand
M001_1585,1,4.1240381267606665,-9.109342567863957,0.49259909275340574,-0.0044254252888531655,-0.001500058999712321,0.018516210218777668,0.030054032139324813,0.020128293668257375,0.028538167578349455,0.006280322839933389,0.008881097113161377,0.007453486104440019,13.72597978737803,2.0000000000000426,4.000000000000085,2.0000000000000426,2.0000000000000426,2.0000000000000426,2.0000000000000426,stand
M001_1585,2,4.131486886580762,-9.108850447896693,0.5139637199162168,-0.008937792328323974,-0.0052305683085526935,0.015299619436693924,0.035898775372549686,0.014773187524027382,0.02090822668355496,0.0049641817875859945,0.005878726683987769,0.007683179296074861,13.754301054393672,2.0000000000000426,6.000000000000128,4.000000000000085,4.000000000000085,4.000000000000085,2.0000000000000426,stand
M002_1585,0,4.162778632995942,-9.107204617912242,0.6743271167922584,-0.005063397135321276,-0.005344924724437934,0.014347838633493884,0.02187993843859155,0.008841122033948254,0.038051044344974326,0.004701573009646231,0.008694768641024864,0.003932608557313295,13.944310367700446,4.000000000000085,2.0000000000000426,2.0000000000000426,2.0000000000000426,2.0000000000000426,2.0000000000000426,stand
M002_1585,1,4.1554139079712975,-9.100763401785528,0.6686121812326966,-0.005289611984891548,-0.0019273613694841837,0.01165320442938535,0.02080241294520906,0.00472618592914412,0.028824454062643817,0.004337829163132841,0.0032874314480871975,0.0025355640551544315,13.924789490989522,4.000000000000085,4.000000000000085,2.0000000000000426,2.0000000000000426,2.0000000000000426,4.000000000000085,stand
M002_1585,2,4.159698328421584,-9.099750315765007,0.6879008614695549,-0.008651086196973962,-0.00237425956419996,0.018620330487419633,0.018269494625660385,0.017216975025701728,0.01160369243324562,0.0019019203462677236,0.003933168207590514,0.007733498007611036,13.947349505656147,2.0000000000000426,2.0000000000000426,2.0000000000000426,4.000000000000085,2.0000000000000426,2.0000000000000426,stand
M012_1585,0,4.155812246273598,-9.080340869060622,0.9453590136277633,-0.008468976321516554,0.016214305230193883,0.023730622674406482,0.030615352021715093,0.01925025014221317,0.026321570343374935,0.0044954351709804875,0.0015818939467842864,0.005850795098050481,14.181512128961984,2.0000000000000426,2.0000000000000426,2.0000000000000426,2.0000000000000426,4.000000000000085,2.0000000000000426,stand
M012_1585,1,4.167727438960198,-9.064526985890467,0.9494081851744572,-0.005660460033693317,0.017836702330072778,0.018580846937169507,0.020443216285836074,0.009122905643690291,0.03617549741696238,0.005892074776369894,0.00364511569336143,0.009539075291093527,14.181662610025123,2.0000000000000426,4.000000000000085,2.0000000000000426,2.0000000000000426,2.0000000000000426,2.0000000000000426,stand
M012_1585,2,4.166345741794533,-9.062034787135744,0.9636108480096286,-0.006597516975831608,0.00989089455331071,0.015748916834236813,0.04336925323918309,0.02532940505616996,0.033029286953713106,0.010352713061199068,0.012519779505005846,0.015315185719803085,14.191991376939905,4.000000000000085,4.000000000000085,2.0000000000000426,4.000000000000085,2.0000000000000426,4.000000000000085,stand
M013_1585,0,4.079251523884152,-9.133290464901261,0.8671150394613624,-0.00675788506868198,-0.008003050776114528,0.019481024993784356,0.0643986642366695,0.032591468589023675,0.024662073450724045,0.007375648304694361,0.007767657406057673,0.012855340486573174,14.079657028246777,2.0000000000000426,2.0000000000000426,4.000000000000085,2.0000000000000426,2.0000000000000426,2.0000000000000426,stand
M013_1585,1,4.099802343810265,-9.130032759702981,0.8927804094864246,-0.006670748209872912,-0.009499897237273307,0.025754489043775045,0.051181969860880756,0.020529672293227996,0.027346994844471395,0.006010882348186014,0.0055405033088050505,0.00710645602986753,14.122615512999669,2.0000000000000426,2.0000000000000426,2.0000000000000426,2.0000000000000426,2.0000000000000426,2.0000000000000426,stand
M013_1585,2,4.105220118589353,-9.132162188281681,0.8798593586787626,-0.008509696563693367,0.006725111456733297,0.02737379007415816,0.07557887679526107,0.030793944061001412,0.04744877696673798,0.010385024303818996,0.01727600313385136,0.00938633041566788,14.117241665549795,2.0000000000000426,2.0000000000000426,2.0000000000000426,2.0000000000000426,2.0000000000000426,2.0000000000000426,stand
M101_1585,0,4.163147533439189,-9.128259311428636,0.6035046393024143,-0.0073304377637881,0.01679576233542658,0.016122112903179785,0.0170092327054596,0.01873197983413973,0.03914181433458659,0.005960800662094569,0.007818353370343594,0.005347151345777168,13.894911484170239,4.000000000000085,2.0000000000000426,2.0000000000000426,2.0000000000000426,2.0000000000000426,2.0000000000000426,stand
M101_1585,1,4.161239026184148,-9.106811868504796,0.6172121604442354,-0.005219751406748149,0.02096232900868053,0.02277568531577951,0.01989961724229393,0.02432536394599637,0.047104649872820495,0.005565404112883777,0.002957143477482629,0.0040506981649611465,13.885263055133178,2.0000000000000426,4.000000000000085,2.0000000000000426,2.0000000000000426,4.000000000000085,2.0000000000000426,stand
M101_1585,2,4.1555500737831546,-9.089218712966934,0.6499570242645053,-0.006371035205771132,0.014090661299740405,0.019292767455950162,0.02868692272472415,0.015566559013448967,0.015321932768510065,0.004652698098954668,0.0072325148912385,0.007320238926001133,13.894725811014593,2.0000000000000426,4.000000000000085,2.0000000000000426,2.0000000000000426,2.0000000000000426,2.0000000000000426,stand
M102_1585,0,4.052685044172876,-9.164857350383617,0.601035790828589,-0.0056141690206818326,0.0017433839030496791,0.02377078705447941,0.017202289860846137,0.009443456974013593,0.026333871632722647,0.002608615323101359,0.004644117481804171,0.0070213197259160025,13.818578185385078,4.000000000000085,2.0000000000000426,2.0000000000000426,4.000000000000085,2.0000000000000426,4.000000000000085,stand
M102_1585,1,4.031936912558067,-9.17066664706356,0.592843326206558,-0.006018349959873406,0.0011869559478530384,0.01778101930628056,0.024332376885246036,0.015403171518050726,0.01713109579476815,0.002558178725106719,0.0033471031572825283,0.007548552980664483,13.795446885828188,2.0000000000000426,2.0000000000000426,2.0000000000000426,4.000000000000085,4.000000000000085,2.0000000000000426,stand
M102_1585,2,4.0412854937263445,-9.168502885375194,0.6096587107616215,-0.0072257173387602425,0.0007160938599805913,0.01766325471537911,0.03084958732746259,0.023549705532176664,0.008727246923185238,0.003038236077791196,0.004178363620698685,0.005698183722314567,13.819447089863159,2.0000000000000426,2.0000000000000426,2.0000000000000426,2.0000000000000426,2.0000000000000426,2.0000000000000426,stand
M103_1585,0,4.019258289226626,-9.155280219221302,0.4451356292800359,-0.008630015280810376,0.02183616958055059,0.019479169345973168,0.016012354300864808,0.015590454380036874,0.028956717356042532,0.005998609243480827,0.009287370924302808,0.002140642433472924,13.619674137727964,2.0000000000000426,4.000000000000085,2.0000000000000426,2.0000000000000426,4.000000000000085,2.0000000000000426,stand
M103_1585,1,4.020041575764478,-9.168082346731456,0.4322190142425933,-0.014525627909112514,0.005987879300886921,0.017214480173078476,0.010030987750783087,0.019547671434598186,0.054041623878557835,0.006386130492035913,0.01788556797056337,0.0035317461245894296,13.62034293673853,4.000000000000085,2.0000000000000426,2.0000000000000426,2.0000000000000426,2.0000000000000426,2.0000000000000426,stand
M103_1585,2,4.027321662982539,-9.179915911900087,0.4223985250389195,-0.00714205317217106,-0.016827590644088064,0.01850820866854251,0.02475095349737536,0.027809089188733288,0.058035491274487684,0.011726612928879762,0.009045632859302453,0.004927693095912501,13.629636099921543,2.0000000000000426,2.0000000000000426,2.0000000000000426,2.0000000000000426,2.0000000000000426,2.0000000000000426,stand
M111_1585,0,4.197598183834323,-9.061894529154992,0.9624588059024636,-0.0018885595097146814,-0.01831770551104759,0.013967659553355702,0.0338783729464952,0.019597552522717124,0.04204147965029737,0.007003163885986444,0.013928402418665206,0.01159671786336202,14.221951518891778,2.0000000000000426,2.0000000000000426,2.0000000000000426,2.0000000000000426,2.0000000000000426,2.0000000000000426,stand
M111_1585,1,4.19363587874313,-9.070615384712761,0.9364843822460575,-0.005701632136777276,-0.006074051983325726,0.01251833156537554,0.03739225607877203,0.009153238174293688,0.046500647560766835,0.009928148038461357,0.005632085722833479,0.010763405031628157,14.20073564570195,2.0000000000000426,4.000000000000085,2.0000000000000426,2.0000000000000426,2.0000000000000426,2.0000000000000426,stand
M111_1585,2,4.191288595112265,-9.073309009700399,0.9350011319733822,-0.010564446519501877,-0.0069500369976723195,0.02130395810090275,0.027194691432975777,0.009547212486778442,0.03720555545764647,0.007037480461036578,0.003626837101059167,0.004737185240738617,14.199598736786045,2.0000000000000426,2.0000000000000426,2.0000000000000426,2.0000000000000426,2.0000000000000426,4.000000000000085,stand
M112_1585,0,4.163680344869895,-9.093365965289001,0.8898495104067863,-0.005490827431344016,-0.0029894625460192177,0.017661102953521496,0.015025298320408702,0.01484141820289204,0.014841477140710695,0.0023327816342403394,0.0035619448174864345,0.002374018228816106,14.14689582056568,2.0000000000000426,2.0000000000000426,2.0000000000000426,2.0000000000000426,2.0000000000000426,2.0000000000000426,stand
M112_1585,1,4.162524203269223,-9.096021245336459,0.8744034601339902,-0.005903565550748873,0.0007138838052890063,0.01829460995324802,0.017247452961451575,0.0199616611971049,0.03186298395653976,0.004540044624433029,0.002409605762968499,0.0028706818297535726,14.132948908739671,4.000000000000085,2.0000000000000426,2.0000000000000426,2.0000000000000426,4.000000000000085,2.0000000000000426,stand
M112_1585,2,4.19263044513645,-9.109632374009523,0.8599566728587972,-0.012223650459416521,0.0018629363818068894,0.022874652102996166,0.1302773326907758,0.058170712520991034,0.02780494092352059,0.011552770416154122,0.005124877686593727,0.00843710494579969,14.162219492004771,4.000000000000085,2.0000000000000426,2.0000000000000426,2.0000000000000426,6.000000000000128,2.0000000000000426,stand
M113_1585,0,4.14969553276205,-9.087380482290579,0.8452324206211206,0.0009433769334243064,0.000351645375462636,0.015157309836996988,0.028718233752393792,0.025983486102752154,0.03879324377319801,0.013766964443765952,0.009103027035812377,0.007016181426053217,14.082308435673749,4.000000000000085,2.0000000000000426,4.000000000000085,2.0000000000000426,2.0000000000000426,4.000000000000085,stand
M113_1585,1,4.162130838081155,-9.101913083202271,0.8639277226075283,-0.01048309784950038,0.00324352920777886,0.01926545671068912,0.021301420733946672,0.010350527256327161,0.02868663064752141,0.006275294194371986,0.007515375311026878,0.004488199219909105,14.127971643890952,2.0000000000000426,2.0000000000000426,2.0000000000000426,2.0000000000000426,2.0000000000000426,2.0000000000000426,stand
M113_1585,2,4.250571987844289,-9.10217252179045,0.8935999316995652,-0.01678130191576176,0.022690258314764646,0.025498845498352886,0.1964751013285064,0.04090594208716867,0.052932017238817776,0.016479748927594687,0.0356578530999039,0.015092923267701577,14.246344441334305,2.0000000000000426,4.000000000000085,6.000000000000128,2.0000000000000426,2.0000000000000426,2.0000000000000426,stand
N001_1585,0,3.1823031157490957,-9.303964460677781,2.0680147466663374,-0.011913701404755488,-0.008906755676989488,0.0191998851400079,0.024636070232920994,0.019574930161300002,0.022691700348760162,0.006455838968472457,0.005403203082832718,0.004340295314627102,14.554282323093213,2.0000000000000426,2.0000000000000426,4.000000000000085,2.0000000000000426,2.0000000000000426,2.0000000000000426,stand
N001_1585,1,3.1779620704516556,-9.30291591034432,2.0442546426419166,-0.004255109434112203,-0.012461965672659645,0.020580479003101317,0.028609005509317997,0.020435428880885828,0.032473691206500795,0.006224988245666649,0.00978035248346773,0.0043698788171578715,14.52513262343789,2.0000000000000426,2.0000000000000426,2.0000000000000426,2.0000000000000426,2.0000000000000426,2.0000000000000426,stand
N001_1585,2,3.1705631322003716,-9.289521802112661,2.0382947699830165,-2.0334222743557952e-05,-0.02894159989930813,0.023626920275466094,0.03604853303036065,0.024082247489533345,0.025566639901880028,0.006518154516217117,0.0128958741512399,0.004021888913453376,14.49837970429605,2.0000000000000426,6.000000000000128,2.0000000000000426,4.000000000000085,2.0000000000000426,2.0000000000000426,stand
N011_1585,0,3.1190877942763793,-9.312581304237607,2.1356083783289113,-0.022818302389326847,-0.009853205680752299,0.035485118361712156,0.07713588126318487,0.02850424782446389,0.06470278912992716,0.012747642214706676,0.012537349941527873,0.024657868046013193,14.567277476842897,2.0000000000000426,2.0000000000000426,2.0000000000000426,2.0000000000000426,2.0000000000000426,2.0000000000000426,stand
N011_1585,1,3.0620483791884343,-9.335514710504704,2.0868151134790396,-0.0204139704997756,-0.004991064972653464,0.023283447849023333,0.030897745213494244,0.02082118948886039,0.02371947218396904,0.007688239108168289,0.010278069327828702,0.011974516002213794,14.484378203172183,2.0000000000000426,4.000000000000085,2.0000000000000426,2.0000000000000426,2.0000000000000426,2.0000000000000426,stand
N011_1585,2,3.0612170434501604,-9.348777293839177,2.066203868170477,-0.016318972194819016,-0.007729374667563021,0.018266104523785822,0.020515042396900107,0.02774666179009079,0.024603618899849845,0.009606754442650934,0.0077830799439526505,0.01153650333807376,14.476198205459816,2.0000000000000426,4.000000000000085,2.0000000000000426,2.0000000000000426,2.0000000000000426,2.0000000000000426,stand
N012_1585,0,3.138906269464276,-9.313256751399207,2.090152133391938,-0.01445271621329875,-0.02222089638786327,0.03342082884100517,0.09051070990046223,0.012374671975502861,0.03337370380490396,0.01203051693065665,0.010492102069254645,0.022510168182495422,14.542315154255421,2.0000000000000426,4.000000000000085,2.0000000000000426,2.0000000000000426,2.0000000000000426,2.0000000000000426,stand
N012_1585,1,3.192472311698126,-9.31791827824934,2.104630797504856,-0.01119112049615357,-0.010046770027070447,0.02418514392866003,0.029339307120986036,0.012594257807557465,0.029611683458388768,0.0091543455483405,0.020715840194513443,0.017153608532960146,14.615021387452323,2.0000000000000426,4.000000000000085,2.0000000000000426,2.0000000000000426,2.0000000000000426,2.0000000000000426,stand
N012_1585,2,3.13292781088774,-9.314715888490422,2.075560815386293,-0.005121612347768132,0.010639080782521706,0.01180885437327389,0.04371137879695593,0.022232965177666583,0.04085726780821914,0.008953726440274586,0.017368410014349567,0.009756399507555523,14.523204514764457,2.0000000000000426,2.0000000000000426,2.0000000000000426,2.0000000000000426,2.0000000000000426,4.000000000000085,stand
N013_1585,0,3.155909939227632,-9.304530501532726,2.0947725139910296,-0.011220155035771435,-0.00920043879411166,0.02787230860845394,0.03353916633825698,0.014180517803969011,0.034613232221764004,0.009099147886418727,0.003932161719429615,0.0055436953135068094,14.555212954751385,2.0000000000000426,2.0000000000000426,2.0000000000000426,2.0000000000000426,4.000000000000085,2.0000000000000426,stand
N013_1585,1,3.144030990458863,-9.303481971773785,2.044463841495132,-0.006451314063105726,-0.012053312527751898,0.026956195534580982,0.012850364791754616,0.011408610258556722,0.02816076065446498,0.004689830092190384,0.005429148499029392,0.0039014278275930976,14.491976803727782,4.000000000000085,4.000000000000085,2.0000000000000426,2.0000000000000426,2.0000000000000426,2.0000000000000426,stand
N013_1585,2,3.1457562700590187,-9.310991378989117,2.027958526481099,-0.012519197331890325,-0.019581904208108156,0.02560372534091301,0.00481334284825727,0.017742813184080893,0.017986953571064702,0.005686308495563672,0.0063451303931332656,0.0035642885736482137,14.484706175529233,6.000000000000128,4.000000000000085,4.000000000000085,2.0000000000000426,2.0000000000000426,2.0000000000000426,stand
N101_1585,0,3.0628626183746777,-9.37417064311108,1.9614553224892703,-0.0016851050934644566,0.006014694978741183,0.023197508227459057,0.015606189055375657,0.024091359484585715,0.014395433855335723,0.004604990448333841,0.009972918578562834,0.008981227947782444,14.398488583975025,4.000000000000085,4.000000000000085,4.000000000000085,2.0000000000000426,2.0000000000000426,2.0000000000000426,stand
N101_1585,1,3.0409382094892665,-9.37042740135534,1.9506577376529146,-0.006661406516871655,-0.0006276746147389266,0.016241140046138094,0.027854857949450484,0.021086782352648614,0.02925134503864393,0.005876577651512674,0.006604781101297025,0.005544978324442315,14.362023348497521,2.0000000000000426,4.000000000000085,2.0000000000000426,2.0000000000000426,2.0000000000000426,2.0000000000000426,stand
N101_1585,2,3.037813689407201,-9.364102420240059,1.9307315670493495,-0.013983255569419283,-0.009050068446651523,0.015043362083657247,0.02338939129053291,0.023269395948756745,0.03370554267819509,0.003798273418574118,0.009097987811816774,0.002317081595329811,14.332647676696611,2.0000000000000426,4.000000000000085,2.0000000000000426,2.0000000000000426,2.0000000000000426,2.0000000000000426,stand
N103_1585,0,3.0173814677166404,-9.351449753967962,2.0582248587370295,-0.000764362955420353,0.016850243926155486,0.008726750036426655,0.022354607183505196,0.030554274199067248,0.03358115871417521,0.009425621192476004,0.0050211202446937215,0.005611177361149646,14.427056080421634,2.0000000000000426,4.000000000000085,2.0000000000000426,2.0000000000000426,2.0000000000000426,2.0000000000000426,stand
N103_1585,1,3.028273961154456,-9.362408267468476,2.096472978620404,0.004697473483645952,0.015710535630496607,0.011154772300608216,0.022889327038233535,0.015161897022156782,0.027591420701038694,0.011690360921108828,0.003696634320413734,0.008559641283549248,14.487155207243337,2.0000000000000426,4.000000000000085,2.0000000000000426,2.0000000000000426,2.0000000000000426,2.0000000000000426,stand
N103_1585,2,3.0418902786753477,-9.351038546882606,2.1440677086053497,0.020513767111184796,0.006790732903685505,0.011956854542463605,0.032387802733981154,0.031799728894796785,0.03933971394218982,0.010441690779710557,0.01672113222590862,0.008607521632753705,14.536996534163304,2.0000000000000426,2.0000000000000426,2.0000000000000426,2.0000000000000426,2.0000000000000426,2.0000000000000426,stand
N111_1585,0,3.138207503380968,-9.256564982587566,2.2760744304511014,-0.02597460191337574,-0.018386880849526874,0.034358366947295875,0.03442962082460176,0.030433652596433085,0.06006183623774532,0.009575805749090428,0.015819340760282404,0.018194235902294287,14.670846916419634,4.000000000000085,2.0000000000000426,2.0000000000000426,2.0000000000000426,2.0000000000000426,2.0000000000000426,stand
N111_1585,1,3.182938974056432,-9.269570900031542,2.2935998246537377,-0.016232507877210055,-0.025702926420779617,0.03754724718476809,0.04737299222278666,0.017521375033907053,0.027252079261137437,0.012090944810794311,0.005936047636609825,0.015443873881904883,14.746109698741714,2.0000000000000426,2.0000000000000426,2.0000000000000426,2.0000000000000426,4.000000000000085,2.0000000000000426,stand
N111_1585,2,3.188702033862255,-9.259605600503923,2.2299151695362545,-0.007031074930742545,-0.015469698060448164,0.02005778678006726,0.034415223828993306,0.011569904585071912,0.04569792503211459,0.004201171825773975,0.011967388804384563,0.009955609428502706,14.678222803902434,2.0000000000000426,2.0000000000000426,2.0000000000000426,2.0000000000000426,2.0000000000000426,2.0000000000000426,stand
N112_1585,0,3.082984573570655,-9.35241846491546,1.90222219735716,-0.015213138249251017,-0.0032568127590870068,0.02464849273991819,0.046529424478855136,0.021525801240842458,0.04141138557470037,0.009482021805127994,0.01394045597447664,0.014781135856253411,14.337625235843275,2.0000000000000426,2.0000000000000426,2.0000000000000426,2.0000000000000426,4.000000000000085,2.0000000000000426,stand
N112_1585,1,3.076882436093499,-9.377767826245659,1.9037585828954726,-0.014776389809908174,-0.022236949857545384,0.04139558394384225,0.0424897801754597,0.02004702396617551,0.03380696206055322,0.009861698287253801,0.012847688700780084,0.017644276720183667,14.35840884523463,2.0000000000000426,4.000000000000085,2.0000000000000426,4.000000000000085,2.0000000000000426,2.0000000000000426,stand
N112_1585,2,3.109605362206131,-9.371169399697848,1.8637961216834384,-0.0052222520459125335,-0.021262982700273284,0.042551665194567274,0.02568359013317981,0.03382215347947776,0.028390603224003035,0.006714005575234741,0.018671130479128918,0.013761800645519693,14.344570883587414,2.0000000000000426,2.0000000000000426,2.0000000000000426,2.0000000000000426,2.0000000000000426,2.0000000000000426,stand
N113_1585,0,3.1853491816213544,-9.34899815346812,1.840445278569134,-0.012861217431700015,-0.019298666925799738,0.015658970149962283,0.03606072292158194,0.037620576688578836,0.024058357905724095,0.008953928352095828,0.016166011071323295,0.009898154377775562,14.374792613658608,2.0000000000000426,2.0000000000000426,4.000000000000085,2.0000000000000426,2.0000000000000426,2.0000000000000426,stand
N113_1585,1,3.2097248073778974,-9.364357129294142,1.8984642711438569,-0.002583044623606533,0.012488447411277782,0.02928696496612422,0.06422820435227945,0.02544071755943974,0.06148100124922247,0.0133965244981965,0.0319288845610215,0.017624121739257474,14.472546207815892,2.0000000000000426,2.0000000000000426,2.0000000000000426,4.000000000000085,2.0000000000000426,2.0000000000000426,stand
N113_1585,2,3.2494252631018976,-9.321088119188902,1.9430383721241429,0.015455040700439255,0.04194296680379886,0.019451985355842433,0.04468393927885945,0.03683429539485308,0.03815135918565711,0.018532617177337313,0.020281441742252354,0.027210648725386668,14.51355175441494,2.0000000000000426,2.0000000000000426,2.0000000000000426,2.0000000000000426,2.0000000000000426,2.0000000000000426,stand
O001_1585,0,2.09059760205193,-9.66415824664351,1.86952877196227,-0.022910298180723373,0.02493363932947934,0.021315533802732198,0.03378087158818309,0.08155007991630524,0.030692170928531676,0.016646815461901696,0.020305952870369615,0.015375734861613742,13.62428462065771,2.0000000000000426,4.000000000000085,2.0000000000000426,2.0000000000000426,4.000000000000085,2.0000000000000426,stand
O001_1585,1,2.0771243469679512,-9.682850798532892,1.7941790861026048,-0.007770970431523039,0.017721070602489484,0.022267387281764302,0.02458879101846964,0.0347901859656659,0.06210856456926452,0.007637401619581569,0.009973757279012032,0.010676992815375902,13.554154231603448,2.0000000000000426,4.000000000000085,2.0000000000000426,2.0000000000000426,4.000000000000085,2.0000000000000426,stand
O001_1585,2,2.064804788933279,-9.683554278940418,1.7767569470944744,0.008029281643421517,0.00965616436956007,0.020956162804000256,0.034967811942899024,0.025150182138586278,0.04653466611307517,0.016538147580155916,0.005790753275764833,0.012791638782228394,13.525116014968171,2.0000000000000426,2.0000000000000426,2.0000000000000426,2.0000000000000426,2.0000000000000426,2.0000000000000426,stand
O002_1585,0,1.7863082760668236,-9.71490394485795,1.9807264284532018,-0.010605304012086253,-0.01868294633074923,0.01051869666270865,0.08440788535600545,0.02430371545025039,0.06712165921686303,0.02653518432563849,0.017891505541064927,0.017141125083833145,13.481938649377975,2.0000000000000426,4.000000000000085,2.0000000000000426,2.0000000000000426,4.000000000000085,2.0000000000000426,stand
O002_1585,1,1.799611646507824,-9.714141708811397,1.884586036170734,-0.001779166098422799,-0.009018317386538658,0.004863502031756339,0.06032009377795649,0.023930763773295248,0.07934838342183849,0.022795342101064934,0.018750119845513707,0.015894844583814516,13.398339391489953,2.0000000000000426,4.000000000000085,2.0000000000000426,2.0000000000000426,2.0000000000000426,2.0000000000000426,stand
O002_1585,2,1.7840213418038298,-9.714740338110664,1.8738390651612622,-0.015650839823936624,0.0020477892339889887,0.026185985749143607,0.050518491312414315,0.015707495965177076,0.06771127254066168,0.02334761294630529,0.01822425310175562,0.02212971569494707,13.37260074507575,2.0000000000000426,2.0000000000000426,2.0000000000000426,2.0000000000000426,2.0000000000000426,2.0000000000000426,stand
O011_1585,0,2.157273645576964,-9.668137623212914,1.5835403863101578,-0.013937050863212725,-0.004450337310176419,0.021881439229458982,0.044210682473768796,0.021098922006048005,0.0342147330302277,0.01769328645521164,0.012028732200255087,0.013800573079808335,13.408951655100033,2.0000000000000426,2.0000000000000426,2.0000000000000426,2.0000000000000426,2.0000000000000426,2.0000000000000426,stand
O011_1585,1,2.175811461344667,-9.67612349734772,1.6076677391232692,-0.01192628377381638,-0.007891624995833771,0.01807422915656355,0.055643997627721584,0.02696374103993197,0.06319921329813834,0.023507912581549766,0.016583033521004518,0.021019454185016773,13.459602697815656,2.0000000000000426,2.0000000000000426,2.0000000000000426,2.0000000000000426,2.0000000000000426,2.0000000000000426,stand
O011_1585,2,2.2048542820836246,-9.686758088384297,1.5895646607680307,-0.009418215564131149,-0.0031516110272531124,0.003832398348425543,0.02287276924753595,0.05025097125567199,0.08479875431735785,0.02202050934493299,0.020115360860781462,0.01725717952732407,13.481177031235951,2.0000000000000426,2.0000000000000426,2.0000000000000426,2.0000000000000426,2.0000000000000426,2.0000000000000426,stand
O012_1585,0,1.9080364235276366,-9.668324720343543,1.9978780853716613,-0.017052637491786225,0.0036872157633611406,0.013199517030680953,0.02470711825866003,0.012793510934407764,0.053902359427370546,0.011457057003551959,0.004531888926028756,0.007175401882914313,13.574239229242842,2.0000000000000426,4.000000000000085,2.0000000000000426,2.0000000000000426,4.000000000000085,2.0000000000000426,stand
O012_1585,1,1.892711921396352,-9.678125403503891,1.9710362299911566,-0.021543938044017365,0.007467126130571706,0.02031739331421615,0.012470435560147673,0.021536067332472028,0.02115103018077889,0.008655012945777403,0.004476900860097478,0.008926825998177085,13.541873554891401,4.000000000000085,2.0000000000000426,4.000000000000085,2.0000000000000426,4.000000000000085,2.0000000000000426,stand
O012_1585,2,1.894244152033307,-9.690918340079932,1.9382067551321382,-0.010934843282067295,0.00937240998363493,0.02001202192414518,0.019069158287858008,0.03200122584816518,0.05348832143113347,0.010129196129139293,0.004268660482129475,0.009677168742596883,13.52336924724538,2.0000000000000426,2.0000000000000426,2.0000000000000426,2.0000000000000426,4.000000000000085,2.0000000000000426,stand
O013_1585,0,1.9287161728797253,-9.686855774909851,1.899225843994219,-0.004628113974348945,0.0020042205081934462,0.023294133176513604,0.03311311341475769,0.01813912395463773,0.019055407386998124,0.006237591276149037,0.009496658538458142,0.010036188244103593,13.514797791783797,2.0000000000000426,2.0000000000000426,4.000000000000085,2.0000000000000426,2.0000000000000426,2.0000000000000426,stand
O013_1585,1,1.9169999629983088,-9.67995901569498,1.90240495390546,6.878783812476908e-05,0.007638218808358486,0.01655916186390847,0.021614364609560236,0.013268169569402471,0.020019166945531262,0.006365615436388511,0.0067971723041553266,0.0034464418833772326,13.499363932598747,2.0000000000000426,2.0000000000000426,2.0000000000000426,2.0000000000000426,2.0000000000000426,2.0000000000000426,stand
O013_1585,2,1.9063193235831204,-9.682554662613736,1.9045520036760106,0.003774832295912972,0.009470617262596827,0.016015997849678398,0.024467771710361266,0.019255393685859237,0.018726340709627563,0.004601712292086594,0.0051179481569444355,0.0017255570434586576,13.493425989872868,2.0000000000000426,4.000000000000085,4.000000000000085,4.000000000000085,2.0000000000000426,2.0000000000000426,stand
O101_1585,0,2.115579039850402,-9.638608239937845,1.8914740450769705,-0.001150572055075339,0.009431235020290333,0.01145575862290624,0.022160843415917984,0.029746901148371096,0.0618323678544588,0.008464296313363236,0.0034155114782617384,0.012321779132781268,13.645661324865214,4.000000000000085,2.0000000000000426,2.0000000000000426,2.0000000000000426,4.000000000000085,2.0000000000000426,stand
O101_1585,1,2.0914196723155207,-9.642492275312112,1.8792277143520622,-0.008595614312549373,0.00993981960960398,0.004766600610992289,0.04497815916466812,0.03805401851480525,0.04936732965253625,0.00938132561521289,0.00518681440246574,0.007374918040722824,13.613139661979694,2.0000000000000426,4.000000000000085,2.0000000000000426,2.0000000000000426,4.000000000000085,2.0000000000000426,stand
O101_1585,2,2.088819003857676,-9.658802792374573,1.893365141365591,-0.007735260330118886,0.0074370053532650405,0.019941917850720605,0.04860774941028334,0.02658013667188121,0.03911739133928005,0.009024347039200617,0.007355369216946653,0.016215427091880244,13.640986937597843,2.0000000000000426,4.000000000000085,2.0000000000000426,2.0000000000000426,4.000000000000085,2.0000000000000426,stand
O102_1585,0,1.9721711355691007,-9.698143436837915,1.8035539877553524,-0.006523326844202752,0.01896360624373304,0.025376507150439848,0.04957044541839676,0.057649967282130676,0.09006261047025681,0.020436704833297105,0.00826756155128709,0.01548526612366962,13.473868560162368,2.0000000000000426,4.000000000000085,2.0000000000000426,2.0000000000000426,2.0000000000000426,2.0000000000000426,stand
O102_1585,1,1.9734209416381048,-9.690897414143707,1.7685949837668915,0.003411693015730721,0.010793241208451427,0.02391667373006008,0.0475330461764694,0.03330126617517826,0.11926516758867445,0.019889039534575256,0.011669591307805408,0.018262172820627486,13.432913339548707,2.0000000000000426,2.0000000000000426,2.0000000000000426,2.0000000000000426,2.0000000000000426,2.0000000000000426,stand
O102_1585,2,1.9894293403614747,-9.680093866065036,1.7310216608723465,-0.005109337395972855,-0.014084200282270021,0.006786343674032651,0.03421343583774611,0.02615683595744061,0.08817382172496772,0.023274104719429894,0.0259850341420589,0.01835947746002583,13.400544867298859,2.0000000000000426,4.000000000000085,2.0000000000000426,2.0000000000000426,2.0000000000000426,2.0000000000000426,stand
O111_1585,0,2.151990235653983,-9.683415586101551,1.6998376785892138,-0.0005229913537401751,0.010759708776347887,0.008662194571022942,0.0159200385276503,0.015261145233828892,0.04980588927753813,0.010550713250805565,0.004516911214900642,0.006755248479307483,13.535243500344748,2.0000000000000426,6.000000000000128,2.0000000000000426,2.0000000000000426,4.000000000000085,2.0000000000000426,stand
O111_1585,1,2.16265475579018,-9.678837928593515,1.6667078873149705,-0.002888782956631833,0.00885121068487791,0.01455083994905192,0.020102689045916486,0.01068044459199594,0.03856578804461576,0.010359778769658358,0.002632290515253392,0.007511559053511761,13.508200571698668,2.0000000000000426,2.0000000000000426,2.0000000000000426,2.0000000000000426,2.0000000000000426,2.0000000000000426,stand
O111_1585,2,2.160649022291568,-9.67556278129901,1.677492568613247,-0.0034513759303524583,0.0050305461713508436,0.019242098041793793,0.025169859568805034,0.013531594479874226,0.047664553420129874,0.009475955334377015,0.004639831102636789,0.0033872477167310507,13.513704372203826,2.0000000000000426,2.0000000000000426,2.0000000000000426,2.0000000000000426,4.000000000000085,2.0000000000000426,stand
O112_1585,0,2.024335334647905,-9.680437231217434,1.7825059107004932,0.007937272666322319,0.014869148831658357,0.023941240925009856,0.028632752727003212,0.016629606228250188,0.00968960437956583,0.00703646925979347,0.004905462923235047,0.007873731828804414,13.487278476565834,2.0000000000000426,4.000000000000085,2.0000000000000426,2.0000000000000426,2.0000000000000426,2.0000000000000426,stand
O112_1585,1,2.012763016893265,-9.685635599823048,1.7720335076756117,0.0017455304726623172,0.014380354844722908,0.02633177934634614,0.023915962782697062,0.02969705770682772,0.031139378677481278,0.012374391535188801,0.0048097365083687085,0.0055963997663007565,13.470432124391925,2.0000000000000426,4.000000000000085,2.0000000000000426,2.0000000000000426,4.000000000000085,2.0000000000000426,stand
O112_1585,2,1.9884296057217425,-9.685127537223025,1.7972668218007724,-0.004571186327660905,0.011349497997171632,0.029205898662384055,0.0230319408657204,0.03087550188440703,0.04517334677274076,0.007841620448683589,0.004534707863459706,0.008264381127622723,13.470823964745541,2.0000000000000426,4.000000000000085,2.0000000000000426,2.0000000000000426,4.000000000000085,2.0000000000000426,stand
O113_1585,0,1.9395238333878058,-9.71137388306921,1.863890216673241,0.0014500087413307319,0.019453373015838743,0.020215908412740586,0.04006868763980195,0.02057731693304493,0.028701060148955144,0.010791020185105969,0.00635337842563573,0.008125345278024504,13.514787933130256,2.0000000000000426,2.0000000000000426,2.0000000000000426,2.0000000000000426,2.0000000000000426,2.0000000000000426,stand
O113_1585,1,1.9177560226558752,-9.694028918550668,1.8827610286822754,0.011133694078722603,0.023270896704544197,0.02709252096784777,0.024492441687400245,0.02168087893967237,0.016287621534010466,0.005563948938182772,0.005187574194437139,0.006092251548803601,13.494545969888819,2.0000000000000426,4.000000000000085,2.0000000000000426,2.0000000000000426,2.0000000000000426,2.0000000000000426,stand
O113_1585,2,1.9270275627497648,-9.674775707346868,1.8981647809644735,0.014960810875268285,0.017057482031126458,0.022648352223249263,0.02031222003605236,0.02632915279111945,0.02897740602363589,0.006827451838025677,0.011002339805702012,0.0108335291104462,13.499968051061108,4.000000000000085,4.000000000000085,2.0000000000000426,2.0000000000000426,2.0000000000000426,2.0000000000000426,stand
P001_1585,0,0.4565714970026988,-9.809280316827971,0.8124646672875775,-0.2719812749299499,-0.3180407570616758,0.7221407153637179,0.5775002246787277,1.086503213241932,0.7042030411705634,0.08266170622373278,0.4948164243203086,0.1221164211523525,11.25758068349016,2.0000000000000426,2.0000000000000426,2.0000000000000426,2.0000000000000426,4.000000000000085,4.000000000000085,stand
P001_1585,1,0.8112177993371542,-10.742524535846306,1.6797787388142884,0.08921342999257958,0.23652254236086845,0.15469311761904067,0.5279649402242613,1.6532218580532176,0.8917270848479798,0.5006104940339149,0.40482853388331075,0.8459774419183959,13.326440693884761,4.000000000000085,2.0000000000000426,2.0000000000000426,2.0000000000000426,4.000000000000085,2.0000000000000426,stand
P001_1585,2,1.0966134856368308,-10.441141851626666,0.9642507305403093,0.6215877267196361,0.34394849930710447,-1.2338211677185182,0.33011521970718555,1.9943887514301017,1.4085871543521062,0.4203436293488558,0.35530346834332155,1.0169734747104187,12.869148089122355,4.000000000000085,2.0000000000000426,2.0000000000000426,2.0000000000000426,4.000000000000085,2.0000000000000426,stand
P002_1585,0,1.0809778703053523,-9.958693569072501,0.8190116993926655,-0.019732019306026492,0.008753394298350915,0.021492113286453795,0.038426337596576404,0.02600851580652416,0.029015631198760796,0.00591942795219874,0.020926192386993926,0.008415517805373295,11.858683138770521,2.0000000000000426,4.000000000000085,4.000000000000085,2.0000000000000426,2.0000000000000426,2.0000000000000426,stand
P002_1585,1,1.0629031187745357,-9.963275356109497,0.7950362837849435,-0.016540876412123505,0.02787603937907303,0.014479392777103839,0.022237941339462566,0.014397264792942784,0.025341245569898557,0.0047945821109327755,0.006883123953804146,0.004938867249992446,11.821214758668976,4.000000000000085,4.000000000000085,2.0000000000000426,4.000000000000085,2.0000000000000426,4.000000000000085,stand
P002_1585,2,1.050581060388172,-9.95478931974261,0.7826305206562495,-0.015822948408353507,0.020238581054830257,0.019560910859125764,0.03450267520005724,0.014131091736766235,0.02485417025262168,0.002536211622236922,0.020250689238846733,0.007018246797656874,11.788000900787031,2.0000000000000426,6.000000000000128,4.000000000000085,4.000000000000085,2.0000000000000426,2.0000000000000426,stand
P011_1585,0,2.2187814322733077,-10.913377659770774,1.7473088803970187,0.5140724932540075,0.6941152779593384,-0.8296110223826321,0.785530786365628,1.0980925565471633,1.0311144833322923,0.5796152377005409,0.4892349901892605,1.3040365010939456,14.899282767050659,2.0000000000000426,4.000000000000085,2.0000000000000426,2.0000000000000426,2.0000000000000426,2.0000000000000426,stand
P011_1585,1,1.1393053952252996,-10.161269381313435,0.6560680386827532,0.6863456637772148,0.0931382760052999,-1.3790051519174948,0.5132246319774749,1.2605866513286574,0.6830478070395667,0.4852477390026145,0.9773674864882969,0.9998609685233825,11.984959027111211,2.0000000000000426,4.000000000000085,2.0000000000000426,2.0000000000000426,2.0000000000000426,2.0000000000000426,stand
P011_1585,2,1.1534843135888053,-10.258394835616944,0.9520310030636817,-0.17099412224332114,-0.5772131300716051,0.597853410660209,0.49924761574219234,1.0585073431232161,0.8790911684188941,0.6586373792464288,0.6665780002802394,1.7417714703640166,12.384614170732814,2.0000000000000426,2.0000000000000426,2.0000000000000426,2.0000000000000426,2.0000000000000426,2.0000000000000426,stand
P013_1585,0,1.798528370134397,-9.737263733624028,1.5431288796018334,-0.009985883456148637,-0.002747921814206874,0.034148829367573255,0.041610839793744324,0.04115129216789996,0.017862999054801147,0.0065382435173654985,0.03549855622588994,0.01795055568164863,13.07892098336026,2.0000000000000426,4.000000000000085,2.0000000000000426,4.000000000000085,2.0000000000000426,4.000000000000085,stand
P013_1585,1,1.838654736061117,-9.75515344539946,1.5724173958903576,-0.015368977335870504,-0.01754304324916546,0.03986900030613973,0.014708332138156272,0.05093658805311723,0.024336385816485447,0.005815310606899179,0.021437321037922064,0.01288066635410801,13.166225577350936,4.000000000000085,4.000000000000085,2.0000000000000426,2.0000000000000426,2.0000000000000426,2.0000000000000426,stand
P013_1585,2,1.814651597248643,-9.770323033406306,1.574321728311988,-0.024109525093051313,0.009271878516688543,0.03064715623423757,0.03443233371775778,0.04981999287216561,0.034415419770493054,0.016393794224986394,0.014070472994302542,0.015193516113083328,13.159296358966937,2.0000000000000426,6.000000000000128,2.0000000000000426,2.0000000000000426,2.0000000000000426,2.0000000000000426,stand
P101_1585,0,1.7074646667829663,-10.64540340835628,1.2842467353479023,0.20358328993187783,0.5377629208788303,0.28235364398302726,0.9270321968666281,1.1397830664006514,0.9044761098945562,0.359340182992644,1.115838993949288,0.46098356824758835,13.77995853503787,2.0000000000000426,6.000000000000128,2.0000000000000426,2.0000000000000426,2.0000000000000426,4.000000000000085,stand
P101_1585,1,1.6151211927662266,-10.392907063113558,1.3738073741383912,0.7643874333822147,0.7935242050987827,-0.774178861030717,0.8724302972976118,1.3637413973326933,0.76954098490485,0.4835425498789605,0.9369104159660966,1.1282361253487507,13.391986825401137,2.0000000000000426,2.0000000000000426,2.0000000000000426,2.0000000000000426,2.0000000000000426,2.0000000000000426,stand
P101_1585,2,0.8728729938610971,-9.796929303161527,0.5073512571045312,0.6268196083434956,-0.4987592883873463,-0.9046207044583933,0.5853230922065357,1.13986976431575,0.5939781563291756,0.6944203042408937,1.0820562836970284,1.2219531832517116,11.216310614657738,4.000000000000085,4.000000000000085,2.0000000000000426,2.0000000000000426,2.0000000000000426,2.0000000000000426,stand
P102_1585,0,0.9317904828721976,-9.936981994590502,0.783290124756586,0.6095104914003746,0.33894702594584203,-0.9317358851781455,0.18162272079800096,1.0407688789454068,0.8066075738124064,0.23634803297161985,0.4932820575599488,0.5696975177377646,11.655111300215838,6.000000000000128,2.0000000000000426,2.0000000000000426,2.0000000000000426,2.0000000000000426,2.0000000000000426,stand
P102_1585,1,1.3407763080411836,-9.596679507431697,0.4279457498256761,0.14723399701187911,-0.32014496464184317,-0.3752307375554181,0.46317171412271363,0.7766673337195829,0.3621254288946101,0.5840521624007176,0.5615323291558196,1.1605832685673927,11.368450263295106,2.0000000000000426,2.0000000000000426,2.0000000000000426,2.0000000000000426,2.0000000000000426,2.0000000000000426,stand
P102_1585,2,2.07141653820753,-10.002536814923417,1.2350263813788933,-0.36091155159955074,-1.030511944264932,0.554593590957845,0.7775001403883188,1.3879056551791902,1.0179931021221191,0.31570332304736387,0.6474997156814896,0.7089608051540304,13.348699775733117,4.000000000000085,2.0000000000000426,2.0000000000000426,2.0000000000000426,4.000000000000085,2.0000000000000426,stand
P103_1585,0,1.8094204921814736,-9.838895354536904,0.950896366994765,-0.01051610860541821,0.019906124096357496,0.019109034879184167,0.05569949435130771,0.03438613828650413,0.02744628692854169,0.008703734933378018,0.007655006658749963,0.015595224053425534,12.599212213713145,2.0000000000000426,4.000000000000085,2.0000000000000426,4.000000000000085,2.0000000000000426,2.0000000000000426,stand
P103_1585,1,1.8176395072150955,-9.828298228062813,0.9600140407848852,-0.016812059830638503,0.01142554451497374,0.03050948391088987,0.02890063327787374,0.026953886323346946,0.032976047370355276,0.007910889183830821,0.014517598892036899,0.007015664670374201,12.605951776062794,2.0000000000000426,4.000000000000085,4.000000000000085,2.0000000000000426,2.0000000000000426,2.0000000000000426,stand
P103_1585,2,1.7987546014053977,-9.83777494218095,0.9464541104034692,-0.019303970268046183,0.007701117865351567,0.027064131496181153,0.029353286734711964,0.019506867988593593,0.04548570449372047,0.006800976402919914,0.012394758858831944,0.006606941103743588,12.582983653989816,4.000000000000085,6.000000000000128,4.000000000000085,2.0000000000000426,2.0000000000000426,4.000000000000085,stand
P111_1585,0,2.101712130337031,-10.601261130853391,2.087758643745852,0.1149008264825664,0.42988325916245484,0.33294662591279883,0.5044200609847826,1.4466615967060565,1.0911014430522687,0.46577646312803306,0.7290479271052035,0.8365096246658712,14.790731904936274,2.0000000000000426,2.0000000000000426,2.0000000000000426,2.0000000000000426,2.0000000000000426,2.0000000000000426,stand
P111_1585,1,1.7767477955539617,-10.638174144351424,1.76795902061378,0.7637065674336551,0.4546136280398725,-1.0847703426952535,0.5860686221404663,1.5826674604853013,1.3743888408572522,0.5316062015482895,0.6782021152447125,1.0113052755525866,14.263033064720014,2.0000000000000426,2.0000000000000426,2.0000000000000426,2.0000000000000426,2.0000000000000426,2.0000000000000426,stand
P111_1585,2,1.347678190806711,-9.570836209636326,0.5898746342109272,0.5157171101412,-0.2762786018633518,-0.9434493614329956,0.36212086117211,1.3085227300442581,0.5243141635964871,0.7763250697045586,0.673367039913418,1.2833099013435552,11.594570775303069,4.000000000000085,4.000000000000085,2.0000000000000426,2.0000000000000426,4.000000000000085,2.0000000000000426,stand
P112_1585,0,1.8755038193124611,-9.830954485509835,0.9134375035046489,-0.011551929939113746,-0.02986357773672328,0.03784183011321201,0.05517751927747917,0.018899536771711602,0.05216697596674309,0.019320495982683653,0.013584831534143705,0.018776941336217552,12.619895808326946,2.0000000000000426,6.000000000000128,2.0000000000000426,2.0000000000000426,2.0000000000000426,2.0000000000000426,stand
P112_1585,1,1.9307210458273274,-9.82816996521894,0.8818930063507147,-0.03516665889530401,0.0003590909990257383,0.028794391261370823,0.040733565677240624,0.04552305461766703,0.04173043079993783,0.015657132855416155,0.028730832351104546,0.02957622502691199,12.64078401739698,2.0000000000000426,2.0000000000000426,4.000000000000085,2.0000000000000426,2.0000000000000426,2.0000000000000426,stand
P112_1585,2,1.8752480183163411,-9.83480649024568,0.8668424562964442,-0.02661482959150986,0.006010117308172349,-0.00486838542728576,0.08428947565448101,0.057094780293487545,0.07348677856337986,0.020280161290322167,0.03133559450793529,0.038445233822646876,12.576896964858468,2.0000000000000426,4.000000000000085,2.0000000000000426,2.0000000000000426,4.000000000000085,2.0000000000000426,stand
P113_1585,0,1.6036190121549405,-10.01117207820219,1.5466718687660497,0.023952945717962897,0.19775546311501288,0.1523704774786058,0.6937785385986629,1.6169665328427032,0.8272892450485952,0.1702044195906866,1.1623155538421948,0.26113791518297763,13.162711138145134,4.000000000000085,2.0000000000000426,2.0000000000000426,2.0000000000000426,2.0000000000000426,2.0000000000000426,stand
P113_1585,1,1.534219893392135,-10.507039714812697,1.5083431098533915,0.3851873794563444,0.7718975886581635,-0.3690309396032763,0.25471674934234234,1.454642579293027,0.7892059882525996,0.3682087679692073,0.31479876997080924,0.5779050930584468,13.551538890810313,2.0000000000000426,2.0000000000000426,2.0000000000000426,2.0000000000000426,4.000000000000085,2.0000000000000426,stand
P113_1585,2,1.233831850302937,-9.523449938592982,0.5022869107319621,0.41775832193295903,0.03590351130780633,-0.6093689904103412,0.3933669621247047,1.2243724007654289,0.6532350641268211,0.4282589589658364,0.8276326237361001,0.47635261997010087,11.313350809475034,4.000000000000085,2.0000000000000426,2.0000000000000426,2.0000000000000426,2.0000000000000426,2.0000000000000426,stand
Q001_1585,0,1.589748517603016,9.35871081341786,1.697622283164276,-0.011089106416250508,-0.012718671360172393,0.02487352015022398,0.04456644662222167,0.019686241147816932,0.03752119690665292,0.009321708736978322,0.011862519933903611,0.014580591890609203,12.646081614185153,2.0000000000000426,6.000000000000128,2.0000000000000426,2.0000000000000426,2.0000000000000426,2.0000000000000426,stand
Q001_1585,1,1.635262001450562,9.36819593747835,1.7320687899025617,-0.013870115161067882,0.0077184145871300605,0.01851987606165185,0.03413683565123627,0.025893604708244856,0.02782066114534439,0.008500932627292542,0.018987379636860872,0.008009013318532012,12.735526728831474,2.0000000000000426,4.000000000000085,4.000000000000085,2.0000000000000426,2.0000000000000426,2.0000000000000426,stand
Q001_1585,2,1.6256284305796205,9.366226215382294,1.7102788283720265,-0.019348618136079153,0.029948072700092598,0.02340699795324251,0.03906025635143315,0.02787852342222853,0.05520470141405058,0.008002757305654452,0.016972455976886014,0.010700329881575437,12.702133474333941,2.0000000000000426,2.0000000000000426,2.0000000000000426,4.000000000000085,2.0000000000000426,2.0000000000000426,stand
Q002_1585,0,1.6752291867635876,9.251091352565739,1.9970270900613358,-0.004719393495509688,-0.021462447880062942,-0.010067994414806769,0.10737319050861419,0.03610937619461042,0.15653160750888329,0.02122975327811004,0.015634014619634876,0.02485509190088365,12.923347629390664,2.0000000000000426,4.000000000000085,2.0000000000000426,2.0000000000000426,2.0000000000000426,2.0000000000000426,stand
Q002_1585,1,1.69901612304768,9.289293309382334,1.9439529414886292,0.02246415736753891,0.016737027549799433,-0.00016393025621161094,0.05840138756427601,0.13243104264407912,0.1551541718643602,0.047562175118332425,0.03922815961258305,0.02292977339749366,12.932262373918643,4.000000000000085,2.0000000000000426,2.0000000000000426,2.0000000000000426,2.0000000000000426,2.0000000000000426,stand
Q002_1585,2,1.6237431017486417,9.330106925058619,1.9202551369340588,0.045599374935504776,0.03136111830553761,0.001544627010567754,0.0752473970243109,0.14798003612236188,0.10935413277333332,0.03269006901942468,0.03565499617521838,0.025784222983324834,12.87410516374132,2.0000000000000426,4.000000000000085,2.0000000000000426,2.0000000000000426,4.000000000000085,2.0000000000000426,stand
Q003_1585,0,1.6600972797380362,9.300998203640763,1.853740125912924,-0.0072666635997569885,0.03924400339401833,0.008796653155867199,0.05599631879641566,0.045154748808744705,0.019414227105746765,0.026502117717976025,0.01886316283810778,0.0056867804245886965,12.81483560929172,4.000000000000085,4.000000000000085,6.000000000000128,2.0000000000000426,2.0000000000000426,6.000000000000128,stand
Q003_1585,1,1.6320400773938184,9.299481545038875,1.892210926576417,-0.011671742532429433,-0.03807427732841325,-0.015685358007580735,0.07793941284507647,0.09774203196297246,0.07189119983223503,0.024570286938024363,0.11515739237840847,0.035369310212146066,12.823732549009112,2.0000000000000426,2.0000000000000426,2.0000000000000426,2.0000000000000426,2.0000000000000426,2.0000000000000426,stand
Q003_1585,2,1.574608490778784,9.318821895484186,1.8596364141824582,0.029341455465430086,-0.30616583757845595,-0.08258784602389001,0.07595366416983713,0.12212251222340223,0.11179169051783074,0.03697922944405715,0.23866233198235942,0.05480187582024775,12.753066800445431,2.0000000000000426,2.0000000000000426,4.000000000000085,2.0000000000000426,2.0000000000000426,2.0000000000000426,stand
Q011_1585,0,1.4774219612710657,9.281644471823213,2.0151171078,-0.02974974072437111,0.022186239006060596,0.0010969934868961717,0.08373375401677866,0.0745209438906974,0.029276975753102168,0.020187604844164736,0.014165679590618948,0.05008042781477652,12.774183540894278,2.0000000000000426,4.000000000000085,2.0000000000000426,2.0000000000000426,4.000000000000085,2.0000000000000426,stand
Q011_1585,1,1.5031011612933391,9.283462313553606,2.0672822749455353,-0.011344960679352091,0.02211097785997361,0.03247433856473887,0.06308110791200908,0.04643628370788033,0.05796662501427596,0.013264050619944939,0.011658849119257795,0.03724313737409448,12.85384574979248,4.000000000000085,4.000000000000085,2.0000000000000426,2.0000000000000426,4.000000000000085,4.000000000000085,stand
Q011_1585,2,1.4959615287558945,9.297598159828016,2.0831870341783345,-0.009110590587121515,0.010673544532115714,0.0432037650457478,0.05137054562471501,0.06365128355044092,0.048333610664064934,0.008211866880658624,0.014041473887935522,0.01883033905643172,12.876746722762245,4.000000000000085,4.000000000000085,4.000000000000085,4.000000000000085,2.0000000000000426,4.000000000000085,stand
Q012_1585,0,1.4193543792735772,9.246266645915647,2.21096056338641,0.006081299588763424,-0.008411660776266133,0.030114958376916343,0.0337084188136215,0.05165522283678229,0.09889353625780582,0.02764165009701552,0.020797709755270247,0.010932463223753018,12.876581588575633,2.0000000000000426,2.0000000000000426,2.0000000000000426,2.0000000000000426,2.0000000000000426,2.0000000000000426,stand
Q012_1585,1,1.41574369095567,9.28787618838174,2.2183761335083916,0.010292087597151984,0.005075533429556026,0.023962615423243804,0.03449109944806181,0.030077541116290844,0.09407019085363365,0.023399423584108126,0.02762575697698942,0.015764409516043548,12.921996012845803,2.0000000000000426,4.000000000000085,2.0000000000000426,2.0000000000000426,2.0000000000000426,2.0000000000000426,stand
Q012_1585,2,1.4299079326688493,9.290591922977534,2.1458708421038266,-0.009792215551965482,0.005871567942758306,0.03370248376077536,0.04427006447403942,0.03421494687443172,0.075651624046719,0.029228114047492378,0.023058043399249172,0.028004075727527795,12.866370697750208,2.0000000000000426,2.0000000000000426,2.0000000000000426,2.0000000000000426,2.0000000000000426,2.0000000000000426,stand
Q013_1585,0,1.5432897856456376,9.3199404848137,1.9277859501419217,-0.01927339637771601,0.014578824680155828,0.027633908065343132,0.061097344291215154,0.036091979038906805,0.04843512357114626,0.00793421253648117,0.012844919453642792,0.015673808938208033,12.791016220601259,2.0000000000000426,2.0000000000000426,2.0000000000000426,2.0000000000000426,2.0000000000000426,2.0000000000000426,stand
Q013_1585,1,1.4795302484666373,9.331095729554564,1.9024337542352034,-0.013402751559798571,0.011682734728524064,0.02851188918572606,0.03679932709247251,0.021039747075778843,0.03168795650463845,0.01284243978999956,0.007505649316268608,0.014187724857586102,12.713059732256406,4.000000000000085,4.000000000000085,2.0000000000000426,2.0000000000000426,4.000000000000085,2.0000000000000426,stand
Q013_1585,2,1.493332896823567,9.32018387348988,1.9390512409856127,0.000717595176426918,-0.00015674618495538278,0.010430801103809869,0.0535989270104392,0.024091090477769108,0.03934828622756159,0.005938355143289856,0.012206563497560906,0.013994926107946677,12.752568011299061,2.0000000000000426,2.0000000000000426,2.0000000000000426,2.0000000000000426,2.0000000000000426,2.0000000000000426,stand
Q101_1585,0,1.6104422311067816,9.292310761265766,2.0400506438116595,-0.016235030167940173,0.01834001278025919,0.018242823052203996,0.026762258415765836,0.056789422216564384,0.0985591343787508,0.016455197939143185,0.017355548024431254,0.01405874280779378,12.942803636184204,4.000000000000085,4.000000000000085,2.0000000000000426,2.0000000000000426,2.0000000000000426,2.0000000000000426,stand
Q101_1585,1,1.582844931335997,9.290942786202441,1.9977533295484406,-0.004897556898892031,-0.007602651564121054,0.02424485482109335,0.0351895450875061,0.03378114090021278,0.0667881206085711,0.024370126496808628,0.028409771555807734,0.01909077218491279,12.871541047086877,2.0000000000000426,2.0000000000000426,2.0000000000000426,2.0000000000000426,2.0000000000000426,2.0000000000000426,stand
Q101_1585,2,1.6163198788384308,9.314027959101777,2.058782889060015,0.0012736898319977764,-0.018174494593843155,0.007900990298964095,0.07528629276914259,0.02437532348362078,0.06422794204329507,0.02030305756317873,0.02338542598651104,0.025744694728936878,12.989130727000223,2.0000000000000426,2.0000000000000426,2.0000000000000426,2.0000000000000426,4.000000000000085,2.0000000000000426,stand
Q102_1585,0,1.7737778287168633,9.335067668156718,1.4027908668733209,0.0034828975250627238,-0.09469537613613803,-0.02969051866287552,0.10226960196502886,0.13287586208982444,0.09596332702921365,0.012375033959341492,0.09361072614685301,0.0522951885988978,12.511636363746904,2.0000000000000426,4.000000000000085,4.000000000000085,2.0000000000000426,2.0000000000000426,2.0000000000000426,stand
Q102_1585,1,1.677292757822176,9.359060592673508,1.3031022644890435,0.029084955619083003,-0.18243455609972709,-0.0738783113653785,0.12274988219033461,0.18928484019665176,0.13888338884573853,0.05085342073430031,0.12181619180970084,0.08725939108333239,12.339455614984727,2.0000000000000426,4.000000000000085,4.000000000000085,4.000000000000085,4.000000000000085,4.000000000000085,stand
Q102_1585,2,1.6800718967252521,9.302783130651735,1.3264114226753936,0.09648576172435057,-0.23405064163018213,-0.22472986780141807,0.15874598902028073,0.18348659105885137,0.15296519165114755,0.07539614921917805,0.11973192008111544,0.16311353236509715,12.30926645005238,2.0000000000000426,4.000000000000085,2.0000000000000426,2.0000000000000426,4.000000000000085,2.0000000000000426,stand
Q103_1585,0,1.573822453262129,9.311646622224053,1.8580547379978294,-0.021662168349654773,0.025336146810139466,0.01721039750313787,0.03383108944706333,0.04460672113166192,0.08427683896751423,0.011027232785559279,0.03348657355905738,0.011951703969835945,12.743523813484012,4.000000000000085,2.0000000000000426,2.0000000000000426,2.0000000000000426,2.0000000000000426,2.0000000000000426,stand
Q103_1585,1,1.552447549058123,9.288834696335094,1.853090967997277,-0.001760904672364457,-0.0017513519114332415,0.00901550825165495,0.04768883854770846,0.06544033516652317,0.10201008715882454,0.029950252774245786,0.02524918279137334,0.019646143561291907,12.694373213390493,4.000000000000085,2.0000000000000426,2.0000000000000426,2.0000000000000426,2.0000000000000426,2.0000000000000426,stand
Q103_1585,2,1.611447296119051,9.320087875372474,1.8067148465087621,0.01244227706752397,-0.029009605883558574,-0.046175485793790834,0.12517225419287423,0.17875641441394546,0.13337329475918772,0.01721606077130536,0.036114542145858936,0.06089299520521153,12.738250018000285,2.0000000000000426,4.000000000000085,2.0000000000000426,2.0000000000000426,2.0000000000000426,2.0000000000000426,stand
Q111_1585,0,1.7257338838341414,9.301174063171318,1.9583507131489544,-0.010189702837971923,0.03765370745827007,0.025316585672784178,0.038479679394388594,0.02897636786093641,0.05076171090815218,0.00945549273241227,0.009204175414130168,0.008242429027369956,12.985258660154413,2.0000000000000426,4.000000000000085,2.0000000000000426,2.0000000000000426,2.0000000000000426,2.0000000000000426,stand
Q111_1585,1,1.6843161321672648,9.305222281409566,1.9430493400388957,-0.01862480681968603,0.05179791059566756,0.01675364164075938,0.025543898791941917,0.040207515064956706,0.048874394507047836,0.009460439726516107,0.015682585287218935,0.011708448618357977,12.932587753615726,4.000000000000085,4.000000000000085,2.0000000000000426,4.000000000000085,2.0000000000000426,2.0000000000000426,stand
Q111_1585,2,1.7058051215951775,9.282122041195576,1.9842868478525941,-0.017328892199350347,0.055747363409847116,0.017923098567410152,0.03925342093316787,0.04588906838718444,0.05783320902695325,0.010539524521174357,0.018729971145543995,0.011974433943100557,12.972214010643347,2.0000000000000426,4.000000000000085,4.000000000000085,2.0000000000000426,2.0000000000000426,2.0000000000000426,stand
Q112_1585,0,1.2957976538389195,9.449926243939315,1.1580894867485148,0.004776077450365351,0.0375290130993404,-0.004300743826362342,0.06119562648438238,0.07924683236993006,0.031004292649853726,0.013724339259282623,0.034351504429912916,0.04151534592077541,11.90381338452675,2.0000000000000426,4.000000000000085,2.0000000000000426,4.000000000000085,2.0000000000000426,2.0000000000000426,stand
Q112_1585,1,1.3417745768673748,9.435496095208007,1.0473360509247802,0.021535396534352973,-0.06087655373823482,-0.07194764332767073,0.12943409482188664,0.10478582240769994,0.11566646275056848,0.03708277007269834,0.09580735077178022,0.05332668019520304,11.824606723000164,2.0000000000000426,4.000000000000085,2.0000000000000426,4.000000000000085,2.0000000000000426,2.0000000000000426,stand
Q112_1585,2,1.1935948924559552,9.49340784178581,0.9848181959891313,0.07048248912533348,-0.1745426183984527,-0.1432707309000076,0.25342914136024647,0.10029850148455453,0.0836704617504369,0.06076076270797662,0.05981488746587838,0.05055464670700925,11.671820930230897,2.0000000000000426,2.0000000000000426,4.000000000000085,4.000000000000085,2.0000000000000426,4.000000000000085,stand
Q113_1585,0,1.6774818589232894,9.46322774186688,0.8979280097678695,-0.005969226744225511,0.008587652068417218,0.02391415123094462,0.026930177936605057,0.022956046244319,0.03192974407717083,0.0033610826886497094,0.007333298921765524,0.0031898252368259905,12.038637610558041,2.0000000000000426,4.000000000000085,2.0000000000000426,4.000000000000085,4.000000000000085,4.000000000000085,stand
Q113_1585,1,1.6908321073473065,9.448513367182677,0.8861353047427825,-0.006756641614093621,-0.0011383460346580563,0.02248172746714359,0.03460748596443021,0.023092123955976474,0.04278372457598044,0.0039058964683788447,0.01638941017130318,0.0054848124932496585,12.025480779272765,2.0000000000000426,4.000000000000085,4.000000000000085,4.000000000000085,2.0000000000000426,2.0000000000000426,stand
Q113_1585,2,1.6988952634097745,9.447317902271969,0.8513801580121664,-0.007112505131458245,-0.0025033553972060927,0.021070821273135053,0.03500723672921661,0.015113719158929334,0.03344213162295641,0.003225329753371774,0.01755657713387042,0.004949965830136614,11.997593323693911,2.0000000000000426,4.000000000000085,4.000000000000085,4.000000000000085,2.0000000000000426,2.0000000000000426,stand
R001_1585,0,2.0308250518253703,9.265762917683984,1.7737740114522647,-0.005089710443728873,0.007856213551543464,0.023883405754424273,0.04430979768536377,0.04906387339023317,0.02847962548227227,0.0038284427320959217,0.031849414578233724,0.012080311806976335,13.070361980961618,4.000000000000085,4.000000000000085,4.000000000000085,2.0000000000000426,2.0000000000000426,4.000000000000085,stand
R001_1585,1,1.9768581384190589,9.270304376323413,1.7733377127556031,-0.00912198887300357,-0.0013092983933969205,0.016114593854590725,0.061664043372328496,0.047251868682267245,0.021766444563406626,0.009123261112863046,0.04168831972508227,0.006098167418168214,13.020500227498074,4.000000000000085,4.000000000000085,4.000000000000085,2.0000000000000426,4.000000000000085,2.0000000000000426,stand
R001_1585,2,2.004838464672485,9.262779596665425,1.7744582899321224,-0.00851872941494718,-0.004110571687173179,0.01975774982009791,0.07556921377791143,0.02184066354379918,0.02625248378189452,0.011566355314612612,0.045829373149372826,0.008890240788871406,13.042076351270033,2.0000000000000426,6.000000000000128,4.000000000000085,4.000000000000085,2.0000000000000426,2.0000000000000426,stand
R002_1585,0,1.7492565234068544,9.29967895098469,1.9198494287718189,0.0011388049954457414,-0.0021300505663358624,0.012174607241452357,0.03741313539278529,0.01371542485856589,0.03076531135008364,0.010986309297450054,0.023906822311198044,0.023059051185365977,12.968784903163364,2.0000000000000426,2.0000000000000426,2.0000000000000426,2.0000000000000426,2.0000000000000426,2.0000000000000426,stand
R002_1585,1,1.726821164219079,9.273222368145836,1.8922162999412437,-0.0054617590979776035,0.033181983953656694,0.02836375719235751,0.046981938895800976,0.04807592436241585,0.04820340775438992,0.011772890821519425,0.017929229747584513,0.016213459229105977,12.89225983230616,2.0000000000000426,2.0000000000000426,2.0000000000000426,2.0000000000000426,2.0000000000000426,2.0000000000000426,stand
R002_1585,2,1.8195488476750177,9.28113000045617,1.8459941066113845,0.01196355984611966,0.061249603021062485,-0.003287407376515639,0.1377076142907625,0.07911877370865433,0.020755897275420924,0.021680369506513007,0.01732630141653327,0.03472963458194009,12.94667295474257,2.0000000000000426,2.0000000000000426,4.000000000000085,2.0000000000000426,2.0000000000000426,2.0000000000000426,stand
R003_1585,0,1.561146372292704,9.434627976217596,1.2411933387956828,0.0065896074951599815,-0.004742654866026979,0.003868567713104973,0.07922266765586637,0.04074789704141994,0.06020726372717715,0.009765045883958929,0.031227064104801854,0.02686265930398167,12.236967687305984,2.0000000000000426,2.0000000000000426,2.0000000000000426,4.000000000000085,2.0000000000000426,4.000000000000085,stand
R003_1585,1,1.5475517065960298,9.439491501976526,1.1797559222231626,0.019733658260243335,-0.048554333097828105,-0.029524127576478074,0.07120721629438827,0.04246809043388483,0.06351836310436879,0.013285716309935438,0.08238753768016104,0.028280983969923477,12.166799130795718,2.0000000000000426,4.000000000000085,2.0000000000000426,2.0000000000000426,2.0000000000000426,2.0000000000000426,stand
R003_1585,2,1.5074688904800848,9.45196843385892,1.160480011353829,0.008506844018825739,-0.19643874912264336,-0.02180778800384299,0.06379908858506468,0.11069579959352334,0.03708014574707727,0.029600351064908628,0.10700346611447288,0.033321572875671855,12.119917335692833,2.0000000000000426,4.000000000000085,2.0000000000000426,2.0000000000000426,2.0000000000000426,2.0000000000000426,stand
R011_1585,0,1.600674308263513,9.260644531210366,1.731675287421007,-0.007392102894984918,-0.028528284958829406,-0.03307499984485188,0.18895701753060593,0.09624885053386918,0.09569700124805255,0.049698743478763324,0.039518580358395596,0.08036415649811378,12.592994126894885,2.0000000000000426,2.0000000000000426,2.0000000000000426,2.0000000000000426,2.0000000000000426,2.0000000000000426,stand
R011_1585,1,1.740326783358454,9.338730491775518,1.697338456865484,0.0265780277043673,-0.006581007215958472,-0.05070896092018423,0.1373710255298411,0.15181379781567816,0.09212246430194442,0.01374642112559573,0.02767185694960103,0.053261086447912914,12.776395731999456,2.0000000000000426,2.0000000000000426,2.0000000000000426,2.0000000000000426,4.000000000000085,4.000000000000085,stand
R011_1585,2,1.4129721856264361,9.37029684105902,1.6090162847459184,0.050694729011635783,-0.05023487472869049,-0.12319647658335929,0.3658624015543857,0.14617416565489616,0.04256828509042922,0.03282522893000685,0.05888321553106086,0.1516804286949144,12.392285311431376,2.0000000000000426,2.0000000000000426,4.000000000000085,2.0000000000000426,2.0000000000000426,2.0000000000000426,stand
R102_1585,0,2.0644572878220613,9.3683363953253,0.9935341329407633,0.013448413476629808,-0.012931298844513509,-0.012194825191102066,0.08455050885629181,0.023526856464970797,0.04352212730915609,0.010615671084377746,0.015789494613794877,0.006389619074134732,12.426327816088124,4.000000000000085,4.000000000000085,2.0000000000000426,2.0000000000000426,4.000000000000085,4.000000000000085,stand
R102_1585,1,2.047694861534558,9.377474528228815,0.9597727087698189,-0.005517533810426914,0.027782147784716087,0.008981574593206665,0.0850249682479217,0.03067555394552027,0.04816345023324512,0.017881656666123413,0.04343206539809637,0.024894103883932848,12.384942098533193,4.000000000000085,2.0000000000000426,4.000000000000085,2.0000000000000426,2.0000000000000426,2.0000000000000426,stand
R102_1585,2,2.025461309542474,9.375670973698169,0.9661885866046969,-0.010860083063409947,0.057868050633262225,0.03416954772644793,0.10477835032554716,0.045368639569916235,0.04304309094357888,0.015428542772018109,0.03524441398829488,0.024967158392623413,12.367320869845337,4.000000000000085,4.000000000000085,4.000000000000085,4.000000000000085,2.0000000000000426,4.000000000000085,stand
R111_1585,0,2.0935059373478198,9.259410094569182,1.7208127955680044,-0.009649248771219438,0.031176662776134324,0.014680072829545915,0.2473790068182694,0.14434363658062802,0.16533283767629428,0.05670960924898063,0.1498326425871028,0.03374062298090062,13.073728827485004,4.000000000000085,4.000000000000085,2.0000000000000426,2.0000000000000426,2.0000000000000426,4.000000000000085,stand
R111_1585,1,2.0828528922219522,9.23455672648071,1.8073450611261532,-0.033400433526929854,0.07491066373229524,0.02510935152523919,0.13121491651484976,0.047713877664744705,0.09226979374803312,0.02867355590022998,0.1033910530125293,0.027537629363863447,13.124754679828813,6.000000000000128,4.000000000000085,2.0000000000000426,2.0000000000000426,2.0000000000000426,2.0000000000000426,stand
R111_1585,2,2.0593901771261236,9.26476415620329,1.850779875902696,-0.011634599852722161,0.007144689769007098,0.04454049981209268,0.08440944703614081,0.039778361427241865,0.05711304565513807,0.007723499525089108,0.03792592642245636,0.020761781168675126,13.174934209232111,4.000000000000085,2.0000000000000426,4.000000000000085,2.0000000000000426,4.000000000000085,2.0000000000000426,stand
R112_1585,0,1.6583244921847524,9.302606047239053,1.8455571709914909,-0.013967821950853448,-0.007377661396891036,0.03495502263699533,0.057759392594623885,0.015951267959841486,0.051928416722177094,0.021147570261312847,0.017353512392894697,0.02070993388919252,12.806487710415299,2.0000000000000426,2.0000000000000426,2.0000000000000426,2.0000000000000426,2.0000000000000426,2.0000000000000426,stand
R112_1585,1,1.6953260338212097,9.311229080113117,1.8680739010213407,-0.0010078800563583044,7.692761898916982e-05,0.013613605404882302,0.033101445581632596,0.014636491783420401,0.052844133040272405,0.012590476071878779,0.019457346495692,0.0076421548773149646,12.874629014955667,2.0000000000000426,4.000000000000085,2.0000000000000426,2.0000000000000426,2.0000000000000426,2.0000000000000426,stand
R112_1585,2,1.7075202872507742,9.307254354331004,1.814443423403852,-0.001161300775807662,0.008060845009456884,0.010326209198627796,0.01607354603634953,0.022004081558110542,0.09387017669667032,0.01189994801761612,0.01304877531561024,0.00968060550415418,12.829218064985632,2.0000000000000426,4.000000000000085,2.0000000000000426,2.0000000000000426,4.000000000000085,4.000000000000085,stand
S001_1585,0,2.0427909648697162,-9.62288235412075,2.059883518670317,0.00788438017149632,0.009157286139863384,0.012313259263040038,0.07046791574150399,0.03160338387921983,0.01684323360776871,0.008864754484165288,0.02006166468464003,0.014824226284777219,13.72555683766078,4.000000000000085,2.0000000000000426,2.0000000000000426,2.0000000000000426,4.000000000000085,2.0000000000000426,stand
S001_1585,1,2.050792496430795,-9.59798605509746,2.074084527383589,-0.007017628455126261,0.06936948302171488,-0.003268471231656751,0.08440425084547767,0.015708830178028654,0.014048937483960678,0.02066419099264056,0.06570241903447305,0.00958251778376158,13.722863078911839,4.000000000000085,4.000000000000085,2.0000000000000426,2.0000000000000426,2.0000000000000426,4.000000000000085,stand
S001_1585,2,2.0164591514725423,-9.62089127581449,2.1209950486808573,0.003107633568761975,0.08609045343398815,-0.023224761602228777,0.0966083717266804,0.050254323026741654,0.05187273711496615,0.03826318604084276,0.06494500034586778,0.02144835430996794,13.75834547596789,4.000000000000085,4.000000000000085,2.0000000000000426,2.0000000000000426,2.0000000000000426,2.0000000000000426,stand
S002_1585,0,-1.7839637047204056,9.18796865358299,2.3004585097585983,-0.02163678012111707,0.02257625057289391,0.017026569636679714,0.03227111219254376,0.02966599159362347,0.023255137505692698,0.004179081441056464,0.0106038514031296,0.008038888235910382,13.272390868061994,2.0000000000000426,2.0000000000000426,2.0000000000000426,2.0000000000000426,2.0000000000000426,2.0000000000000426,stand
S002_1585,1,-1.7574942534851783,9.20440172663549,2.3518668071020765,-0.01770876169542354,0.028077796422632126,0.016014326488785185,0.08298161300009672,0.06565047313567725,0.08910451406151108,0.005583593279594561,0.025527899019867947,0.011080496704955941,13.313762787222744,2.0000000000000426,2.0000000000000426,4.000000000000085,4.000000000000085,2.0000000000000426,2.0000000000000426,stand
S002_1585,2,-1.6221721725820724,9.13242766220799,2.702705807248808,-0.04561683086458416,0.12180036538364077,0.06258497208398033,0.1612399453843255,0.13391910758856407,0.35040607037996296,0.035135261161442374,0.08819562649512054,0.048822576907805566,13.457305642038868,2.0000000000000426,2.0000000000000426,2.0000000000000426,2.0000000000000426,2.0000000000000426,2.0000000000000426,stand
S011_1585,0,2.6530567882176133,-9.505787430553225,1.8025313879413483,0.009357658800337716,0.30046121921015134,0.04914081507844099,0.19377518352741585,0.06656040462111196,0.1567819050920015,0.03826925321223583,0.233963544939606,0.06806492377508706,13.961375606712187,2.0000000000000426,2.0000000000000426,2.0000000000000426,2.0000000000000426,2.0000000000000426,2.0000000000000426,stand
S011_1585,1,2.561299092493274,-9.49570919706983,2.0723457231212548,0.01878300326937886,0.3011016522673226,0.06444871998929613,0.19673500422872345,0.03661756847852523,0.18835422617009367,0.03190396169839667,0.23327497838491196,0.03939215089271993,14.129354012684358,2.0000000000000426,2.0000000000000426,2.0000000000000426,2.0000000000000426,2.0000000000000426,2.0000000000000426,stand
S011_1585,2,2.3898939886434682,-9.467827717432248,2.2028635380817247,-0.00863475856089197,0.07033447718630129,0.026070933446574934,0.061166285989147494,0.012527916103433168,0.07240901270146131,0.020259108020867216,0.06403185984951955,0.021781665988373174,14.060585244157439,2.0000000000000426,4.000000000000085,2.0000000000000426,2.0000000000000426,6.000000000000128,2.0000000000000426,stand
S013_1585,0,1.2257986289709144,-9.528562341284964,2.9044036100785893,0.005989443394422269,0.11212722329336948,0.017488152195823583,0.06398665804896057,0.04904938235417011,0.08344913341756413,0.01954390796830279,0.055407960469604486,0.031217052645720063,13.658764580334465,2.0000000000000426,4.000000000000085,4.000000000000085,2.0000000000000426,2.0000000000000426,2.0000000000000426,stand
S013_1585,1,1.1227856937869105,-9.515196611446134,2.9316303141153957,-0.007883941613534192,0.09157986183347049,0.020531549634317216,0.08051315321803715,0.025017360588988912,0.0858823857987062,0.021165658514126526,0.05400939322865649,0.03446713911779352,13.569612619348442,2.0000000000000426,4.000000000000085,2.0000000000000426,4.000000000000085,2.0000000000000426,2.0000000000000426,stand
S013_1585,2,1.089999953659491,-9.535666638690444,3.035842850884398,-0.03447212683467973,-0.00444610912003777,0.035412188800161094,0.08467967256411081,0.04185387747270213,0.10121559959466916,0.02262081881680726,0.11792668662504752,0.02473773393436103,13.661509443234332,4.000000000000085,4.000000000000085,4.000000000000085,2.0000000000000426,2.0000000000000426,2.0000000000000426,stand
S101_1585,0,1.4337634829913448,-9.361517822454925,3.366873155711505,-0.0357338926730349,-0.11097868191660183,0.007812793345979447,0.08929731579143345,0.028447018044231966,0.10477318661006442,0.01817482303863355,0.0948945767180975,0.02260509000131622,14.162154461157774,2.0000000000000426,4.000000000000085,2.0000000000000426,2.0000000000000426,2.0000000000000426,2.0000000000000426,stand
S101_1585,1,1.5569808595026504,-9.385719253297205,3.3042476111913404,-0.030956773670051774,-0.11416956467246182,0.0023530858520357063,0.09087860712204628,0.02191922601186835,0.1192937362100226,0.03574459022771389,0.1024931559266339,0.016750161066310672,14.246947723991193,2.0000000000000426,4.000000000000085,2.0000000000000426,2.0000000000000426,2.0000000000000426,2.0000000000000426,stand
S101_1585,2,1.659658073939665,-9.400672483328544,3.221079257001254,-0.013256146381765397,-0.028217986652096544,0.014909284089429575,0.04121334585794592,0.011107588815336158,0.12554228298771783,0.039343911266206275,0.06659824720276476,0.011290222457568427,14.281409814269464,2.0000000000000426,2.0000000000000426,2.0000000000000426,2.0000000000000426,4.000000000000085,2.0000000000000426,stand
S102_1585,0,1.394580302952779,-9.634603465703673,2.4115239911260047,0.002097353801807712,-0.07997397727643417,0.023032747032899595,0.05335726964444834,0.051668138723338114,0.06135984998606264,0.022103527381310765,0.10577497347883541,0.02190765345118175,13.440707759782459,2.0000000000000426,2.0000000000000426,2.0000000000000426,4.000000000000085,2.0000000000000426,2.0000000000000426,stand
S102_1585,1,1.4165289797398801,-9.659855535766518,2.464847377933793,0.038749236078221914,-0.17026014079968188,0.05470845989305746,0.08819908644018895,0.03237111464330817,0.0784649371694915,0.033077312299309866,0.08713192457642252,0.03362733183490777,13.541231893440191,2.0000000000000426,4.000000000000085,2.0000000000000426,2.0000000000000426,2.0000000000000426,2.0000000000000426,stand
S102_1585,2,1.5015235885355145,-9.640196355512094,2.4765145047368136,0.027655781093989425,-0.10076318828409976,0.05613808750677023,0.07435823948247423,0.031170899951213263,0.055235195348062385,0.04357548947935114,0.10625879148141591,0.029228671467305435,13.618234448784424,2.0000000000000426,2.0000000000000426,2.0000000000000426,2.0000000000000426,2.0000000000000426,2.0000000000000426,stand
S103_1585,0,2.0930321758679375,-9.379175322111553,3.016228472514395,0.0015766262783882706,0.00033988150911598325,0.008531681485290711,0.05666742067217218,0.030321653300062576,0.03277401002155603,0.02528965291644963,0.011780868455152856,0.013167762557568612,14.488435970493889,2.0000000000000426,2.0000000000000426,2.0000000000000426,2.0000000000000426,2.0000000000000426,2.0000000000000426,stand
S103_1585,1,2.1430075087020746,-9.347915660519753,3.0490152633010865,0.016591669608976144,-0.005670427962099437,0.02293195219064399,0.044514246855216225,0.02435940282614751,0.015282926843841005,0.013861041202875337,0.010107285900792571,0.011672215009905972,14.539938432522911,2.0000000000000426,2.0000000000000426,4.000000000000085,2.0000000000000426,2.0000000000000426,2.0000000000000426,stand
S103_1585,2,2.158036760545842,-9.328591623378708,3.0683030243632397,0.001039274543445845,-0.003663143903546313,0.02188147176555571,0.026215875015225203,0.027242497983764966,0.02423567698453078,0.013973163708308173,0.008724611291145505,0.009777824265049978,14.55493140828779,2.0000000000000426,6.000000000000128,2.0000000000000426,2.0000000000000426,2.0000000000000426,2.0000000000000426,stand
S111_1585,0,2.487691970952352,-9.130673124051793,2.897951701261426,-0.05966061209238182,0.256082429385388,0.14494200486398656,0.19603742728981322,1.5883216503611188,1.1535719932068578,0.0677800189303595,0.2223028232488578,0.8251925219980409,14.516316796265569,4.000000000000085,2.0000000000000426,2.0000000000000426,4.000000000000085,4.000000000000085,2.0000000000000426,stand
S111_1585,1,2.312376047010779,-9.483069245407457,3.3068287162572756,-0.06402106701923946,-0.3254581144446806,0.4278526450545585,0.3920317149700083,1.6363581172532946,0.9544812919508112,0.06773727373447498,0.625231703648403,0.6528501151194602,15.102274008675511,2.0000000000000426,2.0000000000000426,2.0000000000000426,4.000000000000085,2.0000000000000426,2.0000000000000426,stand
S111_1585,2,2.6932473445117586,-9.042630466096611,3.666236558626754,-0.022256987213004748,-0.548124225767584,0.029221126063650345,0.9087114354243038,1.7613928578116995,1.6257340158703382,0.1693216318735814,0.5190629589615299,0.36584909723853437,15.402114369235118,2.0000000000000426,2.0000000000000426,2.0000000000000426,2.0000000000000426,4.000000000000085,2.0000000000000426,stand
S112_1585,0,1.8439170845528552,-9.577777570638167,2.323475892329358,-0.09380054042448226,-0.8561257624507189,0.0028880217543740473,0.47026979833643223,0.039109142525531514,0.6645784449328898,0.06086994571951087,0.6261127454663905,0.03662176979558341,13.74517054752038,2.0000000000000426,2.0000000000000426,2.0000000000000426,2.0000000000000426,2.0000000000000426,2.0000000000000426,stand
S112_1585,1,2.3673635282230685,-9.594323798345895,1.649158859290178,-0.07983105558690715,-0.6805930778879454,-0.012829617567102585,0.38422311223683303,0.02913136257294631,0.5161572192415261,0.06945404591258454,0.7580506814441449,0.029144556527530025,13.610846185859144,2.0000000000000426,4.000000000000085,2.0000000000000426,2.0000000000000426,2.0000000000000426,2.0000000000000426,stand
S112_1585,2,2.5832601646157385,-9.586365969710599,1.4561520767563174,-0.015816903226467394,0.04850941369251956,0.002964048211089756,0.058127203878580475,0.022859120521040825,0.1452549368907699,0.008712626586444117,0.1084714979137533,0.019495118769222657,13.625778211082652,4.000000000000085,2.0000000000000426,2.0000000000000426,2.0000000000000426,2.0000000000000426,2.0000000000000426,stand
S113_1585,0,1.946525101158185,-9.554981375831536,2.3798465253954633,-0.056758338539710546,-0.3653203927659203,0.04025927542702947,0.24707855670563358,0.049650327277355126,0.23965141599179873,0.07711265441335462,0.4881383366987582,0.01484935317429888,13.881353002385186,4.000000000000085,4.000000000000085,4.000000000000085,2.0000000000000426,2.0000000000000426,2.0000000000000426,stand
S113_1585,1,2.080128271746612,-9.61112288607654,2.05721353474683,-0.060468506743411664,-0.33946584369311306,0.04113292730946112,0.3473530183591866,0.07069955468763676,0.3224434613187905,0.07575976859758272,0.5186329193216979,0.014528646545645967,13.74846469256998,2.0000000000000426,2.0000000000000426,2.0000000000000426,2.0000000000000426,2.0000000000000426,2.0000000000000426,stand
S113_1585,2,2.310493575421399,-9.638550438300092,1.8386720423165954,-0.008290464384165681,-0.003433594553511574,0.021640074927275207,0.2110044878085225,0.03487970508470696,0.05432262723600212,0.026589074275023102,0.19241046283345128,0.015506877993926886,13.787716056038084,4.000000000000085,2.0000000000000426,4.000000000000085,6.000000000000128,4.000000000000085,2.0000000000000426,stand
T001_1585,0,-1.3834832036082017,9.360250678627098,1.869219810299264,-0.0023195352983667373,-0.015732189869331295,0.01605478570574007,0.026067110322213406,0.02028361937717271,0.057053595729332884,0.016193317309013945,0.015341090202941996,0.0065612246237065274,12.612953692534566,2.0000000000000426,4.000000000000085,4.000000000000085,2.0000000000000426,2.0000000000000426,2.0000000000000426,stand
T001_1585,1,-1.371332192838922,9.42242745204719,1.8492743159906733,0.0026369050728475185,0.005668564128829273,0.02517938565581509,0.07878083343453897,0.17880051001900538,0.06538153276530084,0.02747441834691771,0.023421108976898114,0.018195023298601867,12.643033960876785,4.000000000000085,2.0000000000000426,2.0000000000000426,2.0000000000000426,2.0000000000000426,2.0000000000000426,stand
T001_1585,2,-1.42589038991986,9.213718658156553,2.140574274337687,-0.007925737612334408,0.1947759397454208,0.10331114208348621,0.1272882031700946,0.3913141270268485,0.3603842836056797,0.08353470038850026,0.22050726174381283,0.09847796368838266,12.7801833224141,2.0000000000000426,2.0000000000000426,2.0000000000000426,2.0000000000000426,2.0000000000000426,2.0000000000000426,stand
T002_1585,0,-1.593619902398097,9.259879542539263,2.1547401004415616,-0.017652036366885244,0.022947689701756157,0.024502624251701636,0.031655749397665946,0.031326251522109556,0.04160714451009399,0.011030781219259322,0.00890855398177587,0.012071894075123771,13.008239545378922,2.0000000000000426,4.000000000000085,2.0000000000000426,2.0000000000000426,4.000000000000085,2.0000000000000426,stand
T002_1585,1,-1.570348532382868,9.247599697524503,2.17839324569421,-0.020313205259701216,0.02652722847046375,0.021191004043502156,0.025371636894266334,0.017510748159236485,0.055552548660939484,0.009627697565558077,0.012222973187254096,0.008318912132176559,12.996341475601582,2.0000000000000426,6.000000000000128,2.0000000000000426,2.0000000000000426,2.0000000000000426,2.0000000000000426,stand
T002_1585,2,-1.5834493316506262,9.251213219347283,2.1944849490807403,-0.0057913614092876785,0.0042136019319904735,0.02244034979911859,0.03303530357871737,0.028583512539437392,0.05390123747411812,0.01314410714276415,0.034471065389212,0.00703696495317866,13.02914750007865,2.0000000000000426,4.000000000000085,4.000000000000085,2.0000000000000426,2.0000000000000426,2.0000000000000426,stand
T003_1585,0,-1.4431885118337222,9.299932853111875,1.9856580090243023,-0.005357779881260824,0.006324764883482658,0.02802916532711741,0.06379989982857733,0.02915908730235675,0.04193187369415646,0.0033363362155549373,0.013936808223045823,0.009167203382963887,12.728779373969898,2.0000000000000426,4.000000000000085,2.0000000000000426,4.000000000000085,2.0000000000000426,2.0000000000000426,stand
T003_1585,1,-1.4267819147442453,9.301542330136817,1.9841034598129854,-0.008383755457746998,0.020163876833703413,0.031041936647835833,0.04210308118703146,0.026992723089632745,0.044287643936083324,0.004985970869347224,0.010049684006904466,0.006725761627879537,12.712427704694049,2.0000000000000426,4.000000000000085,2.0000000000000426,2.0000000000000426,2.0000000000000426,2.0000000000000426,stand
T003_1585,2,-1.436955105695622,9.279526324379168,1.9709304312975204,-0.010207116940095358,0.03296198988184812,0.030571350113324916,0.07950301162093225,0.08979242849104652,0.08880369625397594,0.014646521545894638,0.02711728551916219,0.01462129507283254,12.687411861372311,4.000000000000085,6.000000000000128,4.000000000000085,4.000000000000085,2.0000000000000426,2.0000000000000426,stand
T011_1585,0,2.1119362945412483,-9.298459125317306,3.1289889327748734,0.013074235533648108,-0.0017125564068098456,0.019385127155371558,0.018740918947687726,0.015604512256173868,0.022717740610812838,0.0012832654663356277,0.012111019345427037,0.00480437843636458,14.539384352633427,4.000000000000085,4.000000000000085,2.0000000000000426,4.000000000000085,4.000000000000085,4.000000000000085,stand
T011_1585,1,2.1128432626967055,-9.293404132009734,3.16128118383585,-0.0023677322721644173,0.012070730378903357,0.02342774347211369,0.039781892095379516,0.014291444776471032,0.027679527578043595,0.018941881234688776,0.017422848930105733,0.0055949955736143255,14.567528578542289,4.000000000000085,4.000000000000085,2.0000000000000426,2.0000000000000426,4.000000000000085,4.000000000000085,stand
T011_1585,2,2.0716961477649307,-9.31383076909221,3.1731280155961157,-0.018930259244143034,0.00852593837009571,0.026526758674876593,0.057323645031087785,0.0295963986023457,0.018494821517070846,0.012453966043057886,0.020581456405722592,0.007365921082990548,14.558654932453255,2.0000000000000426,2.0000000000000426,2.0000000000000426,4.000000000000085,2.0000000000000426,4.000000000000085,stand
T012_1585,0,1.1770330868359788,-9.477765752851589,3.173567955954033,-0.04399076894377754,0.017777249277300986,0.03563336565722246,0.0980540583177718,0.055287220130933325,0.093224022422829,0.023502611861145977,0.04649827999073401,0.02461622686412861,13.8283667956416,2.0000000000000426,2.0000000000000426,2.0000000000000426,2.0000000000000426,2.0000000000000426,2.0000000000000426,stand
T012_1585,1,1.1431030610863655,-9.481619111360121,3.131628811311059,-0.04622963530827006,-0.002306828581535556,0.04938232063297514,0.07959921130743366,0.046460282242623635,0.11260853354544044,0.02936580762055493,0.06458825204320691,0.015557779691119074,13.756350983757546,2.0000000000000426,4.000000000000085,4.000000000000085,2.0000000000000426,2.0000000000000426,4.000000000000085,stand
T012_1585,2,1.1824118910801942,-9.493710202200496,3.0635095419546343,-0.020761714957580845,0.007824643332350625,0.04333634138584015,0.07691827570226323,0.06022120938417814,0.06099136199923501,0.024887693159728157,0.05960098580422098,0.005840999108890007,13.739631635235325,2.0000000000000426,4.000000000000085,4.000000000000085,2.0000000000000426,4.000000000000085,4.000000000000085,stand
T013_1585,0,1.7283654295658482,-9.624252797582141,2.2694435956480286,0.001499897593466193,-0.0007886382772965162,0.024016902382864053,0.012182453762861763,0.012485660511114069,0.022168708263264305,0.003085068781790464,0.007815550994497808,0.0030252930834797783,13.622061822796018,4.000000000000085,6.000000000000128,2.0000000000000426,4.000000000000085,4.000000000000085,2.0000000000000426,stand
T013_1585,1,1.7129176045941612,-9.623111100583248,2.286057706155096,-0.002275265330090663,-0.006535218267516534,0.022012593089404456,0.0180300147914054,0.009785440951833433,0.014530952877926865,0.0030118139094741027,0.0064545759667338064,0.005498935447288641,13.622086411332505,2.0000000000000426,4.000000000000085,4.000000000000085,2.0000000000000426,2.0000000000000426,2.0000000000000426,stand
T013_1585,2,1.7278341654997909,-9.635673216358418,2.2918659880353403,-0.005358557960078718,-0.007737548210096295,0.02117039019612052,0.032111307849513944,0.021115305699485734,0.024351461374204006,0.0018256082170480835,0.01077784757495375,0.005596156635445094,13.65537336989355,2.0000000000000426,2.0000000000000426,4.000000000000085,4.000000000000085,2.0000000000000426,4.000000000000085,stand
T101_1585,0,1.6804901946710953,-9.40000338801971,3.100167937195985,-0.0314081282263738,0.07235439517937994,-0.0037272650159219734,0.04798873151310897,0.01359306914246682,0.02549305327200776,0.007626572510332865,0.028431027395126037,0.004969650427331496,14.180661519886792,2.0000000000000426,2.0000000000000426,2.0000000000000426,2.0000000000000426,2.0000000000000426,4.000000000000085,stand
T101_1585,1,1.7003486168152733,-9.405088157935737,3.1050339241998213,-0.030164017022996953,0.0776408130482374,-0.009796339837858731,0.04516032997528076,0.014359062753302997,0.022105945757023016,0.009376336518760296,0.026714219413008146,0.007500734912336747,14.210470698950829,4.000000000000085,2.0000000000000426,4.000000000000085,2.0000000000000426,2.0000000000000426,2.0000000000000426,stand
T101_1585,2,1.6919466281515287,-9.415658372912995,3.100238213757562,-0.011794247359417552,0.017690438980112938,-0.0007317226152022949,0.0406796110374376,0.023992013748386068,0.02753279677648531,0.015374814174584717,0.048954731311177425,0.019324931746720484,14.207843214822088,2.0000000000000426,2.0000000000000426,4.000000000000085,2.0000000000000426,2.0000000000000426,2.0000000000000426,stand
T102_1585,0,1.7938586283743971,-9.547928631497479,2.541057145526322,-0.005211666458874631,-0.0022147747920166112,0.01622727459903532,0.023303454628259054,0.012199667751964637,0.01661225874487057,0.0074732400680791395,0.0273359870143022,0.007185913173769522,13.882844405398194,2.0000000000000426,4.000000000000085,4.000000000000085,2.0000000000000426,2.0000000000000426,2.0000000000000426,stand
T102_1585,1,1.8399982798390937,-9.53780655819906,2.5321849380809023,-0.00015634674285213476,-0.025841705180039577,0.012971162441253776,0.05328390512561716,0.020659644927586752,0.021820600455629058,0.00573353117979707,0.02049390182035446,0.004626225315902904,13.909989776119053,2.0000000000000426,2.0000000000000426,2.0000000000000426,2.0000000000000426,2.0000000000000426,2.0000000000000426,stand
T102_1585,2,1.8635128819740645,-9.52672473849501,2.524779057787876,-0.0010231935649403711,-0.01055602283467758,0.013728873289426891,0.04562029136802247,0.020755575697441297,0.01276920715446693,0.005139458121919578,0.026379783864263526,0.0042202216374301734,13.915016678256952,4.000000000000085,2.0000000000000426,4.000000000000085,4.000000000000085,2.0000000000000426,2.0000000000000426,stand
T103_1585,0,1.9268784242591335,-9.532110398412101,2.500706645067315,-0.010860394385558863,-0.0059489341795175375,0.00866902757572554,0.04491136572381348,0.01455072942591922,0.02708134014993971,0.005705786279860901,0.017140876379140028,0.01654467467466002,13.95969546773855,2.0000000000000426,2.0000000000000426,2.0000000000000426,2.0000000000000426,2.0000000000000426,2.0000000000000426,stand
T103_1585,1,1.9336018697620443,-9.532154462688199,2.482268417067045,-0.015413662126519644,-0.002235805476260786,0.026140517647247972,0.022225669030506812,0.01684888608798054,0.010390354415517783,0.003925863222811717,0.015568585552613364,0.013308166186611414,13.948024749517288,2.0000000000000426,2.0000000000000426,4.000000000000085,2.0000000000000426,2.0000000000000426,2.0000000000000426,stand
T103_1585,2,1.9846850886577345,-9.520788904910974,2.427836997438099,-0.028508193289410393,-0.0172245394184285,0.04190691865005026,0.08489764594146984,0.031805449935046685,0.08118169315988254,0.02218519700619782,0.022508260162135668,0.02035698171709154,13.933310991006804,2.0000000000000426,4.000000000000085,2.0000000000000426,2.0000000000000426,2.0000000000000426,2.0000000000000426,stand
T111_1585,0,1.2031192631588603,-9.558225161237186,2.8317121620132286,0.03438664527344974,-0.012847946022790236,0.016121534852491265,0.04220804689946944,0.0594722193298118,0.09367751539093193,0.01993442770508245,0.016132794710372673,0.014715105502339959,13.593056586409277,2.0000000000000426,2.0000000000000426,2.0000000000000426,2.0000000000000426,4.000000000000085,2.0000000000000426,stand
T111_1585,1,1.2088196832818492,-9.529704800241483,2.8292040656900883,0.0033411529942881752,-0.005579042749720198,0.01481969933027353,0.073748127301951,0.03166700366390841,0.10344499575342841,0.043777023563909084,0.013243772827881336,0.016781888111310164,13.567728549213419,2.0000000000000426,2.0000000000000426,2.0000000000000426,2.0000000000000426,2.0000000000000426,2.0000000000000426,stand
T111_1585,2,1.1863655100136463,-9.553629867146912,2.8697517210206303,-0.019475018923373978,0.008721624986920957,0.02766679362710166,0.09249194557431271,0.02163899138073618,0.08559993867530127,0.021497421329889972,0.01412383652331309,0.028561399062934853,13.60974709818119,2.0000000000000426,4.000000000000085,2.0000000000000426,2.0000000000000426,2.0000000000000426,2.0000000000000426,stand
T112_1585,0,1.384787564614943,-9.487289422573102,2.9953661300318295,-0.015511598559447498,-0.0027024149955030678,0.018437978339052922,0.03209907608284932,0.029316667844621173,0.04895568620728194,0.00964979437272765,0.007915839247623364,0.006206152744648326,13.867443117219874,2.0000000000000426,2.0000000000000426,2.0000000000000426,2.0000000000000426,4.000000000000085,2.0000000000000426,stand
T112_1585,1,1.3795890083186557,-9.505318405717436,2.9924535106560164,-0.015420777393837822,-0.008963064232406582,0.02410633472047036,0.03213545061792909,0.02512470935505855,0.04619388424590399,0.009068684040441618,0.006971839653727018,0.010800367496973847,13.877360924692109,2.0000000000000426,4.000000000000085,2.0000000000000426,2.0000000000000426,2.0000000000000426,2.0000000000000426,stand
T112_1585,2,1.4000768441480809,-9.493079274049373,2.9802270726421822,-0.006626165496942178,-0.010037410409199152,0.032121746633571396,0.03419136565744398,0.0267457614905504,0.04618021065112243,0.004585082234707661,0.007186519916784903,0.005873698362946785,13.873383190839636,2.0000000000000426,2.0000000000000426,4.000000000000085,4.000000000000085,2.0000000000000426,2.0000000000000426,stand
T113_1585,0,1.13442648721224,-9.616841601619274,2.7215938261171386,-0.01986423656136576,0.05722715121228215,0.03335227810219987,0.06575648943624778,0.036362977824017734,0.028008753435599876,0.01198064099410148,0.02259888109737106,0.015166222219470452,13.47286191494865,2.0000000000000426,4.000000000000085,2.0000000000000426,2.0000000000000426,2.0000000000000426,2.0000000000000426,stand
T113_1585,1,1.163859618661046,-9.590847547878633,2.73889354926527,-0.04461864112932884,-0.05758413681380966,0.09948821891204307,0.10754476259140194,0.0701041115831503,0.17850914656896313,0.0309932937895247,0.24079642997907905,0.08701423256039836,13.49360071580495,2.0000000000000426,4.000000000000085,4.000000000000085,2.0000000000000426,4.000000000000085,2.0000000000000426,stand
T113_1585,2,1.274571856253654,-9.391279426208625,2.9149406585341815,0.04650892255313757,-0.4560742157868715,0.23240146593135935,0.19848983200841364,0.38709202264230275,0.28543979183488744,0.12096684379104142,0.4747689310576909,0.08873372923959325,13.580791940996457,4.000000000000085,4.000000000000085,2.0000000000000426,2.0000000000000426,2.0000000000000426,2.0000000000000426,stand
